user,H_decision,H_change,p_up,p_change,p_up_mkt_up,p_down_mkt_down,p_repeat_success,p_change_fail,n_decisions,cluster
3,1.0,1.0,0.5,0.5,0.47368421052631576,0.4,0.46153846153846156,0.45454545454545453,24,0
5,1.0,0.964078764808229,0.5,0.6111111111111112,0.6666666666666666,0.6190476190476191,0.5238095238095238,0.8,72,0
6,0.997772472089982,0.954434002924965,0.5277777777777778,0.625,0.6842105263157895,0.6470588235294117,0.5348837209302326,0.8620689655172413,72,0
7,0.9910760598382222,0.997772472089982,0.5555555555555556,0.5277777777777778,0.625,0.53125,0.5555555555555556,0.6111111111111112,72,0
8,0.9582407282588408,0.9964196342978481,0.6197183098591549,0.4647887323943662,0.7954545454545454,0.6666666666666667,0.7272727272727273,0.7777777777777778,71,0
9,0.943601631299382,1.0,0.6388888888888888,0.5,0.9565217391304348,0.9230769230769231,1.0,0.9,72,0
10,0.8708644692353644,0.9949848281859701,0.7083333333333334,0.5416666666666666,0.7894736842105263,0.6,0.6666666666666667,0.8888888888888888,24,0
11,0.9883779727795041,0.9929768866085174,0.43661971830985913,0.5492957746478874,0.4,0.5365853658536586,0.43243243243243246,0.5294117647058824,71,0
12,0.5435644431995964,0.8112781244591328,0.875,0.25,0.8333333333333334,0.08333333333333337,0.7272727272727273,0.23076923076923078,24,1
13,0.9949848281859701,0.9182958340544896,0.5416666666666666,0.3333333333333333,0.75,0.71875,0.8085106382978724,0.6,72,0
14,0.997772472089982,0.9798687566511528,0.4722222222222222,0.4166666666666667,0.375,0.44999999999999996,0.5,0.3,72,0
15,0.9826154285526119,0.9964196342978481,0.5774647887323944,0.5352112676056338,0.7368421052631579,0.6060606060606061,0.625,0.7419354838709677,71,0
16,0.997772472089982,1.0,0.4722222222222222,0.5,0.5454545454545454,0.6428571428571428,0.59375,0.575,72,0
17,0.7382848661434506,0.8708644692353644,0.7916666666666666,0.2916666666666667,0.9285714285714286,0.4,0.8947368421052632,0.5,72,1
18,0.9798687566511528,0.9182958340544896,0.5833333333333334,0.3333333333333333,0.7692307692307693,0.6363636363636364,0.8461538461538461,0.5454545454545454,24,0
20,0.9798687566511528,1.0,0.4166666666666667,0.5,1.0,0.8235294117647058,0.8461538461538461,0.9090909090909091,24,0
22,0.9852281360342515,0.9994110647387552,0.5714285714285714,0.4857142857142857,0.7391304347826086,0.75,0.736842105263158,0.75,70,0
23,0.8708644692353644,1.0,0.7083333333333334,0.5,0.9285714285714286,0.6,0.8181818181818181,0.7692307692307693,24,0
24,0.8760643678555242,0.9359407149555171,0.704225352112676,0.352112676056338,0.7555555555555555,0.3846153846153846,0.7714285714285715,0.4722222222222222,71,1
25,0.9860400318404434,0.997772472089982,0.5694444444444444,0.5277777777777778,0.48484848484848486,0.3589743589743589,0.40476190476190477,0.43333333333333335,72,0
26,0.9037762882345832,0.9798687566511528,0.6805555555555556,0.4166666666666667,0.7631578947368421,0.4117647058823529,0.6756756756756757,0.5142857142857142,72,0
27,0.978070970973496,0.9876925088958034,0.5869565217391305,0.43478260869565216,0.75,0.6666666666666667,0.7241379310344828,0.7058823529411765,46,0
28,0.972552316568843,0.964078764808229,0.5972222222222222,0.3888888888888889,0.8636363636363636,0.8214285714285714,0.9230769230769231,0.7575757575757576,72,0
29,0.9910760598382222,0.9949848281859701,0.5555555555555556,0.4583333333333333,0.627906976744186,0.5517241379310345,0.6470588235294117,0.5526315789473685,72,0
31,0.9798687566511528,0.9949848281859701,0.4166666666666667,0.4583333333333333,0.46153846153846156,0.6363636363636364,0.5714285714285714,0.5,24,0
32,0.8325582396745668,0.943601631299382,0.7361111111111112,0.3611111111111111,0.8461538461538461,0.3939393939393939,0.7777777777777778,0.5,72,1
33,0.992563136012236,0.9998484829291058,0.5507246376811594,0.4927536231884058,0.6585365853658537,0.6071428571428572,0.625,0.6551724137931034,69,0
34,0.9886994082884974,0.9377342939868041,0.5625,0.6458333333333334,0.8571428571428571,0.85,0.7083333333333333,1.0,48,0
36,0.972552316568843,0.9315627684809642,0.5972222222222222,0.3472222222222222,0.631578947368421,0.4411764705882353,0.675,0.375,72,0
37,0.9860400318404434,1.0,0.5694444444444444,0.5,0.5348837209302325,0.3793103448275862,0.475,0.46875,72,0
38,0.7885131605379785,0.964078764808229,0.7638888888888888,0.3888888888888889,0.8108108108108109,0.2857142857142857,0.6764705882352942,0.4473684210526316,72,1
39,0.8524051786494786,0.9182958340544896,0.7222222222222222,0.3333333333333333,0.8367346938775511,0.5217391304347826,0.8536585365853658,0.5806451612903226,72,1
40,0.8879763195151349,0.9182958340544896,0.6944444444444444,0.3333333333333333,0.813953488372093,0.48275862068965514,0.8205128205128205,0.5151515151515151,72,1
41,0.9798687566511528,0.999443333090299,0.5833333333333334,0.4861111111111111,0.725,0.59375,0.6666666666666667,0.6666666666666666,72,0
42,0.9756797868933085,0.1851247601005459,0.5915492957746479,0.028169014084507043,0.6730769230769231,0.631578947368421,1.0,0.07692307692307693,71,1
43,0.6500224216483541,0.9182958340544896,0.16666666666666666,0.3333333333333333,0.3333333333333333,1.0,1.0,0.5,24,0
44,0.5813214987637028,0.7382848661434506,0.8611111111111112,0.20833333333333334,0.9583333333333334,0.33333333333333337,0.9333333333333333,0.4444444444444444,72,1
45,0.9929768866085174,0.9987117514654893,0.5492957746478874,0.4788732394366197,0.6052631578947368,0.5151515151515151,0.59375,0.5384615384615384,71,0
46,0.9315627684809642,0.9182958340544896,0.6527777777777778,0.3333333333333333,0.7352941176470589,0.42105263157894735,0.6976744186046512,0.3793103448275862,72,1
47,0.10559103637519526,0.18312206830137276,0.9861111111111112,0.027777777777777776,0.9714285714285714,0.0,0.9705882352941176,0.02631578947368421,72,1
48,0.6554444445609847,0.8760643678555242,0.8309859154929577,0.29577464788732394,0.8666666666666667,0.23076923076923073,0.8,0.41935483870967744,71,1
49,0.9998568991526107,0.9987117514654893,0.5070422535211268,0.4788732394366197,0.5813953488372093,0.6071428571428572,0.6111111111111112,0.5714285714285714,71,0
50,0.972552316568843,0.9910760598382222,0.5972222222222222,0.4444444444444444,0.7631578947368421,0.5882352941176471,0.7428571428571429,0.6216216216216216,72,0
51,0.9860400318404434,0.9949848281859701,0.5694444444444444,0.5416666666666666,0.625,0.5,0.5277777777777778,0.6111111111111112,72,0
52,0.954434002924965,0.9949848281859701,0.625,0.4583333333333333,0.7777777777777778,0.5277777777777778,0.7058823529411764,0.6052631578947368,72,0
53,0.9275265884316759,0.9275265884316759,0.6571428571428571,0.34285714285714286,0.8048780487804879,0.5517241379310345,0.7777777777777778,0.56,70,0
54,0.8879763195151349,0.8524051786494786,0.6944444444444444,0.2777777777777778,0.717948717948718,0.33333333333333337,0.7714285714285715,0.32432432432432434,72,1
55,0.8168114277045246,0.8930108100446013,0.7464788732394366,0.30985915492957744,0.8918918918918919,0.4117647058823529,0.8378378378378378,0.47058823529411764,71,1
56,0.9359407149555171,0.9964196342978481,0.647887323943662,0.4647887323943662,0.8285714285714286,0.5277777777777778,0.7272727272727273,0.631578947368421,71,0
57,0.9860400318404434,0.954434002924965,0.5694444444444444,0.375,0.7560975609756098,0.6774193548387097,0.8048780487804879,0.6129032258064516,72,0
58,0.9910760598382222,0.943601631299382,0.5555555555555556,0.3611111111111111,0.7435897435897436,0.6666666666666667,0.8048780487804879,0.5806451612903226,72,0
59,0.964078764808229,0.997772472089982,0.6111111111111112,0.4722222222222222,0.7906976744186046,0.6551724137931034,0.7317073170731707,0.7419354838709677,72,0
60,0.9182958340544896,0.9031161721568719,0.6666666666666666,0.3188405797101449,0.8,0.5172413793103448,0.8787878787878788,0.5,69,1
62,0.972552316568843,0.964078764808229,0.5972222222222222,0.3888888888888889,0.7804878048780488,0.6451612903225806,0.7608695652173914,0.6538461538461539,72,0
64,0.9037762882345832,0.999443333090299,0.6805555555555556,0.5138888888888888,0.7837837837837838,0.4285714285714286,0.5897435897435898,0.6363636363636364,72,0
65,0.9860400318404434,0.999443333090299,0.5694444444444444,0.5138888888888888,0.7575757575757576,0.5897435897435898,0.641025641025641,0.696969696969697,72,0
66,1.0,0.9949848281859701,0.5,0.4583333333333333,0.6666666666666666,0.7777777777777778,0.7142857142857143,0.7,72,0
67,0.8786744932173093,0.9918207974218424,0.7021276595744681,0.44680851063829785,0.6363636363636364,0.24,0.47619047619047616,0.38461538461538464,47,0
69,0.8325582396745668,0.9182958340544896,0.7361111111111112,0.3333333333333333,0.7142857142857143,0.23333333333333328,0.6511627906976745,0.3103448275862069,72,1
70,0.710676853856123,0.9315627684809642,0.8055555555555556,0.3472222222222222,0.8461538461538461,0.30000000000000004,0.7906976744186046,0.5517241379310345,72,1
71,0.9998568991526107,0.9998568991526107,0.5070422535211268,0.5070422535211268,0.7297297297297297,0.7352941176470589,0.75,0.717948717948718,71,0
72,0.9786961448300947,0.9994110647387552,0.5857142857142857,0.4857142857142857,0.6176470588235294,0.4444444444444444,0.5483870967741935,0.5128205128205128,70,0
73,0.9860400318404434,0.9949848281859701,0.4305555555555556,0.5416666666666666,0.375,0.5,0.40909090909090906,0.4642857142857143,72,0
74,0.9949848281859701,0.9949848281859701,0.5416666666666666,0.4583333333333333,0.9583333333333334,0.875,0.8666666666666667,1.0,48,0
75,0.9798687566511528,0.9798687566511528,0.5833333333333334,0.4166666666666667,0.8611111111111112,0.6944444444444444,0.8421052631578947,0.7058823529411765,72,0
76,0.9826154285526119,0.9477073729342065,0.5774647887323944,0.36619718309859156,0.5416666666666666,0.34782608695652173,0.6,0.3225806451612903,71,0
77,0.9182958340544896,0.999443333090299,0.6666666666666666,0.5138888888888888,0.7906976744186046,0.5172413793103448,0.6428571428571428,0.7333333333333333,72,0
78,0.9229192878686721,0.9883779727795041,0.6619718309859155,0.43661971830985913,0.8809523809523809,0.6551724137931034,0.8571428571428572,0.7222222222222222,71,0
80,0.8524051786494786,0.9182958340544896,0.7222222222222222,0.3333333333333333,0.7837837837837838,0.34285714285714286,0.7297297297297297,0.4,72,1
81,0.9860400318404434,0.9860400318404434,0.5694444444444444,0.4305555555555556,0.5714285714285714,0.4347826086956522,0.6,0.4594594594594595,72,0
82,0.9910760598382222,0.9949848281859701,0.5555555555555556,0.5416666666666666,0.55,0.4375,0.45945945945945943,0.5428571428571428,72,0
83,0.9860400318404434,0.8879763195151349,0.4305555555555556,0.3055555555555556,0.425531914893617,0.56,0.7142857142857143,0.3181818181818182,72,0
84,0.9910760598382222,0.997772472089982,0.5555555555555556,0.4722222222222222,0.8666666666666667,0.962962962962963,0.8974358974358975,0.9090909090909091,72,0
85,0.9949848281859701,0.9182958340544896,0.4583333333333333,0.6666666666666666,0.7,0.7142857142857143,0.5384615384615384,0.9090909090909091,24,0
86,1.0,0.9182958340544896,0.5,0.3333333333333333,0.5789473684210527,0.5882352941176471,0.736842105263158,0.4117647058823529,72,0
87,0.9182958340544896,0.999443333090299,0.6666666666666666,0.4861111111111111,0.8181818181818182,0.46153846153846156,0.6388888888888888,0.6111111111111112,72,0
88,0.9182958340544896,0.964078764808229,0.6666666666666666,0.3888888888888889,0.8392857142857143,0.9375,0.8863636363636364,0.8214285714285714,72,0
89,0.9377342939868041,0.954434002924965,0.6458333333333334,0.625,0.7407407407407407,0.47619047619047616,0.5,0.7727272727272727,48,0
90,0.999443333090299,0.999443333090299,0.5138888888888888,0.4861111111111111,0.5555555555555556,0.5277777777777778,0.5555555555555556,0.5277777777777778,72,0
91,0.9949848281859701,0.9315627684809642,0.5416666666666666,0.6527777777777778,0.6578947368421053,0.5882352941176471,0.475,0.8125,72,0
92,0.9986359641585718,0.9557589912150009,0.5217391304347826,0.37681159420289856,0.5128205128205128,0.4666666666666667,0.6176470588235294,0.37142857142857144,69,0
93,0.9182958340544896,0.972552316568843,0.6666666666666666,0.4027777777777778,0.6153846153846154,0.2727272727272727,0.5555555555555556,0.3611111111111111,72,0
94,0.943601631299382,0.997772472089982,0.6388888888888888,0.4722222222222222,0.8409090909090909,0.6785714285714286,0.775,0.78125,72,0
96,0.9798687566511528,0.9949848281859701,0.5833333333333334,0.5416666666666666,0.8125,0.6,0.6666666666666667,0.717948717948718,72,0
97,0.999443333090299,0.999443333090299,0.5138888888888888,0.4861111111111111,0.6097560975609756,0.6129032258064516,0.6285714285714286,0.5945945945945946,72,0
99,0.9798687566511528,0.8325582396745668,0.5833333333333334,0.2638888888888889,0.6595744680851063,0.56,0.8611111111111112,0.3888888888888889,72,1
100,0.954434002924965,0.9182958340544896,0.625,0.3333333333333333,0.8181818181818182,0.5384615384615384,0.9,0.5,24,1
101,1.0,0.8112781244591328,0.5,0.75,0.5454545454545454,0.5384615384615384,0.33333333333333337,0.8888888888888888,24,0
103,0.9949848281859701,0.9798687566511528,0.4583333333333333,0.5833333333333334,0.6666666666666666,0.75,0.6153846153846154,0.8181818181818182,24,0
105,0.8708644692353644,0.9949848281859701,0.7083333333333334,0.5416666666666666,0.6,0.11111111111111116,0.4,0.4444444444444444,24,0
106,0.8112781244591328,0.954434002924965,0.75,0.375,0.875,0.5,0.8461538461538461,0.6363636363636364,24,1
107,0.9182958340544896,0.9949848281859701,0.6666666666666666,0.4583333333333333,0.7692307692307693,0.4545454545454546,0.6666666666666667,0.5833333333333334,24,0
108,0.997772472089982,0.9037762882345832,0.4722222222222222,0.3194444444444444,0.7878787878787878,0.7948717948717949,0.8863636363636364,0.6428571428571429,72,0
110,0.9949848281859701,0.7642045065086203,0.4583333333333333,0.7777777777777778,0.5714285714285714,0.7,0.34285714285714286,0.8918918918918919,72,0
111,0.9798687566511528,0.7382848661434506,0.5833333333333334,0.20833333333333334,0.6041666666666666,0.45833333333333337,0.8571428571428572,0.2702702702702703,72,1
112,0.943601631299382,0.9798687566511528,0.6388888888888888,0.4166666666666667,0.7777777777777778,0.5925925925925926,0.8,0.6216216216216216,72,0
113,1.0,0.9949848281859701,0.5,0.4583333333333333,0.6285714285714286,0.6216216216216216,0.65,0.59375,72,0
114,0.8453509366224364,0.9760206482366149,0.7272727272727273,0.4090909090909091,0.8571428571428571,0.5,0.7692307692307692,0.6666666666666666,22,1
115,0.9883779727795041,0.9229192878686721,0.5633802816901409,0.3380281690140845,0.6578947368421053,0.5454545454545454,0.7714285714285715,0.4444444444444444,71,0
116,0.9826154285526119,0.9477073729342065,0.5774647887323944,0.36619718309859156,0.7619047619047619,0.6896551724137931,0.7708333333333334,0.6521739130434783,71,0
117,0.964078764808229,0.9860400318404434,0.6111111111111112,0.4305555555555556,0.9333333333333333,0.9259259259259259,0.9736842105263158,0.8823529411764706,72,0
118,0.8325582396745668,0.9315627684809642,0.7361111111111112,0.3472222222222222,0.8695652173913043,0.5,0.85,0.59375,72,1
119,0.9132401614300725,0.8171387756817723,0.6716417910447762,0.2537313432835821,0.9428571428571428,0.625,0.9285714285714286,0.56,67,1
120,0.8930108100446013,0.9756797868933085,0.6901408450704225,0.4084507042253521,0.875,0.6956521739130435,0.8536585365853658,0.7666666666666667,71,0
122,0.9826154285526119,0.9359407149555171,0.5774647887323944,0.352112676056338,0.6341463414634146,0.5,0.6904761904761905,0.41379310344827586,71,0
123,0.9037762882345832,1.0,0.6805555555555556,0.5,0.8571428571428571,0.5666666666666667,0.6976744186046512,0.7931034482758621,72,0
124,0.9315627684809642,1.0,0.6527777777777778,0.5,0.8611111111111112,0.5555555555555556,0.6829268292682926,0.7419354838709677,72,0
125,0.972552316568843,0.964078764808229,0.4027777777777778,0.3888888888888889,0.40540540540540543,0.6,0.6052631578947368,0.38235294117647056,72,0
126,0.943601631299382,0.9860400318404434,0.6388888888888888,0.4305555555555556,0.75,0.44999999999999996,0.6666666666666667,0.5128205128205128,72,0
127,0.999443333090299,0.943601631299382,0.4861111111111111,0.3611111111111111,0.6363636363636364,0.641025641025641,0.7777777777777778,0.5,72,0
128,0.8879763195151349,0.9949848281859701,0.6944444444444444,0.5416666666666666,0.6388888888888888,0.25,0.41463414634146345,0.4838709677419355,72,0
129,0.943601631299382,0.9315627684809642,0.6388888888888888,0.3472222222222222,0.9024390243902439,0.7096774193548387,0.9473684210526316,0.6764705882352942,72,0
130,0.9229192878686721,0.9883779727795041,0.6619718309859155,0.43661971830985913,0.7560975609756098,0.4666666666666667,0.6666666666666667,0.5862068965517241,71,0
131,0.997772472089982,0.972552316568843,0.5277777777777778,0.4027777777777778,0.6222222222222222,0.6296296296296297,0.7,0.53125,72,0
132,0.9582407282588408,0.9929768866085174,0.6197183098591549,0.4507042253521127,0.8048780487804879,0.6333333333333333,0.7941176470588236,0.6756756756756757,71,0
133,0.954434002924965,1.0,0.625,0.5,0.717948717948718,0.48484848484848486,0.6052631578947368,0.6176470588235294,72,0
134,0.964078764808229,1.0,0.6111111111111112,0.5,0.8157894736842105,0.6176470588235294,0.6818181818181819,0.7857142857142857,72,0
135,0.9949848281859701,0.943601631299382,0.5416666666666666,0.3611111111111111,0.8378378378378378,0.7714285714285715,0.8478260869565217,0.7307692307692307,72,0
136,0.943601631299382,0.943601631299382,0.6388888888888888,0.3611111111111111,0.9090909090909091,0.7857142857142857,0.9090909090909091,0.7857142857142857,72,0
137,0.954434002924965,0.9798687566511528,0.625,0.4166666666666667,0.7142857142857143,0.5,0.6923076923076923,0.5454545454545454,48,0
138,1.0,0.9949848281859701,0.5,0.5416666666666666,0.675,0.71875,0.6571428571428571,0.7297297297297297,72,0
139,0.9910760598382222,0.9860400318404434,0.5555555555555556,0.4305555555555556,0.6744186046511628,0.6206896551724138,0.7105263157894737,0.5882352941176471,72,0
140,0.9037762882345832,0.943601631299382,0.6805555555555556,0.3611111111111111,0.5333333333333333,0.07407407407407407,0.5,0.16666666666666666,72,1
142,0.9798687566511528,0.997772472089982,0.5833333333333334,0.4722222222222222,0.43902439024390244,0.22580645161290325,0.3548387096774194,0.34146341463414637,72,0
143,0.8708644692353644,0.8708644692353644,0.7083333333333334,0.2916666666666667,0.8571428571428571,0.5,0.9166666666666666,0.5,24,1
144,0.9726699911457106,0.9804679314541813,0.5970149253731343,0.417910447761194,0.391304347826087,0.2954545454545454,0.3846153846153846,0.2926829268292683,67,0
146,0.9986359641585718,0.9656361333706098,0.4782608695652174,0.6086956521739131,0.7777777777777778,0.7142857142857143,0.6153846153846154,0.9,23,0
147,0.7382848661434506,0.9182958340544896,0.7916666666666666,0.3333333333333333,0.75,0.16666666666666663,0.6363636363636364,0.3076923076923077,24,1
148,0.8325582396745668,0.964078764808229,0.7361111111111112,0.3888888888888889,0.8297872340425532,0.43999999999999995,0.775,0.59375,72,1
149,0.943601631299382,0.997772472089982,0.6388888888888888,0.5277777777777778,0.6875,0.45833333333333337,0.575,0.65625,72,0
150,0.9037762882345832,0.943601631299382,0.6805555555555556,0.3611111111111111,0.7804878048780488,0.4516129032258065,0.7777777777777778,0.5,72,1
151,0.8879763195151349,0.9910760598382222,0.6944444444444444,0.4444444444444444,0.9347826086956522,0.7307692307692308,0.875,0.84375,72,0
152,0.7885131605379785,0.943601631299382,0.7638888888888888,0.3611111111111111,0.8636363636363636,0.3928571428571429,0.8108108108108107,0.5428571428571428,72,1
153,0.8112781244591328,0.710676853856123,0.75,0.19444444444444445,0.675,0.15625,0.75,0.1388888888888889,72,1
154,0.8930108100446013,0.8760643678555242,0.6901408450704225,0.29577464788732394,0.8085106382978723,0.5416666666666667,0.8260869565217391,0.52,71,1
155,0.954434002924965,0.999443333090299,0.625,0.4861111111111111,0.6041666666666666,0.33333333333333337,0.5263157894736843,0.5,72,0
156,0.9798687566511528,0.9182958340544896,0.4166666666666667,0.3333333333333333,0.8,0.8571428571428572,0.875,0.75,24,0
157,0.999443333090299,0.972552316568843,0.4861111111111111,0.5972222222222222,0.48717948717948717,0.5151515151515151,0.4054054054054054,0.6,72,0
158,0.9684610087601622,0.9798687566511528,0.6041666666666666,0.5833333333333334,1.0,0.8260869565217391,0.8636363636363636,0.9615384615384616,48,0
159,0.9986359641585718,0.9876925088958034,0.5217391304347826,0.43478260869565216,0.6363636363636364,0.5833333333333333,0.6666666666666667,0.5454545454545454,23,0
160,0.964078764808229,0.9910760598382222,0.6111111111111112,0.5555555555555556,0.5581395348837209,0.31034482758620685,0.43137254901960786,0.5238095238095238,72,0
162,0.9798687566511528,0.9949848281859701,0.5833333333333334,0.5416666666666666,0.5428571428571428,0.3783783783783784,0.4347826086956522,0.5,72,0
163,0.9315627684809642,0.9798687566511528,0.6527777777777778,0.4166666666666667,0.6842105263157895,0.38235294117647056,0.6153846153846154,0.45454545454545453,72,0
164,1.0,0.954434002924965,0.5,0.375,0.9,0.7857142857142857,0.9230769230769231,0.7272727272727273,24,0
166,0.9949848281859701,0.9949848281859701,0.5416666666666666,0.5416666666666666,0.5897435897435898,0.5151515151515151,0.5135135135135135,0.6,72,0
167,0.9876925088958034,0.9986359641585718,0.5652173913043478,0.4782608695652174,0.7692307692307693,0.7,0.75,0.7272727272727273,23,0
168,0.8960382325345574,0.9798687566511528,0.6875,0.4166666666666667,0.9285714285714286,0.65,0.8064516129032258,0.8235294117647058,48,0
169,0.9998568991526107,0.9987117514654893,0.49295774647887325,0.5211267605633803,0.6136363636363636,0.7037037037037037,0.6285714285714286,0.6666666666666666,71,0
171,0.9656361333706098,0.9815886212101388,0.6086956521739131,0.42028985507246375,0.6052631578947368,0.3870967741935484,0.5882352941176471,0.42857142857142855,69,0
172,0.7885131605379785,0.9037762882345832,0.7638888888888888,0.3194444444444444,0.8775510204081632,0.4782608695652174,0.8297872340425532,0.6,72,1
173,0.9910760598382222,0.9798687566511528,0.5555555555555556,0.5833333333333334,0.7272727272727273,0.7142857142857143,0.6388888888888888,0.8055555555555556,72,0
174,0.999443333090299,1.0,0.5138888888888888,0.5,0.575,0.5625,0.5675675675675675,0.5714285714285714,72,0
175,0.7382848661434506,0.8426578772022391,0.7916666666666666,0.2708333333333333,0.9142857142857143,0.5384615384615384,0.9333333333333333,0.6111111111111112,48,1
176,0.9949848281859701,0.997772472089982,0.5416666666666666,0.4722222222222222,0.5,0.4,0.4864864864864865,0.42857142857142855,72,0
177,0.964078764808229,0.943601631299382,0.6111111111111112,0.3611111111111111,0.8222222222222222,0.7407407407407407,0.803921568627451,0.7619047619047619,72,0
178,0.9910760598382222,0.972552316568843,0.5555555555555556,0.4027777777777778,0.56,0.4545454545454546,0.6097560975609756,0.41935483870967744,72,0
179,0.9798687566511528,0.972552316568843,0.5833333333333334,0.4027777777777778,0.6666666666666666,0.5333333333333333,0.7272727272727273,0.5128205128205128,72,0
180,0.8760643678555242,0.9987117514654893,0.704225352112676,0.4788732394366197,0.803921568627451,0.55,0.6956521739130435,0.8,71,0
181,0.9883779727795041,0.9987117514654893,0.5633802816901409,0.5211267605633803,0.75,0.6774193548387097,0.71875,0.717948717948718,71,0
182,0.964078764808229,0.997772472089982,0.6111111111111112,0.4722222222222222,0.75,0.5625,0.6944444444444444,0.6388888888888888,72,0
183,0.9949848281859701,0.954434002924965,0.5416666666666666,0.625,0.6363636363636364,0.5384615384615384,0.46153846153846156,0.7272727272727273,24,0
184,0.954434002924965,0.9798687566511528,0.375,0.5833333333333334,0.7777777777777778,0.8666666666666667,0.875,0.8125,24,0
185,0.8112781244591328,0.9377342939868041,0.75,0.3541666666666667,0.9565217391304348,0.43999999999999995,0.9,0.5357142857142857,48,1
186,0.9860400318404434,0.9949848281859701,0.5694444444444444,0.4583333333333333,0.5714285714285714,0.43243243243243246,0.5405405405405406,0.45714285714285713,72,0
187,0.964078764808229,0.999443333090299,0.6111111111111112,0.5138888888888888,0.5128205128205128,0.2727272727272727,0.43103448275862066,0.2857142857142857,72,0
188,0.8812908992306927,0.9134601452569628,0.7,0.32857142857142857,0.8571428571428571,0.5357142857142857,0.8888888888888888,0.5588235294117647,70,1
189,0.9742408334889758,0.9998484829291058,0.5942028985507246,0.4927536231884058,0.7567567567567568,0.59375,0.696969696969697,0.6666666666666666,69,0
190,0.997772472089982,0.972552316568843,0.5277777777777778,0.4027777777777778,0.625,0.59375,0.6923076923076923,0.5151515151515151,72,0
191,0.9798687566511528,1.0,0.5833333333333334,0.5,0.717948717948718,0.5757575757575757,0.6341463414634146,0.6774193548387096,72,0
192,0.9582407282588408,0.9929768866085174,0.6197183098591549,0.4507042253521127,0.7073170731707317,0.5,0.65,0.5806451612903226,71,0
193,0.9037762882345832,1.0,0.6805555555555556,0.5,0.8863636363636364,0.6428571428571428,0.7837837837837838,0.8,72,0
194,0.8708644692353644,0.9949848281859701,0.7083333333333334,0.5416666666666666,0.8125,0.5,0.6428571428571428,0.8,24,0
195,1.0,0.999443333090299,0.5,0.5138888888888888,0.7692307692307693,0.8181818181818181,0.7777777777777778,0.8055555555555556,72,0
196,0.9949848281859701,0.9987472979361685,0.5416666666666666,0.4791666666666667,0.8888888888888888,0.9047619047619048,0.8846153846153846,0.9090909090909091,48,0
197,0.7382848661434506,0.9315627684809642,0.7916666666666666,0.3472222222222222,0.8157894736842105,0.23529411764705888,0.6944444444444444,0.3888888888888889,72,1
198,0.8708644692353644,0.9798687566511528,0.7083333333333334,0.5833333333333334,0.8666666666666667,0.5555555555555556,0.7,0.7857142857142857,24,0
199,0.954434002924965,0.8112781244591328,0.625,0.25,1.0,0.5294117647058824,0.9166666666666666,0.4166666666666667,24,1
200,0.9860400318404434,0.9798687566511528,0.5694444444444444,0.4166666666666667,0.5405405405405406,0.4,0.5666666666666667,0.40476190476190477,72,0
201,1.0,0.9798687566511528,0.5,0.5833333333333334,0.8157894736842105,0.8529411764705882,0.78125,0.875,72,0
202,0.954434002924965,0.9860400318404434,0.625,0.5694444444444444,0.5957446808510638,0.31999999999999995,0.44680851063829785,0.6,72,0
203,1.0,0.9798687566511528,0.5,0.4166666666666667,0.9,0.7857142857142857,0.9166666666666666,0.75,24,0
204,1.0,0.5032583347756457,0.5,0.8888888888888888,0.5,0.5,0.11111111111111116,0.8888888888888888,72,0
205,0.954434002924965,0.8708644692353644,0.625,0.7083333333333334,0.631578947368421,0.4,0.3846153846153846,0.8181818181818182,24,0
206,0.8708644692353644,0.9798687566511528,0.7083333333333334,0.4166666666666667,0.8235294117647058,0.39473684210526316,0.7096774193548387,0.5121951219512195,72,1
207,0.9582407282588408,0.9582407282588408,0.6197183098591549,0.38028169014084506,0.5588235294117647,0.32432432432432434,0.5625,0.3333333333333333,71,0
208,0.964078764808229,0.997772472089982,0.6111111111111112,0.4722222222222222,0.775,0.59375,0.7,0.6875,72,0
209,0.9798687566511528,0.964078764808229,0.5833333333333334,0.6111111111111112,0.8055555555555556,0.6388888888888888,0.6,0.875,72,0
210,0.8879763195151349,0.964078764808229,0.6944444444444444,0.3888888888888889,0.8863636363636364,0.6071428571428572,0.85,0.6875,72,0
211,0.9760206482366149,1.0,0.5909090909090909,0.5,0.7272727272727273,0.5454545454545454,0.7142857142857143,0.6,22,0
212,0.9949848281859701,0.997772472089982,0.5416666666666666,0.4722222222222222,0.8857142857142857,0.7837837837837838,0.8421052631578947,0.8235294117647058,72,0
213,0.9182958340544896,0.9798687566511528,0.6666666666666666,0.4166666666666667,0.8913043478260869,0.7307692307692308,0.875,0.78125,72,0
215,0.9315627684809642,0.997772472089982,0.6527777777777778,0.4722222222222222,0.9130434782608695,0.8076923076923077,0.8717948717948718,0.8787878787878788,72,0
216,0.9860400318404434,0.9949848281859701,0.5694444444444444,0.5416666666666666,0.5952380952380952,0.4666666666666667,0.5,0.59375,72,0
217,0.9086185980409245,0.9359407149555171,0.676056338028169,0.352112676056338,0.6486486486486487,0.2941176470588235,0.6285714285714286,0.3333333333333333,71,1
218,0.9037762882345832,0.9910760598382222,0.6805555555555556,0.4444444444444444,0.8787878787878788,0.4871794871794872,0.7352941176470589,0.6052631578947368,72,0
219,0.8708644692353644,0.8708644692353644,0.2916666666666667,0.2916666666666667,0.21052631578947367,0.4,0.4285714285714286,0.17647058823529413,24,0
220,0.9949848281859701,0.9798687566511528,0.5416666666666666,0.5833333333333334,0.7142857142857143,0.7,0.6666666666666667,0.7333333333333333,24,0
221,0.9886994082884974,0.77655578544446,0.5625,0.22916666666666666,0.7307692307692307,0.6363636363636364,0.8928571428571429,0.4,48,1
222,0.9582407282588408,0.9359407149555171,0.6197183098591549,0.352112676056338,0.46153846153846156,0.1875,0.4878048780487805,0.13333333333333333,71,0
223,0.954434002924965,0.9182958340544896,0.625,0.6666666666666666,0.5833333333333334,0.33333333333333337,0.3076923076923077,0.6363636363636364,24,0
224,0.964078764808229,0.9798687566511528,0.6111111111111112,0.4166666666666667,0.5428571428571428,0.32432432432432434,0.5151515151515151,0.358974358974359,72,0
226,0.8524051786494786,0.9798687566511528,0.7222222222222222,0.4166666666666667,0.7435897435897436,0.303030303030303,0.6216216216216216,0.45714285714285713,72,1
227,0.954434002924965,0.9182958340544896,0.625,0.3333333333333333,0.9772727272727273,0.9285714285714286,0.9787234042553191,0.92,72,0
228,0.9998568991526107,0.9883779727795041,0.5070422535211268,0.5633802816901409,0.2903225806451613,0.32499999999999996,0.2954545454545454,0.3333333333333333,71,0
230,0.9182958340544896,0.964078764808229,0.6666666666666666,0.3888888888888889,0.6585365853658537,0.32258064516129037,0.6216216216216216,0.4,72,0
231,0.9886994082884974,0.8708644692353644,0.4375,0.2916666666666667,0.46153846153846156,0.5909090909090908,0.72,0.30434782608695654,48,0
232,0.9987472979361685,0.9798687566511528,0.4791666666666667,0.4166666666666667,0.6296296296296297,0.7142857142857143,0.7307692307692308,0.5909090909090909,48,0
233,-0.0,0.10559103637519526,1.0,0.013888888888888888,1.0,0.0,1.0,0.043478260869565216,72,1
234,0.9315627684809642,0.954434002924965,0.6527777777777778,0.375,0.7297297297297297,0.4285714285714286,0.7272727272727273,0.46153846153846156,72,0
235,0.972552316568843,1.0,0.5972222222222222,0.5,0.7021276595744681,0.6,0.6304347826086957,0.7307692307692307,72,0
236,0.9949848281859701,0.972552316568843,0.5416666666666666,0.4027777777777778,0.6190476190476191,0.5666666666666667,0.6590909090909092,0.5,72,0
237,1.0,0.954434002924965,0.5,0.625,0.5,0.5,0.40816326530612246,0.6956521739130435,72,0
238,0.9929768866085174,0.9883779727795041,0.5492957746478874,0.5633802816901409,0.47368421052631576,0.36363636363636365,0.38095238095238093,0.4827586206896552,71,0
239,0.6500224216483541,0.8325582396745668,0.8333333333333334,0.2638888888888889,0.9142857142857143,0.2432432432432432,0.8928571428571429,0.36363636363636365,72,1
240,0.9860400318404434,0.9910760598382222,0.4305555555555556,0.5555555555555556,0.5142857142857142,0.6486486486486487,0.5277777777777778,0.6388888888888888,72,0
241,0.9860400318404434,0.954434002924965,0.5694444444444444,0.375,0.5,0.2727272727272727,0.5476190476190477,0.26666666666666666,72,0
242,0.999443333090299,0.9798687566511528,0.5138888888888888,0.4166666666666667,0.725,0.75,0.8285714285714285,0.6486486486486487,72,0
244,0.9557589912150009,0.9742408334889758,0.6231884057971014,0.5942028985507246,0.6470588235294118,0.4,0.4390243902439024,0.6428571428571429,69,0
245,0.9886994082884974,1.0,0.4375,0.5,0.5217391304347826,0.64,0.5833333333333333,0.5833333333333334,48,0
246,0.9987472979361685,0.8426578772022391,0.4791666666666667,0.7291666666666666,0.41935483870967744,0.4117647058823529,0.17391304347826086,0.64,48,0
247,0.9315627684809642,0.999443333090299,0.6527777777777778,0.4861111111111111,0.7555555555555555,0.5185185185185186,0.6382978723404256,0.72,72,0
248,0.997772472089982,0.9798687566511528,0.5277777777777778,0.4166666666666667,0.5348837209302325,0.48275862068965514,0.5777777777777777,0.4074074074074074,72,0
249,0.8879763195151349,0.997772472089982,0.6944444444444444,0.5277777777777778,0.8085106382978723,0.52,0.6666666666666667,0.7575757575757576,72,0
250,0.943601631299382,0.9860400318404434,0.6388888888888888,0.4305555555555556,0.7631578947368421,0.5,0.6744186046511628,0.5862068965517241,72,0
251,0.9182958340544896,0.9798687566511528,0.6666666666666666,0.5833333333333334,0.5625,0.125,0.30000000000000004,0.5,24,0
252,0.9949848281859701,0.8879763195151349,0.4583333333333333,0.6944444444444444,0.5714285714285714,0.6136363636363636,0.41025641025641024,0.8181818181818182,72,0
254,0.999443333090299,0.8879763195151349,0.4861111111111111,0.6944444444444444,0.4883720930232558,0.5172413793103448,0.3055555555555556,0.6944444444444444,72,0
255,0.972552316568843,0.9949848281859701,0.5972222222222222,0.5416666666666666,0.5681818181818182,0.3571428571428571,0.4473684210526315,0.5294117647058824,72,0
256,0.8426578772022391,0.8960382325345574,0.7291666666666666,0.3125,0.8148148148148148,0.38095238095238093,0.8571428571428572,0.4444444444444444,48,1
257,0.9182958340544896,0.9860400318404434,0.6666666666666666,0.4305555555555556,0.8148148148148148,0.7777777777777778,0.8,0.8148148148148148,72,0
258,0.9798687566511528,1.0,0.5833333333333334,0.5,0.68,0.5217391304347826,0.6,0.6086956521739131,48,0
259,0.997772472089982,0.9910760598382222,0.5277777777777778,0.4444444444444444,0.8717948717948718,0.8787878787878788,0.8780487804878049,0.8709677419354839,72,0
260,0.964078764808229,0.8879763195151349,0.6111111111111112,0.3055555555555556,0.8222222222222222,0.7407407407407407,0.926829268292683,0.6129032258064516,72,0
261,0.9477073729342065,0.9998568991526107,0.6338028169014085,0.5070422535211268,0.8205128205128205,0.59375,0.6744186046511628,0.7857142857142857,71,0
262,0.9998568991526107,0.9883779727795041,0.5070422535211268,0.43661971830985913,0.4634146341463415,0.43333333333333335,0.5142857142857142,0.3888888888888889,71,0
263,0.9086185980409245,0.9929768866085174,0.676056338028169,0.4507042253521127,0.8,0.4838709677419355,0.7027027027027026,0.6176470588235294,71,0
264,0.972552316568843,0.9910760598382222,0.5972222222222222,0.4444444444444444,0.8181818181818182,0.75,0.7659574468085106,0.84,72,0
265,0.9929768866085174,0.9964196342978481,0.4507042253521127,0.4647887323943662,0.6333333333333333,0.6829268292682926,0.6944444444444444,0.6285714285714286,71,0
266,0.9675594819018212,0.9359407149555171,0.6056338028169014,0.352112676056338,0.6363636363636364,0.4444444444444444,0.7272727272727273,0.42105263157894735,71,0
267,0.943601631299382,0.999443333090299,0.6388888888888888,0.4861111111111111,0.7727272727272727,0.5714285714285714,0.7419354838709677,0.6585365853658537,72,0
268,0.9910760598382222,0.999443333090299,0.5555555555555556,0.5138888888888888,0.6410256410256411,0.5454545454545454,0.59375,0.6,72,0
269,0.8879763195151349,0.7885131605379785,0.6944444444444444,0.2361111111111111,0.7027027027027027,0.3142857142857143,0.8125,0.275,72,1
270,0.9684610087601622,0.954434002924965,0.6041666666666666,0.375,0.8076923076923077,0.6363636363636364,0.8148148148148149,0.6190476190476191,48,0
271,0.997772472089982,0.9910760598382222,0.5277777777777778,0.5555555555555556,0.5833333333333334,0.5277777777777778,0.5,0.6052631578947368,72,0
272,1.0,0.9182958340544896,0.5,0.6666666666666666,0.48148148148148145,0.47619047619047616,0.33333333333333337,0.6666666666666666,48,0
273,0.7382848661434506,0.9182958340544896,0.20833333333333334,0.3333333333333333,0.3076923076923077,0.9090909090909091,0.8,0.42857142857142855,24,0
274,0.9905577004075261,0.9946937953613058,0.5571428571428572,0.45714285714285713,0.6818181818181818,0.6538461538461539,0.6666666666666667,0.68,70,0
275,0.9402859586706311,0.9994110647387552,0.6428571428571429,0.5142857142857142,0.6111111111111112,0.32352941176470584,0.46341463414634143,0.4827586206896552,70,0
276,0.972552316568843,0.999443333090299,0.5972222222222222,0.4861111111111111,0.6410256410256411,0.4545454545454546,0.5714285714285714,0.5405405405405406,72,0
277,0.8708644692353644,0.9798687566511528,0.7083333333333334,0.4166666666666667,0.8333333333333334,0.41666666666666663,0.6923076923076923,0.5454545454545454,24,1
278,0.954434002924965,0.997772472089982,0.625,0.4722222222222222,0.6153846153846154,0.36363636363636365,0.5227272727272727,0.4642857142857143,72,0
279,0.9798687566511528,1.0,0.5833333333333334,0.5,0.64,0.4782608695652174,0.5714285714285714,0.5555555555555556,48,0
280,0.999443333090299,0.9949848281859701,0.5138888888888888,0.4583333333333333,0.6585365853658537,0.6774193548387097,0.6923076923076923,0.6363636363636364,72,0
281,0.7045767128725936,0.9440870182837794,0.8085106382978723,0.3617021276595745,0.9047619047619048,0.2692307692307693,0.736842105263158,0.42857142857142855,47,1
282,0.9883779727795041,0.9756797868933085,0.5633802816901409,0.4084507042253521,0.6046511627906976,0.5,0.641025641025641,0.46875,71,0
283,0.9684610087601622,0.9949848281859701,0.6041666666666666,0.5416666666666666,0.64,0.4347826086956522,0.5,0.5666666666666667,48,0
284,0.997772472089982,0.9910760598382222,0.5277777777777778,0.5555555555555556,0.59375,0.525,0.5,0.5952380952380952,72,0
285,0.7885131605379785,0.8524051786494786,0.7638888888888888,0.2777777777777778,0.9024390243902439,0.4193548387096774,0.8,0.45454545454545453,72,1
286,0.9860400318404434,0.9798687566511528,0.5694444444444444,0.4166666666666667,0.8372093023255814,0.8275862068965517,0.8571428571428572,0.8,72,0
287,0.8380078505079931,0.9756797868933085,0.7323943661971831,0.4084507042253521,0.7567567567567568,0.2941176470588235,0.6285714285714286,0.4444444444444444,71,1
288,0.9582407282588408,0.9477073729342065,0.6197183098591549,0.36619718309859156,0.7804878048780488,0.6,0.8,0.5806451612903226,71,0
289,0.9910760598382222,0.972552316568843,0.5555555555555556,0.4027777777777778,0.5227272727272727,0.3928571428571429,0.5609756097560976,0.3548387096774194,72,0
290,0.954434002924965,0.997772472089982,0.625,0.4722222222222222,0.723404255319149,0.56,0.675,0.65625,72,0
291,0.999443333090299,0.9860400318404434,0.5138888888888888,0.4305555555555556,0.5128205128205128,0.48484848484848486,0.5609756097560976,0.41935483870967744,72,0
292,0.8325582396745668,0.8708644692353644,0.7361111111111112,0.2916666666666667,0.8367346938775511,0.4782608695652174,0.8780487804878049,0.5161290322580645,72,1
293,0.999443333090299,0.943601631299382,0.5138888888888888,0.3611111111111111,0.4857142857142857,0.45945945945945943,0.6052631578947368,0.3235294117647059,72,0
294,0.964078764808229,0.9910760598382222,0.6111111111111112,0.4444444444444444,0.7906976744186046,0.6551724137931034,0.8387096774193549,0.6585365853658537,72,0
296,0.964078764808229,0.9037762882345832,0.6111111111111112,0.3194444444444444,0.7446808510638298,0.64,0.8181818181818181,0.5357142857142857,72,0
297,0.8708644692353644,0.9860400318404434,0.7083333333333334,0.4305555555555556,0.8695652173913043,0.5769230769230769,0.7857142857142857,0.7333333333333333,72,0
298,0.9756797868933085,0.9929768866085174,0.5915492957746479,0.4507042253521127,0.7804878048780488,0.6666666666666667,0.7777777777777778,0.6857142857142857,71,0
299,0.8879763195151349,0.997772472089982,0.6944444444444444,0.4722222222222222,0.9302325581395349,0.6551724137931034,0.9032258064516129,0.7560975609756098,72,0
300,1.0,0.5032583347756457,0.5,0.8888888888888888,0.5238095238095238,0.5333333333333333,0.06666666666666665,0.8571428571428571,72,0
301,0.972552316568843,0.954434002924965,0.5972222222222222,0.375,0.6410256410256411,0.4545454545454546,0.6857142857142857,0.43243243243243246,72,0
302,0.9949848281859701,0.999443333090299,0.5416666666666666,0.5138888888888888,0.78125,0.65,0.7058823529411764,0.7105263157894737,72,0
303,0.8879763195151349,0.997772472089982,0.6944444444444444,0.4722222222222222,0.7115384615384616,0.35,0.6190476190476191,0.6,72,0
304,0.9949848281859701,0.999443333090299,0.5416666666666666,0.4861111111111111,0.625,0.5625,0.6052631578947368,0.5882352941176471,72,0
305,0.9798687566511528,0.8879763195151349,0.5833333333333334,0.3055555555555556,0.7560975609756098,0.6451612903225806,0.8918918918918919,0.5142857142857142,72,0
306,0.9860400318404434,0.9798687566511528,0.5694444444444444,0.4166666666666667,0.9166666666666666,0.7777777777777778,0.8974358974358975,0.7878787878787878,72,0
307,0.6500224216483541,0.7885131605379785,0.8333333333333334,0.2361111111111111,0.9047619047619048,0.2666666666666667,0.8717948717948718,0.36363636363636365,72,1
308,0.9182958340544896,0.8708644692353644,0.6666666666666666,0.2916666666666667,0.5384615384615384,0.18181818181818177,0.5833333333333333,0.16666666666666666,24,1
