user,w_R,w_MI,w_WSLS,ll_mean
3,1.0,1.6888405558455342e-24,6.348923006308717e-20,-0.6931471805599453
5,0.7222223176348229,0.11449922146351145,0.16327846090166556,-0.6540548103069365
6,0.6666665752874416,0.14211317188791442,0.19122025282464405,-0.6365141682948176
7,0.8333332667580426,0.063032471051949,0.10363426219000842,-0.6791932659915281
8,0.5070421387839578,0.22736936848417189,0.2655884927318703,-0.5661705381625437
9,0.11111115424366586,0.5003447289076275,0.3885441168487066,-0.2145591551764095
10,0.49999990028618957,0.23141409688572834,0.26858600282808215,-0.562335144618815
11,0.9999999999999982,5.746802310237526e-19,1.8627647790905876e-15,-0.6931471805599451
12,1.0,1.6888405558455342e-24,6.348923006308717e-20,-0.6931471805599453
13,0.5277778841466996,0.21605964581746126,0.25616247003583925,-0.5770853964823844
14,1.0,1.6888405558455342e-24,6.348923006308717e-20,-0.6931471805599453
15,0.6478872347642711,0.15169542665764596,0.20041733857808294,-0.6298064194364014
16,0.8333332667580426,0.063032471051949,0.10363426219000842,-0.679193265991528
17,0.5833332217007765,0.18553456897191245,0.2311322093273111,-0.6036372515003338
18,0.5833332217007765,0.18553456897191245,0.2311322093273111,-0.6036372515003338
20,0.2500001020984202,0.3890999662637652,0.3608999316378145,-0.3767701612564487
22,0.5142855995349334,0.22309443446580748,0.26261996599925913,-0.5700471705012936
23,0.4166667424232967,0.2807095339696939,0.30262372360700945,-0.5117400734174137
24,0.760563319854226,0.09616096837043729,0.14327571177533677,-0.6642018590903261
25,1.0,1.6888405558455342e-24,6.348923006308717e-20,-0.6931471805599453
26,0.805555487275543,0.07545095900503898,0.11899355371941785,-0.6741218961767392
27,0.5652174820611768,0.19511829826361776,0.2396642196752055,-0.5954002839805387
28,0.3055556357219951,0.35136219593976065,0.3430821683382442,-0.4274973174139217
29,0.805555487275543,0.07545095900503898,0.11899355371941785,-0.6741218961767391
31,0.9166666305303466,0.02819114098717866,0.05514222848247466,-0.6896709283570274
32,0.7222223176348229,0.11449922146351145,0.16327846090166556,-0.6540548103069366
33,0.7246377794581165,0.11335374245017829,0.16200847809170535,-0.6547407145377209
34,0.2916665830712241,0.3603627833771726,0.34797063355160324,-0.4154129738607352
36,0.9166666305303466,0.02819114098717866,0.05514222848247466,-0.6896709283570274
37,1.0,1.6888405558455342e-24,6.348923006308717e-20,-0.6931471805599453
38,0.8888888507840546,0.03938627506303817,0.07172487415290744,-0.6869615765973239
39,0.5277778841466996,0.21605964581746126,0.25616247003583925,-0.5770853964823844
40,0.6388890071764228,0.15631311974849305,0.20479787307508407,-0.6264499860467418
41,0.6666665752874416,0.14211317188791442,0.19122025282464405,-0.6365141682948176
42,0.6760564686091611,0.13737800560958943,0.18656552578124946,-0.6397189022705719
43,0.6666665752874416,0.14211317188791442,0.19122025282464405,-0.6365141682948176
44,0.49999990028618957,0.23141409688572834,0.26858600282808215,-0.5623351446188151
45,0.8732393873487154,0.04582550735828376,0.08093510529300088,-0.6850914051596688
46,0.8611111597109721,0.05091191023387341,0.08797693005515453,-0.6834708679894432
47,1.0,1.6888405558455342e-24,6.348923006308717e-20,-0.6931471805599453
48,0.7323944341480991,0.10959008679977696,0.15801547905212396,-0.6569006935452204
49,0.8169014642355815,0.07035234914822866,0.11274618661618976,-0.6762896934144268
50,0.6388890071764228,0.15631311974849305,0.20479787307508407,-0.6264499860467418
51,0.8611111597109721,0.05091191023387341,0.08797693005515453,-0.6834708679894435
52,0.694444348707604,0.1281644785855612,0.17739117270683477,-0.6457101064872024
53,0.6000001070519009,0.17672188234198902,0.22327801060611016,-0.6108643020549004
54,0.9166666305303466,0.02819114098717866,0.05514222848247466,-0.6896709283570274
55,0.6760564686091611,0.13737800560958943,0.18656552578124946,-0.6397189022705719
56,0.6478872347642711,0.15169542665764596,0.20041733857808294,-0.6298064194364014
57,0.5555553973681095,0.2004117494224218,0.24403285320946863,-0.5908422462755981
58,0.5833332217007765,0.18553456897191245,0.2311322093273111,-0.6036372515003338
59,0.5277778841466996,0.21605964581746126,0.25616247003583925,-0.5770853964823844
60,0.6376812418439093,0.15692779768365678,0.20539096047243405,-0.6259924284486298
62,0.5555553973681095,0.2004117494224218,0.24403285320946863,-0.5908422462755981
64,0.7777778740231517,0.08813695634852191,0.13408516962832634,-0.6682484776645435
65,0.6666665752874416,0.14211317188791442,0.19122025282464405,-0.6365141682948176
66,0.5833332217007765,0.18553456897191245,0.2311322093273111,-0.6036372515003338
67,1.0,1.6888405558455342e-24,6.348923006308717e-20,-0.6931471805599451
69,0.9722222075531032,0.007884211310989122,0.019893581135907872,-0.692761328460975
70,0.6111112196855037,0.17083903222525135,0.21804974808924493,-0.6154982822759201
71,0.5352111511685467,0.2117165042425535,0.25307234458889993,-0.5808627788667242
72,0.9428571236930441,0.018231343911017626,0.03891153239593829,-0.6915136378175001
73,1.0,1.6888405558455342e-24,6.348923006308717e-20,-0.6931471805599453
74,0.16666672638666247,0.4513769799625985,0.38195629365073896,-0.2868359830561666
75,0.44444436095370476,0.26391786695837877,0.29163777208791636,-0.5297061990576596
76,0.9999999999999978,7.050296383256476e-19,2.189777318079824e-15,-0.6931471805599451
77,0.6388890071764228,0.15631311974849305,0.20479787307508407,-0.6264499860467418
78,0.42253533218220324,0.27706717966541056,0.3003974881523863,-0.5156313179187696
80,0.8611111597109721,0.05091191023387341,0.08797693005515453,-0.6834708679894432
81,0.9444444696531317,0.01764208476130887,0.03791344558555938,-0.691603175869498
82,0.99999999859797,1.0716708875650256e-11,1.3913133888444748e-09,-0.6931471805599451
83,1.0,1.6888405558455342e-24,6.348923006308717e-20,-0.6931471805599453
84,0.1944443771806709,0.429257652567741,0.37629797025158807,-0.3189363469799006
85,0.5833332217007765,0.18553456897191245,0.2311322093273111,-0.6036372515003338
86,0.8333332667580426,0.063032471051949,0.10363426219000842,-0.679193265991528
87,0.7500000841208068,0.10118493918338281,0.14881497669581045,-0.6615632381579858
88,0.2777778498289719,0.3697094908283246,0.35251265934270354,-0.4029413578669477
89,0.7500000841208068,0.10118493918338281,0.14881497669581045,-0.6615632381579858
90,0.9166666305303466,0.02819114098717866,0.05514222848247466,-0.6896709283570274
91,0.7500000841208068,0.10118493918338281,0.14881497669581045,-0.6615632381579858
92,0.9999999999999898,4.701421958057058e-18,1.0168031350491278e-14,-0.6931471805599452
93,1.0,1.6888405558455342e-24,6.348923006308717e-20,-0.6931471805599453
94,0.44444436095370476,0.26391786695837877,0.29163777208791636,-0.5297061990576596
96,0.6111112196855037,0.17083903222525135,0.21804974808924493,-0.6154982822759201
97,0.7777778740231517,0.08813695634852191,0.13408516962832634,-0.6682484776645434
99,0.7500000841208068,0.10118493918338281,0.14881497669581045,-0.6615632381579858
100,0.6666665752874416,0.14211317188791442,0.19122025282464405,-0.6365141682948176
101,0.9166666305303466,0.02819114098717866,0.05514222848247466,-0.6896709283570274
103,0.5833332217007765,0.18553456897191245,0.2311322093273111,-0.6036372515003338
105,1.0,1.6888405558455342e-24,6.348923006308717e-20,-0.6931471805599453
106,0.49999990028618957,0.23141409688572834,0.26858600282808215,-0.562335144618815
107,0.7500000841208068,0.10118493918338281,0.14881497669581045,-0.6615632381579858
108,0.4166667424232967,0.2807095339696939,0.30262372360700945,-0.5117400734174137
110,0.7500000841208068,0.10118493918338281,0.14881497669581045,-0.6615632381579858
111,0.8888888507840546,0.03938627506303817,0.07172487415290744,-0.686961576597324
112,0.5833332217007765,0.18553456897191245,0.2311322093273111,-0.6036372515003338
113,0.7500000841208068,0.10118493918338281,0.14881497669581045,-0.6615632381579857
114,0.5454544306787393,0.20597008234324862,0.24857548697801202,-0.585952618303559
115,0.7887324744604625,0.08309774176408584,0.12816978377545168,-0.6706611269042919
116,0.5352111511685467,0.2117165042425535,0.25307234458889993,-0.5808627788667243
117,0.1388889364183336,0.4747949237219122,0.3863161398597541,-0.25219952094154263
118,0.5277778841466996,0.21605964581746126,0.25616247003583925,-0.5770853964823844
119,0.41791035787925757,0.27986384174225065,0.30222580037849184,-0.5125691263629708
120,0.3661972720854491,0.31212233398166245,0.3216803939328885,-0.4760596480456558
122,0.8450704696296176,0.057884886010712205,0.09704464435967028,-0.6810971138759463
123,0.5277778841466996,0.21605964581746126,0.25616247003583925,-0.5770853964823844
124,0.5833332217007765,0.18553456897191245,0.2311322093273111,-0.6036372515003336
125,0.9999999993624404,4.070182268869109e-12,6.334894445538497e-10,-0.6931471805599452
126,0.8333332667580426,0.063032471051949,0.10363426219000842,-0.6791932659915281
127,0.7222223176348229,0.11449922146351145,0.16327846090166556,-0.6540548103069366
128,1.0,1.6888405558455342e-24,6.348923006308717e-20,-0.6931471805599453
129,0.36111099666777746,0.31533055712711516,0.32355844620510743,-0.47223485738499105
130,0.7323944341480991,0.10959008679977696,0.15801547905212396,-0.6569006935452204
131,0.7500000841208068,0.10118493918338281,0.14881497669581045,-0.6615632381579858
132,0.5352111511685467,0.2117165042425535,0.25307234458889993,-0.5808627788667242
133,0.7777778740231517,0.08813695634852191,0.13408516962832634,-0.6682484776645435
134,0.5555553973681095,0.2004117494224218,0.24403285320946863,-0.5908422462755981
135,0.3888890102025539,0.297658091879373,0.31345289791807324,-0.4926036575395956
136,0.2777778498289719,0.3697094908283246,0.35251265934270354,-0.4029413578669477
137,0.7500000841208068,0.10118493918338281,0.14881497669581045,-0.6615632381579858
138,0.6111112196855037,0.17083903222525135,0.21804974808924493,-0.61549828227592
139,0.694444348707604,0.1281644785855612,0.17739117270683477,-0.6457101064872024
140,1.0,1.6888405558455342e-24,6.348923006308717e-20,-0.6931471805599453
142,1.0,1.6888405558455342e-24,6.348923006308717e-20,-0.6931471805599453
143,0.5833332217007765,0.18553456897191245,0.2311322093273111,-0.6036372515003338
144,1.0,1.6888405558455342e-24,6.348923006308717e-20,-0.6931471805599454
146,0.5217389756399802,0.2191375688085152,0.2591234555515046,-0.5739644913933389
147,1.0,1.6888405558455342e-24,6.348923006308717e-20,-0.6931471805599453
148,0.6111112196855037,0.17083903222525135,0.21804974808924493,-0.6154982822759201
149,0.7777778740231517,0.08813695634852191,0.13408516962832634,-0.6682484776645434
150,0.7222223176348229,0.11449922146351145,0.16327846090166556,-0.6540548103069366
151,0.2777778498289719,0.3697094908283246,0.35251265934270354,-0.4029413578669477
152,0.6388890071764228,0.15631311974849305,0.20479787307508407,-0.6264499860467418
153,1.0,1.6888405558455342e-24,6.348923006308717e-20,-0.6931471805599453
154,0.5633804103868676,0.19611868409947272,0.24050090551365974,-0.5945425145058265
155,0.9722222075531032,0.007884211310989122,0.019893581135907872,-0.692761328460975
156,0.3333333346524109,0.3333345982408364,0.3333320671067527,-0.45056120886630463
157,0.9999999993553126,4.1263000341947784e-12,6.405611095895597e-10,-0.6931471805599451
158,0.16666672638666247,0.4513769799625985,0.38195629365073896,-0.28683598305616653
159,0.7826087724694707,0.08590675965246142,0.13148446787806792,-0.6693279632926489
160,1.0,1.6888405558455342e-24,6.348923006308717e-20,-0.6931471805599453
162,1.0,1.6888405558455342e-24,6.348923006308717e-20,-0.6931471805599453
163,0.9166666305303466,0.02819114098717866,0.05514222848247466,-0.6896709283570275
164,0.3333333323487416,0.3333341695805908,0.3333324980706676,-0.45056120886630463
166,0.8888888507840546,0.03938627506303817,0.07172487415290744,-0.6869615765973239
167,0.5217389756399802,0.2191375688085152,0.2591234555515046,-0.5739644913933389
168,0.37499988799043155,0.30640637590530806,0.31859373610426034,-0.4825775651770224
169,0.7042254331750936,0.12330966885116919,0.17246489797373726,-0.6487446677426799
171,0.9855072401516585,0.0036803815282797016,0.010812378320061893,-0.693042156929448
172,0.49999990028618957,0.23141409688572834,0.26858600282808215,-0.5623351446188151
173,0.5555553973681095,0.2004117494224218,0.24403285320946863,-0.5908422462755981
174,0.8611111597109721,0.05091191023387341,0.08797693005515453,-0.6834708679894433
175,0.37499988799043155,0.30640637590530806,0.31859373610426034,-0.4825775651770224
176,1.0,1.6888405558455342e-24,6.348923006308717e-20,-0.6931471805599453
177,0.4166667424232967,0.2807095339696939,0.30262372360700945,-0.5117400734174138
178,0.9444444696531317,0.01764208476130887,0.03791344558555938,-0.6916031758694979
179,0.7777778740231517,0.08813695634852191,0.13408516962832634,-0.6682484776645435
180,0.5352111511685467,0.2117165042425535,0.25307234458889993,-0.5808627788667243
181,0.5633804103868676,0.19611868409947272,0.24050090551365974,-0.5945425145058267
182,0.6666665752874416,0.14211317188791442,0.19122025282464405,-0.6365141682948176
183,0.8333332667580426,0.063032471051949,0.10363426219000842,-0.6791932659915281
184,0.3333333349566628,0.33333333062633064,0.3333333344170066,-0.45056120886630463
185,0.6250001033001169,0.163486893347771,0.211513003352112,-0.6210863745552514
186,0.9999999993624404,4.070182268869109e-12,6.334894445538497e-10,-0.6931471805599452
187,1.0,1.6888405558455342e-24,6.348923006308717e-20,-0.6931471805599453
188,0.5428572677204854,0.20740494214536073,0.24973779013415393,-0.5846745581478978
189,0.6376812418439093,0.15692779768365678,0.20539096047243405,-0.6259924284486299
190,0.7777778740231517,0.08813695634852191,0.13408516962832634,-0.6682484776645435
191,0.694444348707604,0.1281644785855612,0.17739117270683477,-0.6457101064872024
192,0.760563319854226,0.09616096837043729,0.14327571177533677,-0.664201859090326
193,0.4166667424232967,0.2807095339696939,0.30262372360700945,-0.5117400734174138
194,0.5833332217007765,0.18553456897191245,0.2311322093273111,-0.6036372515003338
195,0.4166667424232967,0.2807095339696939,0.30262372360700945,-0.5117400734174138
196,0.20833323901851014,0.4187955623444026,0.3728711986370873,-0.3341427913872011
197,0.9166666305303466,0.02819114098717866,0.05514222848247466,-0.6896709283570275
198,0.49999990028618957,0.23141409688572834,0.26858600282808215,-0.5623351446188148
199,0.6666665752874416,0.14211317188791442,0.19122025282464405,-0.6365141682948174
200,1.0,1.6888405558455342e-24,6.348923006308717e-20,-0.6931471805599453
201,0.3333333389066303,0.33333683121320584,0.3333298298801639,-0.45056120886630463
202,0.9999999999593681,1.3495147694068574e-13,4.049696910532241e-11,-0.6931471805599451
203,0.3333333342648855,0.33333376552618404,0.3333329002089305,-0.45056120886630463
204,0.9999999986240042,1.0501337143274418e-11,1.365494463241562e-09,-0.6931471805599451
205,0.8333332667580426,0.063032471051949,0.10363426219000842,-0.6791932659915281
206,0.805555487275543,0.07545095900503898,0.11899355371941785,-0.6741218961767391
207,1.0,1.6888405558455342e-24,6.348923006308717e-20,-0.6931471805599455
208,0.6111112196855037,0.17083903222525135,0.21804974808924493,-0.6154982822759201
209,0.5555553973681095,0.2004117494224218,0.24403285320946863,-0.5908422462755981
210,0.44444436095370476,0.26391786695837877,0.29163777208791636,-0.5297061990576596
211,0.7272728206274827,0.11213101467789932,0.16059616469461796,-0.6554817739013975
212,0.33333333652126623,0.33333723054357484,0.33332943293515904,-0.45056120886630463
213,0.3333333333333333,0.3333333333333333,0.3333333333333333,-0.45056120886630463
215,0.25000008891028636,0.389099975205064,0.3608999358846496,-0.37677016125644575
216,0.9166666305303466,0.02819114098717866,0.05514222848247466,-0.6896709283570274
217,0.9999999999999967,1.2312141664568287e-18,3.436963508326462e-15,-0.6931471805599452
218,0.6666665752874416,0.14211317188791442,0.19122025282464405,-0.6365141682948176
219,1.0,1.6888405558455342e-24,6.348923006308717e-20,-0.6931471805599453
220,0.5833332217007765,0.18553456897191245,0.2311322093273111,-0.6036372515003338
221,0.6250001033001169,0.163486893347771,0.211513003352112,-0.6210863745552513
222,1.0,1.6888405558455342e-24,6.348923006308717e-20,-0.6931471805599455
223,1.0,1.6888405558455342e-24,6.348923006308717e-20,-0.6931471805599453
224,1.0,1.6888405558455342e-24,6.348923006308717e-20,-0.6931471805599453
226,0.9166666305303466,0.02819114098717866,0.05514222848247466,-0.6896709283570275
227,0.08333330022203896,0.5287346105429703,0.38793208923499084,-0.1732052067491806
228,1.0,1.6888405558455342e-24,6.348923006308717e-20,-0.6931471805599455
230,0.9722222075531032,0.007884211310989122,0.019893581135907872,-0.692761328460975
231,0.9583333522880034,0.012641345176410093,0.029025302535586373,-0.6922788736563189
232,0.6666665752874416,0.14211317188791442,0.19122025282464405,-0.6365141682948176
233,0.6111112196855037,0.17083903222525135,0.21804974808924493,-0.61549828227592
234,0.8333332667580426,0.063032471051949,0.10363426219000842,-0.6791932659915281
235,0.6666665752874416,0.14211317188791442,0.19122025282464405,-0.6365141682948176
236,0.805555487275543,0.07545095900503898,0.11899355371941785,-0.6741218961767392
237,0.9999999993624358,4.070218737672203e-12,6.334940045447207e-10,-0.6931471805599451
238,1.0,1.6888405558455342e-24,6.348923006308717e-20,-0.6931471805599455
239,0.8611111597109721,0.05091191023387341,0.08797693005515453,-0.6834708679894433
240,0.8333332667580426,0.063032471051949,0.10363426219000842,-0.679193265991528
241,1.0,1.6888405558455342e-24,6.348923006308717e-20,-0.6931471805599453
242,0.5277778841466996,0.21605964581746126,0.25616247003583925,-0.5770853964823844
244,0.9565217204241577,0.013278435080516503,0.03019984449532597,-0.6922017029622769
245,0.8333332667580426,0.063032471051949,0.10363426219000842,-0.6791932659915281
246,1.0,1.6888405558455342e-24,6.348923006308717e-20,-0.6931471805599453
247,0.6666665752874416,0.14211317188791442,0.19122025282464405,-0.6365141682948174
248,0.9722222114356099,0.007884210011960583,0.019893578552429278,-0.692761328460975
249,0.5833332217007765,0.18553456897191245,0.2311322093273111,-0.6036372515003338
250,0.7222223176348229,0.11449922146351145,0.16327846090166556,-0.6540548103069365
251,1.0,1.6888405558455342e-24,6.348923006308717e-20,-0.6931471805599453
252,0.805555487275543,0.07545095900503898,0.11899355371941785,-0.6741218961767392
254,0.9999999993624404,4.070182268869109e-12,6.334894445538497e-10,-0.6931471805599452
255,1.0,1.6888405558455342e-24,6.348923006308717e-20,-0.6931471805599453
256,0.7500000841208068,0.10118493918338281,0.14881497669581045,-0.6615632381579858
257,0.3888890102025539,0.297658091879373,0.31345289791807324,-0.4926036575395956
258,0.7916667607647389,0.08175321004369847,0.12658002919156267,-0.6712860177043516
259,0.2500001020984202,0.3890999662637652,0.3608999316378145,-0.3767701612564487
260,0.4166667424232967,0.2807095339696939,0.30262372360700945,-0.5117400734174137
261,0.5633804103868676,0.19611868409947272,0.24050090551365974,-0.5945425145058265
262,1.0,1.6888405558455342e-24,6.348923006308717e-20,-0.6931471805599455
263,0.6760564686091611,0.13737800560958943,0.18656552578124946,-0.6397189022705719
264,0.4166667424232967,0.2807095339696939,0.30262372360700945,-0.5117400734174137
265,0.6760564686091611,0.13737800560958943,0.18656552578124946,-0.6397189022705719
266,0.8732394853368963,0.045825466035347526,0.0809350486277561,-0.6850914051596689
267,0.6111112196855037,0.17083903222525135,0.21804974808924493,-0.61549828227592
268,0.805555487275543,0.07545095900503898,0.11899355371941785,-0.6741218961767392
269,0.9722222075531032,0.007884211310989122,0.019893581135907872,-0.692761328460975
270,0.541666782075066,0.2082327345148175,0.2501004834101165,-0.5840859317593691
271,0.8888888507840546,0.03938627506303817,0.07172487415290744,-0.686961576597324
272,1.0,1.6888405558455342e-24,6.348923006308717e-20,-0.6931471805599453
273,0.8333332667580426,0.063032471051949,0.10363426219000842,-0.6791932659915281
274,0.6571429786155422,0.14695394697260064,0.1959030744118572,-0.6331623242387505
275,1.0,1.6888405558455342e-24,6.348923006308717e-20,-0.6931471805599454
276,0.8888888507840546,0.03938627506303817,0.07172487415290744,-0.6869615765973239
277,0.7500000841208068,0.10118493918338281,0.14881497669581045,-0.6615632381579858
278,0.9999999993624404,4.070182268869109e-12,6.334894445538497e-10,-0.6931471805599451
279,0.8750000414391923,0.04509031363480013,0.07990964492600762,-0.6853142072764591
280,0.6666665752874416,0.14211317188791442,0.19122025282464405,-0.6365141682948176
281,0.8936170614597868,0.03744713940365898,0.06893579913655405,-0.6874777893536679
282,0.8732393873487154,0.04582550735828376,0.08093510529300088,-0.6850914051596689
283,0.9166666305303466,0.02819114098717866,0.05514222848247466,-0.6896709283570274
284,0.8888888507840546,0.03938627506303817,0.07172487415290744,-0.686961576597324
285,0.6111112196855037,0.17083903222525135,0.21804974808924493,-0.61549828227592
286,0.3333333292520789,0.33333821788505275,0.3333284528628684,-0.45056120886630463
287,0.9295774391815057,0.023234744316601042,0.047187816501893215,-0.6906654601681252
288,0.5915493876690684,0.18121349891603541,0.22723711341489605,-0.6072415465680924
289,1.0,1.6888405558455342e-24,6.348923006308717e-20,-0.6931471805599453
290,0.6666665752874416,0.14211317188791442,0.19122025282464405,-0.6365141682948177
291,0.9999999993639554,4.058269471070399e-12,6.319863008525253e-10,-0.6931471805599451
292,0.5555553973681095,0.2004117494224218,0.24403285320946863,-0.5908422462755981
293,1.0,1.6888405558455342e-24,6.348923006308717e-20,-0.6931471805599453
294,0.5277778841466996,0.21605964581746126,0.25616247003583925,-0.5770853964823844
296,0.5833332217007765,0.18553456897191245,0.2311322093273111,-0.6036372515003336
297,0.4722223349117898,0.24757681021451772,0.28020085487369256,-0.5465556740613199
298,0.5352111511685467,0.2117165042425535,0.25307234458889993,-0.5808627788667243
299,0.36111099666777746,0.31533055712711516,0.32355844620510743,-0.47223485738499094
300,0.9444444696531317,0.01764208476130887,0.03791344558555938,-0.6916031758694979
301,0.8888888507840546,0.03938627506303817,0.07172487415290744,-0.686961576597324
302,0.5833332217007765,0.18553456897191245,0.2311322093273111,-0.6036372515003338
303,0.7777778740231517,0.08813695634852191,0.13408516962832634,-0.6682484776645435
304,0.805555487275543,0.07545095900503898,0.11899355371941785,-0.6741218961767391
305,0.5833332217007765,0.18553456897191245,0.2311322093273111,-0.6036372515003338
306,0.3055556357219951,0.35136219593976065,0.3430821683382442,-0.4274973174139217
307,0.7222223176348229,0.11449922146351145,0.16327846090166556,-0.6540548103069366
308,1.0,1.6888405558455342e-24,6.348923006308717e-20,-0.6931471805599453
