id,scenario,series,completed,correct_answers,errors,end_date
1,1I,26,1,15,9,2013-12-13 22:17:09
2,2I,22,1,17,8,2013-12-13 22:42:23
3,3I,12,0,-1,-1,NULL
4,4J,29,0,-1,-1,NULL
5,1C,26,1,13,12,2013-12-14 09:04:14
6,2C,30,1,14,11,2013-12-14 09:06:19
7,3I,29,1,11,14,2013-12-14 09:10:11
8,4C,1,1,10,15,2013-12-14 09:12:42
9,1I,19,0,-1,-1,NULL
10,2I,30,1,13,12,2013-12-14 09:28:09
11,3C,21,0,-1,-1,NULL
12,4C,3,0,-1,-1,NULL
13,1I,2,0,-1,-1,NULL
14,2I,15,0,-1,-1,NULL
15,3C,7,0,-1,-1,NULL
16,4J,27,0,-1,-1,NULL
17,1I,13,1,13,12,2013-12-14 09:56:36
18,2I,6,1,16,9,2013-12-14 09:58:35
19,3I,19,1,16,9,2013-12-14 10:02:25
20,4J,29,0,-1,-1,NULL
21,1I,28,1,15,10,2013-12-14 09:56:41
22,2I,2,1,13,12,2013-12-14 09:58:30
23,3I,12,1,16,9,2013-12-14 10:02:27
24,4I,17,0,-1,-1,NULL
25,1I,3,1,13,12,2013-12-14 10:24:50
26,2I,10,1,12,13,2013-12-14 10:20:07
27,3C,1,1,13,12,2013-12-14 10:22:21
28,4I,18,1,9,16,2013-12-14 10:14:34
29,1I,30,1,16,8,2013-12-14 10:15:00
30,2I,12,1,17,8,2013-12-14 10:20:36
31,3I,5,1,13,12,2013-12-14 10:29:07
32,4J,28,1,12,13,2013-12-14 10:24:22
33,1I,10,1,12,13,2013-12-14 10:14:12
34,2I,26,1,13,12,2013-12-14 10:16:37
35,3C,21,1,10,15,2013-12-14 10:18:48
36,4J,22,1,18,7,2013-12-14 10:20:30
37,1C,27,1,16,9,2013-12-14 10:20:58
38,2C,30,0,-1,-1,NULL
39,3I,26,0,-1,-1,NULL
40,4I,15,0,-1,-1,NULL
41,1C,19,1,14,11,2013-12-14 11:21:48
42,2C,2,1,10,15,2013-12-14 11:18:06
43,3C,13,1,15,9,2013-12-14 11:15:53
44,4C,6,1,10,15,2013-12-14 10:18:51
45,1I,25,1,12,13,2013-12-14 10:36:12
46,2I,26,0,-1,-1,NULL
47,3I,23,0,-1,-1,NULL
48,4I,18,0,-1,-1,NULL
49,1I,9,1,16,9,2013-12-14 10:51:51
50,2I,29,1,16,9,2013-12-14 10:54:18
51,3I,16,1,17,8,2013-12-14 10:57:36
52,4C,2,1,15,10,2013-12-14 10:59:18
53,1C,15,1,14,11,2013-12-14 10:50:33
54,2C,12,1,12,13,2013-12-14 10:53:17
55,3I,14,1,16,9,2013-12-14 10:55:47
56,4I,19,1,13,12,2013-12-14 10:57:48
57,1I,28,1,13,11,2013-12-14 10:57:39
58,2I,1,1,18,7,2013-12-14 11:03:04
59,3C,6,1,12,13,2013-12-14 10:54:03
60,4C,8,1,16,9,2013-12-14 11:05:22
61,1C,21,1,12,13,2013-12-14 10:51:30
62,2C,24,1,12,13,2013-12-14 10:53:53
63,3I,3,1,10,15,2013-12-14 10:56:24
64,4I,18,1,12,13,2013-12-14 10:59:31
65,1C,28,1,15,10,2013-12-14 10:51:44
66,2C,24,1,14,11,2013-12-14 10:53:30
67,3C,15,1,10,15,2013-12-14 10:56:56
68,4I,14,1,12,13,2013-12-14 10:59:13
69,1C,19,0,-1,-1,NULL
70,2C,18,1,14,11,2013-12-14 10:54:13
71,3I,25,0,-1,-1,NULL
72,4C,5,0,-1,-1,NULL
73,1I,29,0,-1,-1,NULL
74,2I,5,0,-1,-1,NULL
75,3C,12,0,-1,-1,NULL
76,4I,14,0,-1,-1,NULL
77,1C,24,0,-1,-1,NULL
78,2C,13,1,13,12,2013-12-14 11:04:35
79,3I,20,0,-1,-1,NULL
80,4J,27,0,-1,-1,NULL
81,1I,3,0,-1,-1,NULL
82,2I,20,0,-1,-1,NULL
83,3C,11,0,-1,-1,NULL
84,4I,14,0,-1,-1,NULL
85,1I,24,1,11,12,2013-12-14 11:39:59
86,2I,1,1,16,9,2013-12-14 11:20:41
87,3C,30,1,13,12,2013-12-14 11:23:42
88,4J,21,1,9,16,2013-12-14 11:27:02
89,1I,18,0,-1,-1,NULL
90,2I,8,1,11,14,2013-12-14 11:22:42
91,3I,2,0,-1,-1,NULL
92,4C,4,0,-1,-1,NULL
93,1I,26,1,14,11,2013-12-14 11:34:22
94,2I,27,1,15,9,2013-12-14 11:30:38
95,3C,11,1,8,17,2013-12-14 11:36:35
96,4C,6,1,14,11,2013-12-14 11:40:30
97,1I,1,1,11,14,2013-12-14 11:21:43
98,2I,12,1,16,9,2013-12-14 11:23:14
99,3I,14,1,16,9,2013-12-14 11:24:30
100,4I,17,1,10,15,2013-12-14 11:25:39
101,1C,3,1,10,15,2013-12-14 11:28:00
102,2C,12,1,15,10,2013-12-14 11:30:24
103,3C,5,1,13,12,2013-12-14 11:38:31
104,4C,7,1,12,13,2013-12-14 11:41:20
105,1I,28,1,13,10,2013-12-14 11:27:32
106,2I,11,1,13,14,2013-12-14 11:33:57
107,3I,9,1,17,8,2013-12-14 11:41:04
108,4C,1,1,13,12,2013-12-14 11:45:33
109,1C,9,1,18,7,2013-12-14 11:39:58
110,2C,24,1,12,13,2013-12-14 11:41:41
111,3C,26,1,11,14,2013-12-14 11:42:57
112,4J,30,1,20,9,2013-12-14 11:38:06
113,1C,26,1,10,15,2013-12-14 11:40:04
114,2C,25,1,15,10,2013-12-14 11:44:08
115,3C,20,1,9,16,2013-12-14 11:47:25
116,4J,22,1,13,12,2013-12-14 11:49:52
117,1I,15,0,-1,-1,NULL
118,2I,4,0,-1,-1,NULL
119,3C,30,0,-1,-1,NULL
120,4I,17,0,-1,-1,NULL
121,1C,3,1,14,11,2013-12-14 11:47:11
122,2C,8,0,-1,-1,NULL
123,3I,27,0,-1,-1,NULL
124,4I,14,0,-1,-1,NULL
125,1I,29,1,13,12,2013-12-14 12:16:53
126,2I,20,1,15,10,2013-12-14 12:18:43
127,3C,13,1,9,16,2013-12-14 12:14:54
128,4J,22,1,16,9,2013-12-14 12:12:32
129,1C,30,1,16,9,2013-12-14 12:27:39
130,2C,2,1,11,11,2013-12-14 12:21:15
131,3C,11,1,15,10,2013-12-14 12:33:54
132,4I,13,1,13,12,2013-12-14 12:29:59
133,1C,29,1,11,14,2013-12-14 12:22:27
134,2C,2,1,13,12,2013-12-14 12:24:58
135,3C,17,0,-1,-1,NULL
136,4C,9,0,-1,-1,NULL
137,1C,30,0,-1,-1,NULL
138,2C,15,0,-1,-1,NULL
139,3C,1,0,-1,-1,NULL
140,4C,9,0,-1,-1,NULL
141,1C,26,1,14,11,2013-12-14 12:50:20
142,2C,19,1,12,13,2013-12-14 12:52:03
143,3C,6,1,17,8,2013-12-14 12:53:47
144,4J,25,1,11,14,2013-12-14 12:55:37
145,1C,7,1,15,10,2013-12-14 12:55:15
146,2C,11,1,14,11,2013-12-14 12:57:43
147,3C,26,1,14,11,2013-12-14 13:00:54
148,4J,24,1,9,16,2013-12-14 13:02:16
149,1C,17,1,13,12,2013-12-14 13:22:49
150,2C,5,1,10,15,2013-12-14 13:25:21
151,3I,25,1,13,12,2013-12-14 13:28:14
152,4C,1,1,11,14,2013-12-14 13:30:47
153,1I,28,1,12,13,2013-12-14 13:26:44
154,2I,22,1,18,7,2013-12-14 13:29:52
155,3I,2,1,12,13,2013-12-14 13:32:32
156,4J,29,1,15,10,2013-12-14 13:34:11
157,1C,7,1,13,12,2013-12-14 13:29:20
158,2C,1,1,15,10,2013-12-14 13:31:55
159,3C,20,1,12,13,2013-12-14 13:35:01
160,4I,12,1,12,13,2013-12-14 13:38:26
161,1C,23,1,14,11,2013-12-14 13:50:25
162,2C,6,1,14,11,2013-12-14 13:42:40
163,3C,8,1,12,13,2013-12-14 13:47:09
164,4I,19,1,11,14,2013-12-14 13:53:30
165,1I,22,1,17,7,2013-12-14 13:48:33
166,2I,30,1,18,7,2013-12-14 13:46:03
167,3C,3,1,12,13,2013-12-14 13:51:08
168,4I,12,1,9,16,2013-12-14 13:43:36
169,1I,20,0,-1,-1,NULL
170,2I,17,0,-1,-1,NULL
171,3I,11,1,8,17,2013-12-14 15:41:29
172,4J,25,1,12,12,2013-12-14 15:37:50
173,1I,27,1,19,6,2013-12-14 15:40:49
174,2I,24,1,16,9,2013-12-14 15:39:37
175,3I,18,1,12,13,2013-12-14 15:37:54
176,4J,29,1,16,9,2013-12-14 15:35:26
177,1C,21,1,12,13,2013-12-14 15:53:54
178,2C,17,1,12,13,2013-12-14 15:57:50
179,3I,23,1,9,15,2013-12-14 16:01:37
180,4I,13,0,-1,-1,NULL
181,1I,19,1,18,7,2013-12-14 15:54:06
182,2I,13,1,14,11,2013-12-14 15:57:31
183,3C,24,1,12,13,2013-12-14 16:00:23
184,4I,16,1,14,11,2013-12-14 16:02:18
185,1C,21,1,15,10,2013-12-14 15:59:27
186,2C,15,1,10,15,2013-12-14 16:00:15
187,3C,12,1,10,15,2013-12-14 16:01:00
188,4I,18,1,11,14,2013-12-14 16:01:45
189,1I,26,1,15,9,2013-12-14 16:00:55
190,2I,29,1,15,10,2013-12-14 16:04:08
191,3C,8,1,12,13,2013-12-14 16:07:08
192,4J,23,1,14,11,2013-12-14 16:09:27
193,1I,6,1,12,12,2013-12-14 16:01:40
194,2I,29,1,15,10,2013-12-14 16:06:57
195,3I,26,1,12,13,2013-12-14 16:09:35
196,4C,9,1,12,13,2013-12-14 16:10:58
197,1C,26,1,12,13,2013-12-14 16:00:46
198,2C,17,1,13,12,2013-12-14 16:02:36
199,3C,9,1,13,12,2013-12-14 16:04:54
200,4C,6,1,13,12,2013-12-14 16:06:53
201,1C,23,1,12,13,2013-12-14 16:05:48
202,2C,15,1,13,12,2013-12-14 16:01:57
203,3I,24,1,14,11,2013-12-14 16:09:24
204,4C,7,0,-1,-1,NULL
205,1I,11,1,17,8,2013-12-14 16:06:27
206,2I,6,1,8,17,2013-12-14 16:11:49
207,3C,2,1,10,15,2013-12-14 16:15:26
208,4J,22,1,18,7,2013-12-14 16:03:14
209,1I,10,1,15,8,2013-12-14 16:02:47
210,2I,16,1,17,8,2013-12-14 16:06:27
211,3C,5,1,13,12,2013-12-14 16:09:56
212,4I,20,1,12,13,2013-12-14 16:11:53
213,1I,24,1,12,13,2013-12-14 16:03:47
214,2I,15,1,12,13,2013-12-14 16:05:13
215,3I,9,1,13,12,2013-12-14 16:06:35
216,4J,22,1,16,9,2013-12-14 16:07:43
217,1I,18,1,13,11,2013-12-14 16:05:45
218,2I,9,1,17,8,2013-12-14 16:09:07
219,3I,11,1,9,16,2013-12-14 16:11:39
220,4J,29,1,14,11,2013-12-14 16:13:52
221,1I,30,1,14,10,2013-12-14 16:07:39
222,2I,17,1,9,16,2013-12-14 16:11:10
223,3I,13,1,11,14,2013-12-14 16:15:31
224,4J,28,1,12,13,2013-12-14 16:18:43
225,1I,11,1,18,7,2013-12-14 16:17:54
226,2I,18,1,13,12,2013-12-14 16:13:47
227,3I,7,1,12,13,2013-12-14 16:25:54
228,4C,4,1,12,13,2013-12-14 16:22:09
229,1C,12,1,14,11,2013-12-14 16:37:00
230,2C,10,1,14,11,2013-12-14 16:31:25
231,3I,18,1,14,11,2013-12-14 16:28:11
232,4I,17,1,10,15,2013-12-14 16:20:44
233,1C,5,1,14,11,2013-12-14 16:17:32
234,2C,28,1,14,11,2013-12-14 16:14:37
235,3C,25,1,14,11,2013-12-14 16:20:10
236,4J,24,1,13,12,2013-12-14 16:21:17
237,1I,8,1,12,10,2013-12-14 16:24:46
238,2I,9,1,11,14,2013-12-14 16:29:30
239,3C,26,1,13,12,2013-12-14 16:31:30
240,4I,17,1,15,10,2013-12-14 16:32:48
241,1I,22,0,-1,-1,NULL
242,2I,7,0,-1,-1,NULL
243,3C,29,0,-1,-1,NULL
244,4J,27,0,-1,-1,NULL
245,1C,29,1,15,10,2013-12-14 16:30:44
246,2C,25,1,16,9,2013-12-14 16:33:03
247,3I,18,1,15,10,2013-12-14 16:35:35
248,4C,2,1,13,12,2013-12-14 16:38:33
249,1I,23,0,-1,-1,NULL
250,2I,16,0,-1,-1,NULL
251,3I,13,0,-1,-1,NULL
252,4J,26,0,-1,-1,NULL
253,1I,8,1,16,9,2013-12-14 16:34:39
254,2I,3,1,13,12,2013-12-14 16:36:21
255,3I,15,1,12,13,2013-12-14 16:37:56
256,4C,6,1,16,9,2013-12-14 16:39:03
257,1I,1,1,13,12,2013-12-14 16:49:29
258,2I,15,1,15,10,2013-12-14 16:44:27
259,3C,14,1,13,12,2013-12-14 16:52:55
260,4C,3,1,8,17,2013-12-14 16:54:35
261,1I,13,1,16,9,2013-12-15 16:49:15
262,2I,27,1,12,13,2013-12-15 16:45:48
263,3I,30,1,15,10,2013-12-15 16:41:56
264,4C,4,1,18,7,2013-12-14 16:41:51
265,1I,1,1,12,12,2013-12-14 17:26:16
266,2I,2,0,-1,-1,NULL
267,3C,14,1,10,15,2013-12-14 17:29:33
268,4I,20,1,15,10,2013-12-14 16:44:28
269,1C,22,0,-1,-1,NULL
270,2C,25,0,-1,-1,NULL
271,3I,2,0,-1,-1,NULL
272,4C,10,1,10,15,2013-12-14 16:45:50
273,1C,27,1,17,8,2013-12-14 16:43:40
274,2C,15,1,14,11,2013-12-14 16:46:20
275,3C,18,1,13,12,2013-12-14 16:51:22
276,4J,28,1,11,14,2013-12-14 16:48:21
277,1C,21,1,14,11,2013-12-14 16:52:01
278,2C,22,1,16,9,2013-12-14 16:55:19
279,3I,10,1,15,10,2013-12-14 17:00:25
280,4I,18,1,10,15,2013-12-14 17:04:52
281,1I,3,1,11,14,2013-12-14 16:54:36
282,2I,29,1,10,14,2013-12-14 16:52:56
283,3C,4,1,13,12,2013-12-14 16:56:15
284,4J,21,1,14,10,2013-12-14 16:58:57
285,1I,16,1,11,12,2013-12-14 17:05:22
286,2I,17,1,9,16,2013-12-14 16:55:37
287,3I,8,1,12,13,2013-12-14 16:59:39
288,4J,22,1,16,9,2013-12-14 17:02:59
289,1I,23,1,14,11,2013-12-14 16:58:14
290,2I,12,1,16,9,2013-12-14 16:56:24
291,3I,29,1,16,9,2013-12-14 17:01:09
292,4J,27,1,15,10,2013-12-14 16:53:58
293,1C,4,0,-1,-1,NULL
294,2C,9,1,17,8,2013-12-14 17:01:07
295,3I,1,1,15,10,2013-12-14 17:05:28
296,4J,29,1,15,10,2013-12-14 17:03:36
297,1C,4,1,15,10,2013-12-14 17:03:17
298,2C,18,1,11,14,2013-12-14 17:05:51
299,3C,8,1,13,12,2013-12-14 17:09:03
300,4C,9,1,14,11,2013-12-14 17:11:05
301,1I,1,1,15,9,2013-12-14 17:01:29
302,2I,29,1,15,10,2013-12-14 17:08:13
303,3C,22,1,12,13,2013-12-14 17:10:23
304,4C,8,1,15,10,2013-12-14 17:12:33
305,1I,27,1,15,10,2013-12-14 17:08:28
306,2I,14,1,13,12,2013-12-14 17:12:36
307,3C,25,1,16,9,2013-12-14 17:15:38
308,4I,11,1,13,12,2013-12-14 17:17:15
309,1I,2,1,12,12,2013-12-14 17:09:14
310,2I,29,1,11,14,2013-12-14 17:12:36
311,3C,8,1,12,13,2013-12-14 17:14:32
312,4C,3,1,7,18,2013-12-14 17:16:11
313,1C,27,0,-1,-1,NULL
314,2C,28,0,-1,-1,NULL
315,3C,26,0,-1,-1,NULL
316,4I,14,0,-1,-1,NULL
317,1C,9,1,15,10,2013-12-14 17:29:26
318,2C,15,1,9,16,2013-12-14 17:31:08
319,3C,23,1,15,10,2013-12-14 17:33:08
320,4C,5,1,15,10,2013-12-14 17:36:11
321,1C,30,1,14,11,2013-12-14 17:26:59
322,2C,24,1,14,11,2013-12-14 17:29:41
323,3C,8,1,8,17,2013-12-14 17:32:25
324,4C,7,1,16,9,2013-12-14 17:34:25
325,1I,21,1,12,13,2013-12-14 17:31:32
326,2I,26,1,13,12,2013-12-14 17:28:34
327,3C,15,1,13,12,2013-12-14 17:35:12
328,4C,9,1,11,14,2013-12-14 17:37:50
329,1C,7,1,11,14,2013-12-14 17:25:46
330,2C,15,1,12,13,2013-12-14 17:27:32
331,3C,22,1,6,19,2013-12-14 17:29:08
332,4C,9,1,14,11,2013-12-14 17:30:37
333,1C,30,1,16,9,2013-12-14 17:31:17
334,2C,9,1,17,8,2013-12-14 17:29:46
335,3C,3,1,8,17,2013-12-14 17:32:56
336,4J,22,1,13,12,2013-12-14 17:28:01
337,1C,17,1,14,11,2013-12-14 17:29:32
338,2C,27,0,-1,-1,NULL
339,3C,8,0,-1,-1,NULL
340,4J,24,0,-1,-1,NULL
341,1C,19,1,14,11,2013-12-14 17:35:40
342,2C,14,1,13,12,2013-12-14 17:29:07
343,3C,26,1,13,12,2013-12-14 17:41:13
344,4C,10,1,13,12,2013-12-14 17:45:41
345,1C,21,1,16,9,2013-12-14 17:37:54
346,2C,13,1,10,15,2013-12-14 17:39:32
347,3C,1,1,13,12,2013-12-14 17:27:27
348,4J,27,1,15,10,2013-12-14 17:35:53
349,1C,22,1,15,10,2013-12-14 17:33:29
350,2C,30,1,17,8,2013-12-14 17:28:40
351,3I,7,1,12,13,2013-12-14 17:35:49
352,4J,29,1,9,16,2013-12-14 17:37:07
353,1I,10,1,13,12,2013-12-14 17:37:26
354,2I,19,1,15,10,2013-12-14 17:34:54
355,3C,6,0,-1,-1,NULL
356,4C,7,0,-1,-1,NULL
357,1C,18,1,9,16,2013-12-14 17:40:43
358,2C,9,1,14,11,2013-12-14 17:35:12
359,3I,15,1,15,10,2013-12-14 17:45:09
360,4J,25,1,12,13,2013-12-14 17:31:55
361,1C,16,1,17,8,2013-12-14 17:33:06
362,2C,19,1,12,13,2013-12-14 17:36:33
363,3C,29,1,13,12,2013-12-14 17:31:10
364,4J,24,1,12,13,2013-12-14 17:38:05
365,1C,19,1,12,10,2013-12-14 17:40:33
366,2C,21,1,12,13,2013-12-14 17:44:18
367,3I,26,1,12,13,2013-12-14 17:48:34
368,4C,5,1,14,11,2013-12-14 17:51:44
369,1C,14,1,8,17,2013-12-14 18:02:00
370,2C,6,1,17,8,2013-12-14 17:53:09
371,3I,26,1,14,11,2013-12-14 17:48:39
372,4I,16,1,18,7,2013-12-14 17:39:31
373,1C,22,1,14,11,2013-12-14 17:34:37
374,2C,28,1,15,10,2013-12-14 17:36:15
375,3I,13,1,12,13,2013-12-14 17:37:50
376,4I,14,1,12,13,2013-12-14 17:40:36
377,1I,22,0,-1,-1,NULL
378,2I,24,0,-1,-1,NULL
379,3C,1,0,-1,-1,NULL
380,4J,21,0,-1,-1,NULL
381,1I,13,1,14,11,2013-12-14 17:36:32
382,2I,9,1,14,11,2013-12-14 17:38:36
383,3I,2,1,8,17,2013-12-14 17:40:33
384,4C,7,1,14,11,2013-12-14 17:43:09
385,1I,15,1,13,12,2013-12-14 17:36:22
386,2I,26,1,12,13,2013-12-14 17:37:59
387,3I,28,1,13,12,2013-12-14 17:39:54
388,4I,18,1,14,11,2013-12-14 17:41:51
389,1C,23,0,-1,-1,NULL
390,2C,14,0,-1,-1,NULL
391,3I,6,0,-1,-1,NULL
392,4J,25,0,-1,-1,NULL
393,1I,28,1,11,14,2013-12-14 17:42:50
394,2I,10,1,14,11,2013-12-14 17:41:00
395,3C,21,1,12,13,2013-12-14 17:37:32
396,4J,24,1,10,15,2013-12-14 17:34:56
397,1I,11,0,-1,-1,NULL
398,2I,1,1,11,14,2013-12-14 17:43:23
399,3C,29,0,-1,-1,NULL
400,4J,26,1,12,13,2013-12-14 17:44:53
401,1I,10,0,-1,-1,NULL
402,2I,28,0,-1,-1,NULL
403,3C,16,1,15,10,2013-12-14 17:48:06
404,4I,18,0,-1,-1,NULL
405,1C,23,0,-1,-1,NULL
406,2C,10,0,-1,-1,NULL
407,3C,14,0,-1,-1,NULL
408,4J,26,0,-1,-1,NULL
409,1I,19,0,-1,-1,NULL
410,2I,5,0,-1,-1,NULL
411,3C,11,1,14,11,2013-12-14 17:46:17
412,4J,30,0,-1,-1,NULL
413,1I,14,0,-1,-1,NULL
414,2I,3,0,-1,-1,NULL
415,3C,16,0,-1,-1,NULL
416,4I,15,0,-1,-1,NULL
417,1C,26,1,16,9,2013-12-14 17:48:25
418,2C,24,0,-1,-1,NULL
419,3C,8,0,-1,-1,NULL
420,4J,23,0,-1,-1,NULL
421,1C,8,0,-1,-1,NULL
422,2C,12,0,-1,-1,NULL
423,3C,24,1,14,11,2013-12-14 17:47:25
424,4C,7,0,-1,-1,NULL
425,1C,3,1,12,13,2013-12-14 17:48:59
426,2C,13,0,-1,-1,NULL
427,3C,15,0,-1,-1,NULL
428,4I,11,0,-1,-1,NULL
429,1C,1,1,16,9,2013-12-14 17:58:36
430,2C,21,1,13,12,2013-12-14 17:56:17
431,3C,13,1,16,9,2013-12-14 17:54:09
432,4I,18,1,9,16,2013-12-14 17:49:08
433,1I,27,0,-1,-1,NULL
434,2I,28,0,-1,-1,NULL
435,3I,20,0,-1,-1,NULL
436,4I,19,1,15,10,2013-12-14 17:52:26
437,1C,2,1,9,16,2013-12-14 17:51:59
438,2C,10,1,13,12,2013-12-14 17:50:16
439,3I,8,1,14,11,2013-12-14 17:46:27
440,4I,12,1,17,8,2013-12-14 17:48:46
441,1I,22,1,17,8,2013-12-14 17:49:50
442,2I,19,1,10,15,2013-12-14 17:52:40
443,3C,10,1,10,15,2013-12-14 17:55:11
444,4I,18,1,12,13,2013-12-14 17:56:59
445,1I,30,1,13,12,2013-12-14 17:49:48
446,2I,17,1,8,17,2013-12-14 17:51:08
447,3C,10,1,14,11,2013-12-14 17:52:16
448,4C,7,1,13,12,2013-12-14 17:53:30
449,1I,6,1,16,9,2013-12-14 17:55:45
450,2I,15,1,13,12,2013-12-14 17:58:17
451,3I,9,1,14,11,2013-12-14 17:59:43
452,4J,24,1,16,9,2013-12-14 18:01:10
453,1C,5,1,13,10,2013-12-14 18:06:54
454,2C,17,0,-1,-1,NULL
455,3I,28,0,-1,-1,NULL
456,4J,26,0,-1,-1,NULL
457,1I,8,1,12,12,2013-12-14 18:01:58
458,2I,16,1,12,13,2013-12-14 18:04:23
459,3I,23,1,13,12,2013-12-14 18:06:40
460,4J,30,1,12,13,2013-12-14 17:59:24
461,1I,30,1,18,6,2013-12-14 17:59:52
462,2I,14,1,16,9,2013-12-14 18:04:05
463,3I,2,1,14,11,2013-12-14 18:07:00
464,4C,4,1,13,12,2013-12-14 18:09:18
465,1C,15,1,11,14,2013-12-14 18:07:18
466,2C,24,1,14,11,2013-12-14 18:10:09
467,3I,27,1,16,9,2013-12-14 18:12:16
468,4I,20,1,11,14,2013-12-14 18:14:14
469,1C,24,1,10,15,2013-12-14 18:03:20
470,2C,7,1,14,11,2013-12-14 18:05:10
471,3C,8,1,16,9,2013-12-14 18:09:02
472,4J,30,1,14,11,2013-12-14 18:11:36
473,1I,13,1,13,7,2013-12-14 18:06:19
474,2I,5,1,17,8,2013-12-14 18:13:16
475,3C,26,1,14,11,2013-12-14 18:17:33
476,4C,8,0,-1,-1,NULL
477,1I,17,1,12,12,2013-12-14 18:03:06
478,2I,30,1,15,10,2013-12-14 18:07:12
479,3I,27,1,16,9,2013-12-14 18:09:49
480,4I,16,1,10,15,2013-12-14 18:11:44
481,1I,2,0,-1,-1,NULL
482,2I,26,0,-1,-1,NULL
483,3I,22,0,-1,-1,NULL
484,4J,21,1,12,13,2013-12-14 18:06:41
485,1I,23,1,11,13,2013-12-14 18:10:15
486,2I,10,1,15,10,2013-12-14 18:15:30
487,3C,14,1,16,9,2013-12-14 18:19:45
488,4J,30,1,13,12,2013-12-14 18:24:15
489,1I,21,1,14,11,2013-12-14 18:14:31
490,2I,11,1,16,9,2013-12-14 18:21:08
491,3C,26,1,16,9,2013-12-14 18:24:42
492,4I,20,1,9,16,2013-12-14 18:27:55
493,1C,17,1,16,9,2013-12-14 18:11:57
494,2C,19,1,13,12,2013-12-14 18:13:47
495,3C,21,1,14,11,2013-12-14 18:15:14
496,4I,20,1,11,14,2013-12-14 18:17:21
497,1C,13,1,16,9,2013-12-14 18:18:23
498,2C,1,1,10,15,2013-12-14 18:22:05
499,3C,30,1,13,12,2013-12-14 18:26:54
500,4C,5,1,15,10,2013-12-14 18:31:41
501,1C,13,1,11,14,2013-12-14 18:17:45
502,2C,18,1,12,13,2013-12-14 18:19:25
503,3C,25,1,12,13,2013-12-14 18:20:58
504,4C,10,1,12,13,2013-12-14 18:15:08
505,1I,25,1,14,11,2013-12-14 18:24:35
506,2I,1,1,16,9,2013-12-14 18:21:38
507,3C,12,1,8,17,2013-12-14 18:26:12
508,4C,8,0,-1,-1,NULL
509,1C,2,1,14,11,2013-12-14 18:26:42
510,2C,17,1,14,11,2013-12-14 18:25:48
511,3I,8,1,14,11,2013-12-14 18:24:37
512,4C,9,1,16,9,2013-12-14 18:23:31
513,1C,21,1,16,9,2013-12-14 18:34:05
514,2C,20,1,12,13,2013-12-14 18:36:39
515,3C,12,1,11,14,2013-12-14 18:38:52
516,4C,3,1,13,12,2013-12-14 18:45:38
517,1I,25,1,10,14,2013-12-14 18:31:07
518,2I,27,1,19,6,2013-12-14 18:28:49
519,3C,17,1,15,10,2013-12-14 18:35:04
520,4C,9,1,13,12,2013-12-14 18:38:05
521,1C,17,1,14,11,2013-12-14 18:38:29
522,2C,29,1,13,12,2013-12-14 18:40:32
523,3C,27,1,16,9,2013-12-14 18:41:41
524,4C,2,1,11,14,2013-12-14 18:42:56
525,1I,25,1,10,14,2013-12-14 18:51:05
526,2I,3,1,14,11,2013-12-14 18:56:35
527,3I,10,1,11,14,2013-12-14 18:59:57
528,4I,14,1,12,13,2013-12-14 19:03:32
529,1C,12,1,14,11,2013-12-14 18:53:51
530,2C,3,1,9,16,2013-12-14 18:59:38
531,3C,29,1,17,8,2013-12-14 19:04:50
532,4J,22,1,19,6,2013-12-14 19:09:04
533,1C,19,1,18,7,2013-12-14 18:55:31
534,2C,21,1,16,9,2013-12-14 19:00:08
535,3C,14,1,12,13,2013-12-14 19:03:59
536,4I,11,1,9,16,2013-12-14 19:06:27
537,1I,16,1,18,7,2013-12-14 18:52:27
538,2I,8,1,17,8,2013-12-14 18:59:55
539,3C,25,1,13,12,2013-12-14 19:03:12
540,4J,23,1,13,12,2013-12-14 19:06:23
541,1C,12,1,14,11,2013-12-14 18:59:57
542,2C,30,1,17,8,2013-12-14 19:02:08
543,3I,5,1,14,11,2013-12-14 19:03:36
544,4J,21,1,11,14,2013-12-14 18:56:44
545,1I,5,1,14,10,2013-12-15 16:01:48
546,2I,28,1,17,8,2013-12-15 16:06:33
547,3C,14,1,11,14,2013-12-15 16:10:37
548,4J,26,1,15,10,2013-12-15 16:14:28
549,1C,17,1,11,14,2013-12-15 09:52:21
550,2C,19,1,15,10,2013-12-15 09:49:27
551,3I,27,1,12,13,2013-12-15 09:46:59
552,4I,20,1,10,15,2013-12-15 09:42:56
553,1I,7,1,12,13,2013-12-15 10:00:42
554,2I,26,1,14,11,2013-12-15 10:05:41
555,3C,2,1,14,11,2013-12-15 10:07:54
556,4J,24,0,-1,-1,NULL
557,1C,6,1,16,9,2013-12-15 10:10:11
558,2C,27,1,13,12,2013-12-15 10:13:11
559,3C,23,1,15,10,2013-12-15 10:17:19
560,4J,22,1,16,9,2013-12-15 10:19:41
561,1C,17,0,-1,-1,NULL
562,2C,28,0,-1,-1,NULL
563,3C,5,0,-1,-1,NULL
564,4J,26,0,-1,-1,NULL
565,1I,28,1,8,17,2013-12-15 10:19:42
566,2I,25,1,11,14,2013-12-15 10:18:31
567,3I,9,1,13,12,2013-12-15 10:15:46
568,4J,26,1,6,19,2013-12-15 10:17:21
569,1I,9,0,-1,-1,NULL
570,2I,16,0,-1,-1,NULL
571,3C,8,1,12,13,2013-12-15 10:18:26
572,4I,12,0,-1,-1,NULL
573,1I,4,1,9,12,2013-12-15 10:31:11
574,2I,15,1,10,14,2013-12-15 10:21:41
575,3I,13,1,8,17,2013-12-15 10:36:02
576,4I,20,1,13,12,2013-12-15 10:26:52
577,1C,9,0,-1,-1,NULL
578,2C,14,0,-1,-1,NULL
579,3C,1,0,-1,-1,NULL
580,4C,5,0,-1,-1,NULL
581,1I,16,0,-1,-1,NULL
582,2I,5,0,-1,-1,NULL
583,3C,4,1,14,10,2013-12-15 10:23:39
584,4I,19,0,-1,-1,NULL
585,1I,2,1,11,14,2013-12-15 10:19:54
586,2I,23,0,-1,-1,NULL
587,3C,22,0,-1,-1,NULL
588,4C,3,1,12,13,2013-12-15 10:21:17
589,1C,29,1,14,11,2013-12-15 10:27:09
590,2C,5,1,13,12,2013-12-15 10:29:27
591,3I,7,1,14,11,2013-12-15 10:31:58
592,4C,10,1,11,14,2013-12-15 10:34:26
593,1I,9,1,14,11,2013-12-15 10:26:25
594,2I,30,1,15,10,2013-12-15 10:28:46
595,3I,29,1,14,11,2013-12-15 10:32:45
596,4C,2,1,14,11,2013-12-15 10:31:28
597,1C,23,1,14,11,2013-12-15 10:35:35
598,2C,14,1,10,15,2013-12-15 10:38:30
599,3I,5,1,15,10,2013-12-15 10:44:42
600,4J,24,1,14,11,2013-12-15 10:49:33
601,1C,19,1,14,11,2013-12-15 10:24:36
602,2C,27,1,14,11,2013-12-15 10:27:22
603,3C,24,1,15,10,2013-12-15 10:28:57
604,4C,7,1,13,12,2013-12-15 10:31:02
605,1I,26,1,14,11,2013-12-15 10:26:30
606,2I,15,1,8,17,2013-12-15 10:30:14
607,3C,27,1,18,7,2013-12-15 10:32:38
608,4I,13,1,15,10,2013-12-15 10:35:31
609,1I,14,1,10,15,2013-12-15 10:38:08
610,2I,7,1,13,12,2013-12-15 10:41:03
611,3C,6,1,14,11,2013-12-15 10:43:23
612,4I,11,1,12,13,2013-12-15 10:36:09
613,1I,24,1,14,10,2013-12-15 10:39:23
614,2I,15,1,15,10,2013-12-15 10:49:27
615,3I,22,1,18,7,2013-12-15 10:55:31
616,4C,4,1,12,13,2013-12-15 10:59:12
617,1C,21,1,14,11,2013-12-15 10:37:25
618,2C,6,1,14,11,2013-12-15 10:39:15
619,3C,22,1,12,13,2013-12-15 10:40:39
620,4C,5,1,15,10,2013-12-15 10:41:52
621,1C,12,1,16,9,2013-12-15 10:40:43
622,2C,26,0,-1,-1,NULL
623,3C,10,0,-1,-1,NULL
624,4C,9,1,17,8,2013-12-15 10:44:47
625,1I,19,1,16,9,2013-12-15 10:46:39
626,2I,11,1,12,13,2013-12-15 10:42:13
627,3C,20,1,10,15,2013-12-15 10:43:34
628,4C,7,1,10,15,2013-12-15 10:45:08
629,1I,1,0,-1,-1,NULL
630,2I,4,1,10,15,2013-12-15 10:49:25
631,3C,24,1,14,11,2013-12-15 10:53:23
632,4I,11,1,14,11,2013-12-15 10:46:08
633,1I,17,0,-1,-1,NULL
634,2I,25,1,12,12,2013-12-15 10:50:05
635,3C,15,0,-1,-1,NULL
636,4C,4,0,-1,-1,NULL
637,1I,6,1,19,6,2013-12-15 10:47:40
638,2I,5,1,16,9,2013-12-15 10:53:06
639,3C,10,1,16,9,2013-12-15 10:56:45
640,4J,24,1,11,14,2013-12-15 11:01:52
641,1I,22,0,-1,-1,NULL
642,2I,4,0,-1,-1,NULL
643,3C,23,0,-1,-1,NULL
644,4J,30,0,-1,-1,NULL
645,1C,13,1,16,9,2013-12-15 10:50:06
646,2C,3,1,15,10,2013-12-15 10:52:01
647,3I,5,1,17,8,2013-12-15 10:53:27
648,4C,2,1,15,10,2013-12-15 10:54:56
649,1I,1,1,14,11,2013-12-15 10:52:46
650,2I,29,1,11,14,2013-12-15 10:54:57
651,3C,16,1,16,9,2013-12-15 10:56:47
652,4I,14,1,12,13,2013-12-15 10:58:27
653,1I,12,1,13,12,2013-12-15 11:02:14
654,2I,20,0,-1,-1,NULL
655,3C,1,0,-1,-1,NULL
656,4C,9,1,13,12,2013-12-15 11:05:38
657,1C,16,0,-1,-1,NULL
658,2C,4,0,-1,-1,NULL
659,3C,20,0,-1,-1,NULL
660,4I,15,0,-1,-1,NULL
661,1C,13,1,15,10,2013-12-15 11:04:12
662,2C,3,1,10,15,2013-12-15 11:05:50
663,3I,30,1,13,12,2013-12-15 11:10:05
664,4C,9,1,15,10,2013-12-15 11:11:42
665,1I,8,1,13,11,2013-12-15 10:59:51
666,2I,3,0,-1,-1,NULL
667,3C,15,0,-1,-1,NULL
668,4J,26,0,-1,-1,NULL
669,1I,13,1,12,13,2013-12-15 11:11:00
670,2I,18,0,-1,-1,NULL
671,3C,22,1,19,6,2013-12-15 11:03:03
672,4I,15,0,-1,-1,NULL
673,1I,5,1,12,12,2013-12-15 11:13:15
674,2I,10,1,16,9,2013-12-15 11:08:57
675,3C,8,1,8,17,2013-12-15 11:18:15
676,4C,6,1,16,9,2013-12-15 11:23:24
677,1C,22,0,-1,-1,NULL
678,2C,9,0,-1,-1,NULL
679,3I,11,0,-1,-1,NULL
680,4J,25,0,-1,-1,NULL
681,1C,14,1,12,10,2013-12-15 11:37:52
682,2C,20,1,10,15,2013-12-15 11:43:16
683,3I,18,1,14,11,2013-12-15 11:51:29
684,4C,6,1,16,9,2013-12-15 11:59:59
685,1I,10,1,17,8,2013-12-15 11:28:33
686,2I,8,1,14,11,2013-12-15 11:31:16
687,3I,30,1,17,8,2013-12-15 11:33:23
688,4J,27,1,16,9,2013-12-15 11:34:56
689,1I,2,1,9,16,2013-12-15 11:29:22
690,2I,20,1,14,11,2013-12-15 11:32:00
691,3C,29,1,13,12,2013-12-15 11:33:58
692,4C,4,1,12,13,2013-12-15 11:35:09
693,1C,23,1,18,7,2013-12-15 11:31:38
694,2C,21,1,10,15,2013-12-15 11:33:31
695,3I,19,1,11,14,2013-12-15 11:35:52
696,4C,8,1,10,15,2013-12-15 11:37:52
697,1I,20,1,11,11,2013-12-15 11:39:37
698,2I,30,1,17,8,2013-12-15 11:46:04
699,3C,29,1,13,12,2013-12-15 11:49:49
700,4I,18,1,14,11,2013-12-15 11:53:05
701,1I,24,1,16,9,2013-12-15 11:40:01
702,2I,14,1,13,12,2013-12-15 11:48:12
703,3I,8,1,11,14,2013-12-15 11:54:22
704,4I,17,1,14,11,2013-12-15 11:56:23
705,1C,10,1,17,8,2013-12-15 11:41:04
706,2C,12,1,14,11,2013-12-15 11:43:58
707,3C,30,1,21,4,2013-12-15 11:47:33
708,4C,5,1,14,11,2013-12-15 11:50:47
709,1I,21,1,17,8,2013-12-15 11:36:59
710,2I,30,1,13,12,2013-12-15 11:40:32
711,3I,20,1,12,13,2013-12-15 11:43:21
712,4J,28,1,13,12,2013-12-15 11:45:28
713,1C,25,1,14,11,2013-12-15 11:51:29
714,2C,23,1,15,10,2013-12-15 11:48:36
715,3C,20,1,6,19,2013-12-15 11:53:19
716,4I,11,1,13,12,2013-12-15 11:45:37
717,1C,22,1,19,6,2013-12-15 11:55:48
718,2C,7,1,14,11,2013-12-15 11:53:46
719,3C,26,1,13,11,2013-12-15 11:51:18
720,4C,4,1,16,9,2013-12-15 11:47:48
721,1I,9,1,12,12,2013-12-15 11:56:28
722,2I,18,1,10,15,2013-12-15 11:50:06
723,3I,8,1,12,13,2013-12-15 12:03:02
724,4I,13,1,15,10,2013-12-15 11:58:52
725,1C,30,1,15,10,2013-12-15 11:51:59
726,2C,4,1,10,15,2013-12-15 11:54:27
727,3C,6,1,14,11,2013-12-15 11:56:59
728,4J,23,1,14,11,2013-12-15 11:59:19
729,1I,13,0,-1,-1,NULL
730,2I,4,0,-1,-1,NULL
731,3I,1,1,14,11,2013-12-15 11:54:41
732,4J,29,0,-1,-1,NULL
733,1C,29,0,-1,-1,NULL
734,2C,6,0,-1,-1,NULL
735,3I,4,1,8,17,2013-12-15 11:55:41
736,4I,19,0,-1,-1,NULL
737,1C,24,1,12,13,2013-12-15 11:51:48
738,2C,13,1,9,16,2013-12-15 11:52:36
739,3I,17,1,9,16,2013-12-15 11:53:18
740,4I,15,1,12,13,2013-12-15 11:54:01
741,1C,15,1,14,11,2013-12-15 12:01:07
742,2C,1,1,11,14,2013-12-15 12:04:13
743,3I,23,1,13,12,2013-12-15 12:07:52
744,4C,10,1,23,2,2013-12-15 12:11:40
745,1C,6,1,13,12,2013-12-15 11:59:19
746,2C,1,1,21,4,2013-12-15 12:12:09
747,3C,10,1,24,1,2013-12-15 12:18:03
748,4J,28,1,11,14,2013-12-15 12:04:05
749,1I,13,1,9,14,2013-12-15 11:59:15
750,2I,27,1,16,9,2013-12-15 12:01:23
751,3C,20,1,12,13,2013-12-15 11:56:43
752,4J,30,1,15,10,2013-12-15 12:06:25
753,1I,17,1,11,11,2013-12-15 12:01:34
754,2I,28,1,15,10,2013-12-15 12:05:56
755,3C,14,1,10,15,2013-12-15 12:10:08
756,4C,8,1,12,13,2013-12-15 12:12:26
757,1I,24,1,14,11,2013-12-15 12:29:25
758,2I,14,1,16,9,2013-12-15 12:17:46
759,3C,2,1,10,15,2013-12-15 12:35:17
760,4I,19,1,12,13,2013-12-15 12:26:02
761,1C,29,1,14,11,2013-12-15 12:20:17
762,2C,14,1,14,11,2013-12-15 12:17:35
763,3I,19,1,16,9,2013-12-15 12:16:03
764,4J,28,1,16,9,2013-12-15 12:13:27
765,1C,10,1,15,10,2013-12-15 12:22:14
766,2C,27,1,15,10,2013-12-15 12:17:51
767,3C,13,1,11,13,2013-12-15 12:25:08
768,4J,21,1,12,13,2013-12-15 12:26:49
769,1C,6,1,11,14,2013-12-15 12:22:02
770,2C,7,1,15,10,2013-12-15 12:23:47
771,3I,24,1,12,13,2013-12-15 12:29:10
772,4J,26,1,17,8,2013-12-15 12:26:20
773,1I,29,1,14,11,2013-12-15 12:21:10
774,2I,14,0,-1,-1,NULL
775,3C,21,0,-1,-1,NULL
776,4I,12,0,-1,-1,NULL
777,1C,11,1,10,15,2013-12-15 14:43:23
778,2C,16,1,19,6,2013-12-15 14:33:16
779,3I,29,1,9,16,2013-12-15 12:28:03
780,4I,17,1,15,10,2013-12-15 14:38:45
781,1C,1,1,15,10,2013-12-15 12:25:29
782,2C,10,1,13,12,2013-12-15 12:28:07
783,3I,14,0,-1,-1,NULL
784,4J,29,0,-1,-1,NULL
785,1C,10,1,15,10,2013-12-15 12:35:00
786,2C,26,1,14,11,2013-12-15 12:37:45
787,3C,13,1,10,15,2013-12-15 12:41:29
788,4C,7,0,-1,-1,NULL
789,1I,28,0,-1,-1,NULL
790,2I,26,1,11,14,2013-12-15 12:38:06
791,3C,12,0,-1,-1,NULL
792,4I,18,0,-1,-1,NULL
793,1I,13,1,13,12,2013-12-15 14:43:46
794,2I,28,0,-1,-1,NULL
795,3I,25,0,-1,-1,NULL
796,4I,15,0,-1,-1,NULL
797,1C,16,1,12,13,2013-12-15 12:50:24
798,2C,5,1,10,15,2013-12-15 12:52:44
799,3C,19,1,9,16,2013-12-15 12:55:45
800,4C,9,1,12,13,2013-12-15 12:57:32
801,1C,20,1,10,15,2013-12-15 12:45:15
802,2C,17,1,12,13,2013-12-15 12:46:59
803,3I,2,1,11,14,2013-12-15 12:48:32
804,4J,26,1,19,6,2013-12-15 12:49:59
805,1C,21,1,16,9,2013-12-15 12:56:16
806,2C,10,1,17,8,2013-12-15 12:58:51
807,3I,7,1,17,8,2013-12-15 13:02:06
808,4I,12,1,16,9,2013-12-15 13:04:16
809,1C,12,1,12,13,2013-12-15 12:59:33
810,2C,22,0,-1,-1,NULL
811,3C,8,0,-1,-1,NULL
812,4I,19,0,-1,-1,NULL
813,1C,8,1,18,7,2013-12-15 12:55:34
814,2C,27,1,8,17,2013-12-15 12:57:08
815,3I,13,1,13,12,2013-12-15 12:58:43
816,4I,17,1,15,10,2013-12-15 13:00:18
817,1C,23,0,-1,-1,NULL
818,2C,6,0,-1,-1,NULL
819,3I,27,1,14,11,2013-12-15 12:58:30
820,4J,26,1,12,13,2013-12-15 13:00:49
821,1I,12,1,11,14,2013-12-15 13:20:59
822,2I,16,1,11,14,2013-12-15 13:18:03
823,3I,3,1,9,16,2013-12-15 13:19:52
824,4I,14,1,9,16,2013-12-15 13:22:41
825,1I,4,1,8,16,2013-12-15 13:23:27
826,2I,18,1,8,17,2013-12-15 13:27:11
827,3I,9,1,17,8,2013-12-15 13:30:04
828,4J,30,1,12,13,2013-12-15 13:32:42
829,1I,15,1,11,14,2013-12-15 13:21:35
830,2I,27,1,16,9,2013-12-15 13:24:11
831,3C,16,1,15,10,2013-12-15 13:26:13
832,4J,23,1,9,16,2013-12-15 13:27:56
833,1C,15,1,15,10,2013-12-15 13:28:44
834,2C,17,1,11,14,2013-12-15 13:26:25
835,3I,7,1,15,10,2013-12-15 13:22:37
836,4C,5,1,12,13,2013-12-15 13:24:58
837,1I,20,1,17,8,2013-12-15 13:31:21
838,2I,14,1,9,16,2013-12-15 13:29:33
839,3I,24,1,16,9,2013-12-15 13:26:17
840,4J,26,1,8,17,2013-12-15 13:27:31
841,1I,25,1,8,15,2013-12-15 13:32:34
842,2I,12,0,-1,-1,NULL
843,3C,18,0,-1,-1,NULL
844,4J,27,0,-1,-1,NULL
845,1C,12,1,11,14,2013-12-15 13:39:27
846,2C,25,1,14,11,2013-12-15 13:38:01
847,3I,9,1,15,10,2013-12-15 13:36:13
848,4I,16,1,12,13,2013-12-15 13:34:09
849,1I,22,1,19,6,2013-12-15 13:38:33
850,2I,5,1,13,12,2013-12-15 13:40:02
851,3I,17,1,9,16,2013-12-15 13:43:25
852,4C,4,1,11,14,2013-12-15 13:44:52
853,1C,12,0,-1,-1,NULL
854,2C,22,0,-1,-1,NULL
855,3I,8,0,-1,-1,NULL
856,4C,10,0,-1,-1,NULL
857,1I,6,1,13,12,2013-12-15 13:48:36
858,2I,9,1,12,13,2013-12-15 13:47:06
859,3C,22,1,16,9,2013-12-15 13:44:10
860,4C,2,1,11,14,2013-12-15 13:45:37
861,1I,29,1,15,10,2013-12-15 13:51:26
862,2I,9,1,13,12,2013-12-15 13:49:53
863,3C,18,1,13,12,2013-12-15 13:48:18
864,4I,20,1,14,11,2013-12-15 13:46:00
865,1C,15,1,12,13,2013-12-15 13:48:07
866,2C,14,1,15,10,2013-12-15 13:51:41
867,3I,21,1,9,15,2013-12-15 14:06:40
868,4C,4,1,10,15,2013-12-15 14:08:52
869,1C,2,1,11,14,2013-12-15 13:53:31
870,2C,1,1,13,12,2013-12-15 13:52:14
871,3C,17,1,11,14,2013-12-15 13:51:00
872,4I,15,1,11,14,2013-12-15 13:49:02
873,1C,26,0,-1,-1,NULL
874,2C,30,1,7,18,2013-12-15 14:02:19
875,3I,15,0,-1,-1,NULL
876,4J,22,0,-1,-1,NULL
877,1C,4,0,-1,-1,NULL
878,2C,8,1,9,16,2013-12-15 14:03:01
879,3C,2,0,-1,-1,NULL
880,4I,13,0,-1,-1,NULL
881,1I,13,1,12,13,2013-12-15 14:07:58
882,2I,30,1,16,9,2013-12-15 14:11:53
883,3I,6,0,-1,-1,NULL
884,4I,12,1,12,13,2013-12-15 14:05:39
885,1I,11,1,13,11,2013-12-15 14:20:33
886,2I,7,1,18,7,2013-12-15 14:24:49
887,3I,16,1,11,14,2013-12-15 14:28:36
888,4I,13,1,14,11,2013-12-15 14:30:27
889,1I,7,0,-1,-1,NULL
890,2I,11,1,14,11,2013-12-15 14:26:49
891,3I,27,0,-1,-1,NULL
892,4C,10,1,15,10,2013-12-15 14:29:56
893,1C,23,1,8,17,2013-12-15 14:35:09
894,2C,8,1,15,10,2013-12-15 14:37:11
895,3I,13,1,12,13,2013-12-15 14:40:36
896,4C,2,1,10,15,2013-12-15 14:43:04
897,1C,28,0,-1,-1,NULL
898,2C,15,0,-1,-1,NULL
899,3I,12,0,-1,-1,NULL
900,4C,3,0,-1,-1,NULL
901,1I,2,1,12,13,2013-12-15 14:34:41
902,2I,26,1,15,10,2013-12-15 14:37:12
903,3C,11,1,11,14,2013-12-15 14:40:01
904,4C,3,1,15,10,2013-12-15 14:41:05
905,1I,24,1,15,10,2013-12-15 14:44:03
906,2I,22,1,20,5,2013-12-15 14:41:24
907,3C,13,1,13,12,2013-12-15 14:46:21
908,4I,17,1,11,12,2013-12-15 14:49:55
909,1I,1,1,15,9,2013-12-15 14:47:23
910,2I,16,1,16,9,2013-12-15 14:48:41
911,3C,15,1,13,12,2013-12-15 14:51:03
912,4C,3,1,21,4,2013-12-15 14:52:24
913,1C,4,0,-1,-1,NULL
914,2C,20,0,-1,-1,NULL
915,3I,18,0,-1,-1,NULL
916,4J,22,0,-1,-1,NULL
917,1I,17,1,9,16,2013-12-15 15:44:21
918,2I,21,1,15,10,2013-12-15 15:37:16
919,3I,28,1,13,12,2013-12-15 15:42:01
920,4J,25,1,12,13,2013-12-15 15:47:10
921,1C,13,1,14,10,2013-12-15 15:46:18
922,2C,28,1,12,13,2013-12-15 15:50:04
923,3I,17,1,14,11,2013-12-15 15:54:36
924,4J,21,1,12,13,2013-12-15 15:59:09
925,1I,25,1,12,8,2013-12-15 15:40:33
926,2I,6,1,14,11,2013-12-15 15:44:14
927,3C,5,1,13,12,2013-12-15 15:47:41
928,4C,10,1,11,14,2013-12-15 15:50:35
929,1C,29,1,16,9,2013-12-15 15:42:46
930,2C,27,1,20,5,2013-12-15 15:44:07
931,3I,5,1,15,10,2013-12-15 15:45:06
932,4I,19,1,12,13,2013-12-15 15:46:04
933,1I,15,1,8,17,2013-12-15 15:47:32
934,2I,20,1,13,12,2013-12-15 15:43:45
935,3I,16,1,13,12,2013-12-15 15:45:55
936,4I,12,1,13,12,2013-12-15 15:41:58
937,1C,14,1,16,9,2013-12-15 15:46:46
938,2C,30,1,17,8,2013-12-15 15:44:49
939,3C,29,1,13,12,2013-12-15 15:43:10
940,4J,25,1,11,14,2013-12-15 15:41:14
941,1I,27,1,14,11,2013-12-15 15:46:03
942,2I,3,1,14,11,2013-12-15 15:44:50
943,3I,12,1,16,9,2013-12-15 15:43:18
944,4C,6,1,13,12,2013-12-15 15:41:24
945,1C,16,1,17,8,2013-12-15 15:44:53
946,2C,27,1,16,9,2013-12-15 15:46:03
947,3I,23,1,17,8,2013-12-15 15:47:28
948,4C,10,1,9,16,2013-12-15 15:48:54
949,1C,3,1,14,10,2013-12-15 15:49:44
950,2C,17,1,13,12,2013-12-15 15:50:49
951,3I,10,1,15,10,2013-12-15 15:52:28
952,4J,28,1,10,15,2013-12-15 15:53:21
953,1C,11,1,10,15,2013-12-15 15:52:03
954,2C,19,1,12,13,2013-12-15 15:57:19
955,3C,6,1,8,17,2013-12-15 15:56:16
956,4J,26,1,16,9,2013-12-15 15:53:55
957,1I,3,1,12,13,2013-12-15 15:56:13
958,2I,14,1,16,9,2013-12-15 15:55:00
959,3I,15,1,9,16,2013-12-15 15:53:37
960,4C,6,1,17,8,2013-12-15 15:51:39
961,1C,20,1,13,12,2013-12-15 16:01:17
962,2C,9,1,13,12,2013-12-15 16:05:32
963,3C,22,1,17,8,2013-12-15 16:10:35
964,4I,12,1,16,9,2013-12-15 16:13:26
965,1C,23,1,13,12,2013-12-15 16:03:20
966,2C,12,1,13,12,2013-12-15 16:05:57
967,3C,28,1,11,14,2013-12-15 16:10:19
968,4C,10,1,12,13,2013-12-15 16:14:36
969,1I,4,0,-1,-1,NULL
970,2I,14,0,-1,-1,NULL
971,3I,5,0,-1,-1,NULL
972,4J,28,0,-1,-1,NULL
973,1I,4,1,13,10,2013-12-15 16:04:26
974,2I,17,1,16,9,2013-12-15 16:00:59
975,3I,24,1,15,9,2013-12-15 15:59:36
976,4I,20,1,14,11,2013-12-15 15:57:11
977,1I,13,0,-1,-1,NULL
978,2I,19,1,15,10,2013-12-15 16:02:46
979,3I,25,1,11,14,2013-12-15 16:01:25
980,4J,24,0,-1,-1,NULL
981,1I,21,1,11,14,2013-12-15 16:03:20
982,2I,28,1,12,13,2013-12-15 16:01:37
983,3C,22,0,-1,-1,NULL
984,4I,19,0,-1,-1,NULL
985,1C,5,1,15,10,2013-12-15 16:16:41
986,2C,7,1,13,12,2013-12-15 16:10:06
987,3I,8,1,19,6,2013-12-15 16:12:41
988,4C,6,1,13,12,2013-12-15 16:08:26
989,1I,7,1,14,11,2013-12-15 16:07:41
990,2I,16,1,18,7,2013-12-15 16:05:53
991,3C,10,1,14,11,2013-12-15 16:03:49
992,4J,23,1,13,12,2013-12-15 16:01:15
993,1C,7,1,14,11,2013-12-15 16:02:34
994,2C,21,1,14,11,2013-12-15 16:07:29
995,3C,10,1,12,13,2013-12-15 16:06:21
996,4C,3,1,15,9,2013-12-15 16:05:09
997,1C,13,1,11,14,2013-12-15 16:25:35
998,2C,15,1,14,11,2013-12-15 16:17:00
999,3I,22,1,18,7,2013-12-15 16:14:03
1000,4C,5,1,16,9,2013-12-15 16:20:17
1001,1I,8,0,-1,-1,NULL
1002,2I,14,0,-1,-1,NULL
1003,3I,7,1,10,15,2013-12-15 16:17:07
1004,4C,9,0,-1,-1,NULL
1005,1I,12,1,14,11,2013-12-15 16:14:56
1006,2I,13,1,9,16,2013-12-15 16:16:33
1007,3C,1,1,18,7,2013-12-15 16:17:43
1008,4C,8,1,12,13,2013-12-15 16:19:27
1009,1C,6,0,-1,-1,NULL
1010,2C,14,0,-1,-1,NULL
1011,3C,18,0,-1,-1,NULL
1012,4C,10,0,-1,-1,NULL
1013,1C,22,1,11,14,2013-12-15 16:21:02
1014,2C,2,1,13,12,2013-12-15 16:22:43
1015,3C,17,1,13,12,2013-12-15 16:17:27
1016,4I,13,1,15,10,2013-12-15 16:19:30
1017,1I,21,1,15,10,2013-12-15 16:17:58
1018,2I,3,1,11,14,2013-12-15 16:16:21
1019,3I,7,1,13,12,2013-12-15 16:20:12
1020,4I,12,1,13,12,2013-12-15 16:21:38
1021,1I,7,1,13,12,2013-12-15 16:16:48
1022,2I,16,1,8,17,2013-12-15 16:17:58
1023,3C,28,0,-1,-1,NULL
1024,4C,8,0,-1,-1,NULL
1025,1C,27,1,17,8,2013-12-15 16:23:59
1026,2C,30,1,17,8,2013-12-15 16:26:57
1027,3C,7,1,14,11,2013-12-15 16:31:08
1028,4C,5,1,14,11,2013-12-15 16:34:26
1029,1I,13,1,13,10,2013-12-15 16:26:17
1030,2I,14,1,15,10,2013-12-15 16:30:17
1031,3C,3,1,10,15,2013-12-15 16:33:26
1032,4I,19,1,14,11,2013-12-15 16:37:39
1033,1C,7,1,16,9,2013-12-15 16:35:44
1034,2C,2,1,14,11,2013-12-15 16:37:27
1035,3I,1,1,12,13,2013-12-15 16:39:16
1036,4I,18,1,13,12,2013-12-15 16:42:03
1037,1I,28,1,13,12,2013-12-15 16:42:13
1038,2I,15,1,13,12,2013-12-15 16:49:01
1039,3I,27,1,18,7,2013-12-15 16:56:13
1040,4I,20,1,9,16,2013-12-15 17:03:30
1041,1C,11,1,19,5,2013-12-15 16:44:44
1042,2C,7,1,13,12,2013-12-15 16:48:01
1043,3C,1,1,13,12,2013-12-15 16:51:00
1044,4I,15,1,15,10,2013-12-15 16:55:10
1045,1I,14,1,9,15,2013-12-15 16:47:33
1046,2I,21,1,13,12,2013-12-15 16:53:20
1047,3C,23,1,14,11,2013-12-15 16:55:23
1048,4J,27,1,17,8,2013-12-15 16:56:42
1049,1I,25,1,12,12,2013-12-15 16:46:33
1050,2I,7,1,13,12,2013-12-15 16:51:41
1051,3C,14,1,14,11,2013-12-15 16:54:21
1052,4J,24,1,12,13,2013-12-15 16:55:58
1053,1C,22,1,21,4,2013-12-15 16:46:18
1054,2C,16,1,17,8,2013-12-15 16:48:45
1055,3I,11,1,11,14,2013-12-15 16:50:36
1056,4J,30,1,19,6,2013-12-15 16:54:03
1057,1I,4,1,13,11,2013-12-15 16:54:03
1058,2I,1,1,15,10,2013-12-15 16:49:28
1059,3C,17,1,10,15,2013-12-15 16:58:19
1060,4C,7,1,14,11,2013-12-15 16:59:47
1061,1I,9,1,13,12,2013-12-15 16:42:29
1062,2I,20,1,9,16,2013-12-15 16:45:30
1063,3I,5,1,12,12,2013-12-15 16:48:34
1064,4C,4,1,12,13,2013-12-15 16:50:11
1065,1C,27,1,14,11,2013-12-15 16:44:08
1066,2C,2,1,7,18,2013-12-15 16:45:48
1067,3C,3,1,10,15,2013-12-15 16:48:31
1068,4C,9,1,13,12,2013-12-15 16:49:53
1069,1C,17,1,13,12,2013-12-15 16:49:08
1070,2C,5,1,11,14,2013-12-15 16:53:24
1071,3I,8,1,9,16,2013-12-15 16:57:15
1072,4C,10,1,16,9,2013-12-15 17:02:30
1073,1C,14,1,15,10,2013-12-15 16:49:43
1074,2C,23,1,11,14,2013-12-15 16:47:29
1075,3I,19,1,8,17,2013-12-15 16:51:13
1076,4C,4,0,-1,-1,NULL
1077,1C,3,0,-1,-1,NULL
1078,2C,25,1,15,10,2013-12-15 16:48:54
1079,3C,8,1,13,12,2013-12-15 16:51:58
1080,4I,13,0,-1,-1,NULL
1081,1C,4,1,11,14,2013-12-15 16:54:37
1082,2C,26,1,12,13,2013-12-15 16:57:03
1083,3C,6,1,13,12,2013-12-15 17:01:49
1084,4I,14,1,11,14,2013-12-15 17:04:05
1085,1I,3,1,13,11,2013-12-15 16:52:23
1086,2I,16,1,15,10,2013-12-15 16:58:48
1087,3I,24,1,13,12,2013-12-15 17:03:18
1088,4I,13,1,14,11,2013-12-15 17:05:32
1089,1C,3,1,11,14,2013-12-15 16:58:15
1090,2C,9,0,-1,-1,NULL
1091,3C,15,0,-1,-1,NULL
1092,4J,28,0,-1,-1,NULL
1093,1I,27,1,15,10,2013-12-15 17:11:44
1094,2I,10,1,17,6,2013-12-15 17:07:03
1095,3I,16,1,15,10,2013-12-15 17:09:33
1096,4I,18,1,12,13,2013-12-15 17:13:30
1097,1I,20,1,8,15,2013-12-15 17:07:31
1098,2I,19,1,17,8,2013-12-15 17:12:12
1099,3I,1,1,18,7,2013-12-15 17:15:17
1100,4C,3,1,8,17,2013-12-15 17:16:45
1101,1C,27,1,14,11,2013-12-15 17:12:28
1102,2C,12,1,11,14,2013-12-15 17:15:15
1103,3I,15,1,12,13,2013-12-15 17:19:39
1104,4I,16,1,11,14,2013-12-15 17:22:03
1105,1C,25,1,13,12,2013-12-15 17:19:10
1106,2C,18,0,-1,-1,NULL
1107,3I,12,0,-1,-1,NULL
1108,4C,4,1,11,14,2013-12-15 17:22:35
1109,1I,25,1,15,10,2013-12-15 17:23:16
1110,2I,1,1,17,8,2013-12-15 17:33:37
1111,3I,29,1,13,12,2013-12-15 17:39:43
1112,4J,23,1,15,10,2013-12-15 17:42:19
1113,1I,24,1,11,13,2013-12-15 17:31:06
1114,2I,26,1,13,12,2013-12-15 17:35:57
1115,3C,15,1,10,15,2013-12-15 17:40:31
1116,4J,23,1,13,12,2013-12-15 17:42:00
1117,1C,12,1,18,7,2013-12-15 17:26:49
1118,2C,30,1,12,13,2013-12-15 17:29:07
1119,3I,11,1,11,14,2013-12-15 17:31:46
1120,4J,29,1,13,12,2013-12-15 17:34:22
1121,1I,2,1,10,14,2013-12-15 17:24:08
1122,2I,4,1,10,15,2013-12-15 17:27:15
1123,3C,18,0,-1,-1,NULL
1124,4C,1,0,-1,-1,NULL
1125,1I,11,1,15,9,2013-12-15 17:26:32
1126,2I,26,1,11,14,2013-12-15 17:30:58
1127,3I,29,1,15,10,2013-12-15 17:34:17
1128,4I,16,1,16,9,2013-12-15 17:37:21
1129,1C,19,1,11,14,2013-12-15 17:45:18
1130,2C,23,1,8,17,2013-12-15 17:33:44
1131,3I,17,0,-1,-1,NULL
1132,4C,4,1,12,13,2013-12-15 17:39:02
1133,1C,1,1,9,16,2013-12-15 17:44:41
1134,2C,4,1,10,15,2013-12-15 17:33:42
1135,3C,25,1,12,13,2013-12-15 17:48:35
1136,4C,7,1,18,7,2013-12-15 17:39:22
1137,1I,25,1,15,10,2013-12-15 17:34:37
1138,2I,27,1,18,7,2013-12-15 17:38:35
1139,3C,12,1,19,6,2013-12-15 17:42:22
1140,4J,24,1,16,9,2013-12-15 17:45:12
1141,1I,28,1,15,10,2013-12-15 17:39:50
1142,2I,9,1,15,10,2013-12-15 17:46:47
1143,3I,23,1,15,10,2013-12-15 17:43:48
1144,4J,30,1,16,9,2013-12-15 17:49:09
1145,1I,26,1,11,13,2013-12-15 17:56:01
1146,2I,12,1,14,11,2013-12-15 18:00:07
1147,3I,3,1,12,13,2013-12-15 18:02:32
1148,4C,10,1,15,10,2013-12-15 18:04:10
1149,1I,21,1,12,12,2013-12-15 17:59:12
1150,2I,20,1,15,10,2013-12-15 18:05:00
1151,3I,19,1,16,9,2013-12-15 18:08:36
1152,4I,15,1,12,13,2013-12-15 18:13:35
1153,1I,20,1,11,14,2013-12-15 17:57:03
1154,2I,7,1,17,8,2013-12-15 18:00:54
1155,3C,25,1,15,10,2013-12-15 18:03:28
1156,4C,6,1,14,11,2013-12-15 18:06:12
1157,1I,2,1,14,11,2013-12-15 18:00:08
1158,2I,27,1,15,10,2013-12-15 17:58:19
1159,3I,20,1,13,12,2013-12-15 18:02:02
1160,4C,9,1,12,13,2013-12-15 18:03:43
1161,1C,1,1,13,12,2013-12-15 17:56:14
1162,2C,10,1,13,12,2013-12-15 17:58:00
1163,3I,2,1,16,9,2013-12-15 18:00:07
1164,4C,8,1,16,9,2013-12-15 18:01:41
1165,1C,30,1,19,6,2013-12-15 18:02:54
1166,2C,8,1,11,14,2013-12-15 17:59:48
1167,3I,20,1,13,12,2013-12-15 18:05:42
1168,4I,13,1,14,11,2013-12-15 18:08:20
1169,1C,4,1,13,12,2013-12-15 18:05:34
1170,2C,26,1,15,10,2013-12-15 18:07:25
1171,3I,16,1,13,12,2013-12-15 18:10:22
1172,4I,11,1,14,11,2013-12-15 18:12:12
1173,1C,21,1,11,14,2013-12-15 18:06:24
1174,2C,3,1,12,13,2013-12-15 18:09:58
1175,3C,5,1,9,16,2013-12-15 18:15:49
1176,4I,13,1,12,13,2013-12-15 18:18:28
1177,1C,21,0,-1,-1,NULL
1178,2C,2,0,-1,-1,NULL
1179,3I,10,0,-1,-1,NULL
1180,4C,5,0,-1,-1,NULL
1181,1C,5,1,13,12,2013-12-15 18:11:31
1182,2C,22,1,15,10,2013-12-15 18:07:47
1183,3I,16,1,17,8,2013-12-15 18:09:29
1184,4C,8,1,15,10,2013-12-15 18:12:57
1185,1I,14,1,9,16,2013-12-15 18:19:22
1186,2I,22,1,18,7,2013-12-15 18:21:44
1187,3C,18,1,16,9,2013-12-15 18:23:47
1188,4I,12,1,11,14,2013-12-15 18:16:20
1189,1I,27,1,14,10,2013-12-15 18:23:53
1190,2I,28,1,16,9,2013-12-15 18:28:57
1191,3I,13,1,8,17,2013-12-15 18:18:58
1192,4J,26,1,14,11,2013-12-15 18:33:37
1193,1I,26,1,12,13,2013-12-15 18:23:01
1194,2I,28,1,14,11,2013-12-15 18:19:43
1195,3C,14,1,7,18,2013-12-15 18:21:37
1196,4J,25,1,15,10,2013-12-15 18:24:36
1197,1I,1,1,8,17,2013-12-15 18:23:08
1198,2I,30,1,14,11,2013-12-15 18:19:28
1199,3I,14,1,10,15,2013-12-15 18:21:24
1200,4C,4,1,10,15,2013-12-15 18:24:58
1201,1I,15,1,9,16,2013-12-15 18:25:28
1202,2I,21,1,15,10,2013-12-15 18:29:01
1203,3I,23,1,12,13,2013-12-15 18:30:17
1204,4J,24,1,16,9,2013-12-15 18:31:29
1205,1I,6,1,14,11,2013-12-15 18:26:43
1206,2I,18,1,9,16,2013-12-15 18:28:16
1207,3I,13,1,14,11,2013-12-15 18:25:03
1208,4J,30,1,19,6,2013-12-15 18:21:37
1209,1I,8,1,13,12,2013-12-15 18:25:47
1210,2I,27,1,14,11,2013-12-15 18:28:32
1211,3C,30,1,17,8,2013-12-15 18:29:50
1212,4J,22,1,21,4,2013-12-15 18:30:47
1213,1C,5,1,17,8,2013-12-15 18:48:13
1214,2C,6,1,11,14,2013-12-15 18:42:30
1215,3I,9,1,11,14,2013-12-15 18:53:08
1216,4J,29,1,15,10,2013-12-15 18:56:00
1217,1I,30,1,18,7,2013-12-15 18:55:25
1218,2I,15,1,10,15,2013-12-15 18:46:35
1219,3C,11,1,10,15,2013-12-15 18:50:26
1220,4I,18,1,11,14,2013-12-15 18:53:09
1221,1C,2,1,11,14,2013-12-15 18:47:13
1222,2C,19,1,13,12,2013-12-15 18:52:16
1223,3C,9,1,17,8,2013-12-15 18:50:37
1224,4J,21,1,14,11,2013-12-15 18:49:11
1225,1I,15,1,9,16,2013-12-15 18:57:57
1226,2I,28,1,16,9,2013-12-15 18:55:33
1227,3I,20,1,15,10,2013-12-15 18:52:29
1228,4J,22,1,17,8,2013-12-15 18:47:26
1229,1C,3,1,12,13,2013-12-15 18:49:45
1230,2C,28,0,-1,-1,NULL
1231,3C,7,0,-1,-1,NULL
1232,4J,30,0,-1,-1,NULL
