id,series,index,round,date,price,diff,result,expert
1,1,IBEX,1,2007-02-14,14905.7,0.55,1,1
2,1,IBEX,2,2007-02-15,14876.9,-0.19,-1,-1
3,1,IBEX,3,2007-02-16,14851.2,-0.17,-1,1
4,1,IBEX,4,2007-02-19,14915.8,0.43,1,1
5,1,IBEX,5,2007-02-20,14886.1,-0.2,-1,-1
6,1,IBEX,6,2007-02-21,14788.8,-0.65,-1,-1
7,1,IBEX,7,2007-02-22,14791.3,0.02,1,1
8,1,IBEX,8,2007-02-23,14767.1,-0.16,-1,-1
9,1,IBEX,9,2007-02-26,14856.1,0.6,1,1
10,1,IBEX,10,2007-02-27,14408.3,-3.01,-1,-1
11,1,IBEX,11,2007-02-28,14248.4,-1.11,-1,1
12,1,IBEX,12,2007-03-01,14064.9,-1.29,-1,-1
13,1,IBEX,13,2007-03-02,13962.2,-0.73,-1,1
14,1,IBEX,14,2007-03-05,13749.1,-1.53,-1,1
15,1,IBEX,15,2007-03-06,13825.9,0.56,1,-1
16,1,IBEX,16,2007-03-07,13912.7,0.63,1,1
17,1,IBEX,17,2007-03-08,14194.0,2.02,1,1
18,1,IBEX,18,2007-03-09,14257.2,0.45,1,-1
19,1,IBEX,19,2007-03-12,14146.5,-0.78,-1,-1
20,1,IBEX,20,2007-03-13,13982.9,-1.16,-1,1
21,1,IBEX,21,2007-03-14,13602.4,-2.72,-1,-1
22,1,IBEX,22,2007-03-15,13940.4,2.48,1,1
23,1,IBEX,23,2007-03-16,13977.4,0.27,1,-1
24,1,IBEX,24,2007-03-19,14250.2,1.95,1,1
25,1,IBEX,25,2007-03-20,14323.2,0.51,1,-1
26,1,IBEX,26,2007-03-21,14310.5,-0.09,-1,1
27,1,IBEX,27,2007-03-22,14490.1,1.26,1,-1
28,1,IBEX,28,2007-03-23,14545.7,0.38,1,1
29,1,IBEX,29,2007-03-26,14469.6,-0.52,-1,1
30,1,IBEX,30,2007-03-27,14536.8,0.46,1,-1
31,2,IBEX,1,2007-03-27,14536.8,0.46,1,-1
32,2,IBEX,2,2007-03-28,14483.0,-0.37,-1,-1
33,2,IBEX,3,2007-03-29,14605.3,0.84,1,-1
34,2,IBEX,4,2007-03-30,14641.7,0.25,1,1
35,2,IBEX,5,2007-04-02,14730.8,0.61,1,1
36,2,IBEX,6,2007-04-03,14953.2,1.51,1,-1
37,2,IBEX,7,2007-04-04,14943.1,-0.07,-1,-1
38,2,IBEX,8,2007-04-05,14974.9,0.21,1,1
39,2,IBEX,9,2007-04-10,15005.5,0.2,1,-1
40,2,IBEX,10,2007-04-11,14997.6,-0.05,-1,-1
41,2,IBEX,11,2007-04-12,14883.0,-0.76,-1,-1
42,2,IBEX,12,2007-04-13,14965.3,0.55,1,1
43,2,IBEX,13,2007-04-16,15020.8,0.37,1,-1
44,2,IBEX,14,2007-04-17,14966.0,-0.36,-1,1
45,2,IBEX,15,2007-04-18,14870.4,-0.64,-1,1
46,2,IBEX,16,2007-04-19,14821.7,-0.33,-1,-1
47,2,IBEX,17,2007-04-20,15080.9,1.75,1,-1
48,2,IBEX,18,2007-04-23,14987.1,-0.62,-1,-1
49,2,IBEX,19,2007-04-24,14578.7,-2.73,-1,-1
50,2,IBEX,20,2007-04-25,14620.4,0.29,1,1
51,2,IBEX,21,2007-04-26,14611.0,-0.06,-1,-1
52,2,IBEX,22,2007-04-27,14403.6,-1.42,-1,1
53,2,IBEX,23,2007-04-30,14374.6,-0.2,-1,1
54,2,IBEX,24,2007-05-02,14416.9,0.29,1,-1
55,2,IBEX,25,2007-05-03,14395.6,-0.15,-1,-1
56,2,IBEX,26,2007-05-04,14620.3,1.56,1,-1
57,2,IBEX,27,2007-05-07,14672.1,0.35,1,-1
58,2,IBEX,28,2007-05-08,14556.7,-0.79,-1,1
59,2,IBEX,29,2007-05-09,14609.4,0.36,1,1
60,2,IBEX,30,2007-05-10,14575.4,-0.23,-1,-1
61,3,IBEX,1,2008-01-16,13817.1,-0.92,-1,-1
62,3,IBEX,2,2008-01-17,13775.6,-0.3,-1,1
63,3,IBEX,3,2008-01-18,13655.4,-0.87,-1,1
64,3,IBEX,4,2008-01-21,12625.8,-7.54,-1,1
65,3,IBEX,5,2008-01-22,12839.7,1.69,1,1
66,3,IBEX,6,2008-01-23,12254.6,-4.56,-1,-1
67,3,IBEX,7,2008-01-24,13106.7,6.95,1,1
68,3,IBEX,8,2008-01-25,13141.1,0.26,1,-1
69,3,IBEX,9,2008-01-28,13026.7,-0.87,-1,-1
70,3,IBEX,10,2008-01-29,13246.6,1.69,1,-1
71,3,IBEX,11,2008-01-30,13217.1,-0.22,-1,-1
72,3,IBEX,12,2008-01-31,13229.0,0.09,1,1
73,3,IBEX,13,2008-02-01,13494.7,2.01,1,1
74,3,IBEX,14,2008-02-04,13515.7,0.16,1,1
75,3,IBEX,15,2008-02-05,12814.7,-5.19,-1,-1
76,3,IBEX,16,2008-02-06,13037.3,1.74,1,-1
77,3,IBEX,17,2008-02-07,12889.5,-1.13,-1,1
78,3,IBEX,18,2008-02-08,12934.8,0.35,1,1
79,3,IBEX,19,2008-02-11,12818.8,-0.9,-1,-1
80,3,IBEX,20,2008-02-12,13254.7,3.4,1,1
81,3,IBEX,21,2008-02-13,13266.7,0.09,1,-1
82,3,IBEX,22,2008-02-14,13313.2,0.35,1,1
83,3,IBEX,23,2008-02-15,13073.9,-1.8,-1,1
84,3,IBEX,24,2008-02-18,13312.2,1.82,1,1
85,3,IBEX,25,2008-02-19,13269.7,-0.32,-1,-1
86,3,IBEX,26,2008-02-20,13080.4,-1.43,-1,-1
87,3,IBEX,27,2008-02-21,13173.0,0.71,1,1
88,3,IBEX,28,2008-02-22,13017.5,-1.18,-1,-1
89,3,IBEX,29,2008-02-25,13156.6,1.07,1,-1
90,3,IBEX,30,2008-02-26,13436.6,2.13,1,-1
91,4,IBEX,1,2008-02-26,13436.6,2.13,1,-1
92,4,IBEX,2,2008-02-27,13454.3,0.13,1,1
93,4,IBEX,3,2008-02-28,13395.6,-0.44,-1,1
94,4,IBEX,4,2008-02-29,13170.4,-1.68,-1,-1
95,4,IBEX,5,2008-03-03,12862.5,-2.34,-1,1
96,4,IBEX,6,2008-03-04,12630.1,-1.81,-1,-1
97,4,IBEX,7,2008-03-05,12948.1,2.52,1,1
98,4,IBEX,8,2008-03-06,12803.3,-1.12,-1,1
99,4,IBEX,9,2008-03-07,12691.3,-0.87,-1,1
100,4,IBEX,10,2008-03-10,12655.0,-0.29,-1,1
101,4,IBEX,11,2008-03-11,13056.1,3.17,1,-1
102,4,IBEX,12,2008-03-12,13131.3,0.58,1,1
103,4,IBEX,13,2008-03-13,13073.2,-0.44,-1,-1
104,4,IBEX,14,2008-03-14,13021.4,-0.4,-1,-1
105,4,IBEX,15,2008-03-17,12656.0,-2.81,-1,1
106,4,IBEX,16,2008-03-18,13030.5,2.96,1,-1
107,4,IBEX,17,2008-03-19,12964.7,-0.5,-1,1
108,4,IBEX,18,2008-03-20,12964.2,0.0,-1,-1
109,4,IBEX,19,2008-03-25,13434.2,3.63,1,1
110,4,IBEX,20,2008-03-26,13403.0,-0.23,-1,-1
111,4,IBEX,21,2008-03-27,13537.9,1.01,1,1
112,4,IBEX,22,2008-03-28,13442.4,-0.71,-1,1
113,4,IBEX,23,2008-03-31,13269.0,-1.29,-1,-1
114,4,IBEX,24,2008-04-01,13699.1,3.24,1,1
115,4,IBEX,25,2008-04-02,13838.7,1.02,1,1
116,4,IBEX,26,2008-04-03,13738.9,-0.72,-1,-1
117,4,IBEX,27,2008-04-04,13846.4,0.78,1,-1
118,4,IBEX,28,2008-04-07,13919.6,0.53,1,1
119,4,IBEX,29,2008-04-08,13759.4,-1.15,-1,-1
120,4,IBEX,30,2008-04-09,13599.0,-1.17,-1,1
121,5,DJI,1,2006-04-12,11130.0,0.36,1,1
122,5,DJI,2,2006-04-13,11137.7,0.07,1,1
123,5,DJI,3,2006-04-17,11073.8,-0.57,-1,-1
124,5,DJI,4,2006-04-18,11268.8,1.76,1,1
125,5,DJI,5,2006-04-19,11278.8,0.09,1,1
126,5,DJI,6,2006-04-20,11342.9,0.57,1,-1
127,5,DJI,7,2006-04-21,11347.5,0.04,1,1
128,5,DJI,8,2006-04-24,11336.3,-0.1,-1,-1
129,5,DJI,9,2006-04-25,11283.2,-0.47,-1,-1
130,5,DJI,10,2006-04-26,11354.5,0.63,1,1
131,5,DJI,11,2006-04-27,11382.5,0.25,1,-1
132,5,DJI,12,2006-04-28,11367.1,-0.14,-1,-1
133,5,DJI,13,2006-05-01,11343.3,-0.21,-1,-1
134,5,DJI,14,2006-05-02,11416.5,0.64,1,-1
135,5,DJI,15,2006-05-03,11400.3,-0.14,-1,1
136,5,DJI,16,2006-05-04,11438.9,0.34,1,1
137,5,DJI,17,2006-05-05,11577.7,1.21,1,1
138,5,DJI,18,2006-05-08,11584.5,0.06,1,1
139,5,DJI,19,2006-05-09,11639.8,0.48,1,1
140,5,DJI,20,2006-05-10,11642.7,0.02,1,1
141,5,DJI,21,2006-05-11,11500.7,-1.22,-1,-1
142,5,DJI,22,2006-05-12,11381.0,-1.04,-1,1
143,5,DJI,23,2006-05-15,11428.8,0.42,1,-1
144,5,DJI,24,2006-05-16,11419.9,-0.08,-1,1
145,5,DJI,25,2006-05-17,11205.6,-1.88,-1,1
146,5,DJI,26,2006-05-18,11128.3,-0.69,-1,-1
147,5,DJI,27,2006-05-19,11144.1,0.14,1,1
148,5,DJI,28,2006-05-22,11125.3,-0.17,-1,1
149,5,DJI,29,2006-05-23,11098.3,-0.24,-1,-1
150,5,DJI,30,2006-05-24,11117.3,0.17,1,-1
151,6,DJI,1,2006-07-03,11228.0,0.7,1,-1
152,6,DJI,2,2006-07-05,11151.8,-0.68,-1,1
153,6,DJI,3,2006-07-06,11225.3,0.66,1,1
154,6,DJI,4,2006-07-07,11090.7,-1.2,-1,1
155,6,DJI,5,2006-07-10,11103.5,0.12,1,-1
156,6,DJI,6,2006-07-11,11134.8,0.28,1,-1
157,6,DJI,7,2006-07-12,11013.2,-1.09,-1,1
158,6,DJI,8,2006-07-13,10846.3,-1.52,-1,1
159,6,DJI,9,2006-07-14,10739.3,-0.99,-1,1
160,6,DJI,10,2006-07-17,10747.4,0.07,1,1
161,6,DJI,11,2006-07-18,10799.2,0.48,1,-1
162,6,DJI,12,2006-07-19,11011.4,1.96,1,1
163,6,DJI,13,2006-07-20,10928.1,-0.76,-1,-1
164,6,DJI,14,2006-07-21,10868.4,-0.55,-1,1
165,6,DJI,15,2006-07-24,11051.0,1.68,1,-1
166,6,DJI,16,2006-07-25,11103.7,0.48,1,1
167,6,DJI,17,2006-07-26,11102.5,-0.01,-1,1
168,6,DJI,18,2006-07-27,11100.4,-0.02,-1,1
169,6,DJI,19,2006-07-28,11219.7,1.07,1,1
170,6,DJI,20,2006-07-31,11185.7,-0.3,-1,1
171,6,DJI,21,2006-08-01,11125.7,-0.54,-1,-1
172,6,DJI,22,2006-08-02,11199.9,0.67,1,-1
173,6,DJI,23,2006-08-03,11242.6,0.38,1,-1
174,6,DJI,24,2006-08-04,11240.3,-0.02,-1,1
175,6,DJI,25,2006-08-07,11219.4,-0.19,-1,-1
176,6,DJI,26,2006-08-08,11173.6,-0.41,-1,-1
177,6,DJI,27,2006-08-09,11076.2,-0.87,-1,-1
178,6,DJI,28,2006-08-10,11124.4,0.44,1,-1
179,6,DJI,29,2006-08-11,11088.0,-0.33,-1,1
180,6,DJI,30,2006-08-14,11097.9,0.09,1,-1
181,7,DJI,1,2006-11-07,12156.8,0.42,1,-1
182,7,DJI,2,2006-11-08,12176.5,0.16,1,-1
183,7,DJI,3,2006-11-09,12103.3,-0.6,-1,-1
184,7,DJI,4,2006-11-10,12108.4,0.04,1,1
185,7,DJI,5,2006-11-13,12131.9,0.19,1,-1
186,7,DJI,6,2006-11-14,12218.0,0.71,1,-1
187,7,DJI,7,2006-11-15,12251.7,0.28,1,1
188,7,DJI,8,2006-11-16,12305.8,0.44,1,1
189,7,DJI,9,2006-11-17,12342.6,0.3,1,1
190,7,DJI,10,2006-11-20,12316.5,-0.21,-1,-1
191,7,DJI,11,2006-11-21,12321.6,0.04,1,1
192,7,DJI,12,2006-11-22,12327.0,0.04,1,1
193,7,DJI,13,2006-11-24,12280.2,-0.38,-1,1
194,7,DJI,14,2006-11-27,12121.7,-1.29,-1,1
195,7,DJI,15,2006-11-28,12136.5,0.12,1,1
196,7,DJI,16,2006-11-29,12226.7,0.74,1,1
197,7,DJI,17,2006-11-30,12221.9,-0.04,-1,-1
198,7,DJI,18,2006-12-01,12194.1,-0.23,-1,-1
199,7,DJI,19,2006-12-04,12283.8,0.74,1,-1
200,7,DJI,20,2006-12-05,12331.6,0.39,1,-1
201,7,DJI,21,2006-12-06,12309.2,-0.18,-1,-1
202,7,DJI,22,2006-12-07,12278.4,-0.25,-1,1
203,7,DJI,23,2006-12-08,12307.5,0.24,1,1
204,7,DJI,24,2006-12-11,12328.5,0.17,1,-1
205,7,DJI,25,2006-12-12,12315.6,-0.1,-1,-1
206,7,DJI,26,2006-12-13,12317.5,0.02,1,-1
207,7,DJI,27,2006-12-14,12416.8,0.81,1,1
208,7,DJI,28,2006-12-15,12445.5,0.23,1,1
209,7,DJI,29,2006-12-18,12441.3,-0.03,-1,1
210,7,DJI,30,2006-12-19,12471.3,0.24,1,-1
211,8,DJI,1,2007-05-14,13346.8,0.15,1,-1
212,8,DJI,2,2007-05-15,13383.8,0.28,1,-1
213,8,DJI,3,2007-05-16,13487.5,0.77,1,-1
214,8,DJI,4,2007-05-17,13476.7,-0.08,-1,-1
215,8,DJI,5,2007-05-18,13556.5,0.59,1,1
216,8,DJI,6,2007-05-21,13542.9,-0.1,-1,-1
217,8,DJI,7,2007-05-22,13540.0,-0.02,-1,-1
218,8,DJI,8,2007-05-23,13525.7,-0.11,-1,-1
219,8,DJI,9,2007-05-24,13441.1,-0.62,-1,-1
220,8,DJI,10,2007-05-25,13507.3,0.49,1,1
221,8,DJI,11,2007-05-29,13521.3,0.1,1,1
222,8,DJI,12,2007-05-30,13633.1,0.83,1,1
223,8,DJI,13,2007-05-31,13627.6,-0.04,-1,1
224,8,DJI,14,2007-06-01,13668.1,0.3,1,-1
225,8,DJI,15,2007-06-04,13676.3,0.06,1,-1
226,8,DJI,16,2007-06-05,13595.5,-0.59,-1,1
227,8,DJI,17,2007-06-06,13465.7,-0.95,-1,-1
228,8,DJI,18,2007-06-07,13266.7,-1.48,-1,-1
229,8,DJI,19,2007-06-08,13424.4,1.19,1,-1
230,8,DJI,20,2007-06-11,13425.0,0.0,1,-1
231,8,DJI,21,2007-06-12,13295.0,-0.97,-1,-1
232,8,DJI,22,2007-06-13,13482.3,1.41,1,1
233,8,DJI,23,2007-06-14,13553.7,0.53,1,-1
234,8,DJI,24,2007-06-15,13639.5,0.63,1,1
235,8,DJI,25,2007-06-18,13613.0,-0.19,-1,-1
236,8,DJI,26,2007-06-19,13635.4,0.16,1,1
237,8,DJI,27,2007-06-20,13489.4,-1.07,-1,1
238,8,DJI,28,2007-06-21,13545.8,0.42,1,1
239,8,DJI,29,2007-06-22,13360.3,-1.37,-1,1
240,8,DJI,30,2007-06-25,13352.0,-0.06,-1,-1
241,9,DAX,1,2007-02-19,6987.08,0.43,1,-1
242,9,DAX,2,2007-02-20,6982.91,-0.06,-1,-1
243,9,DAX,3,2007-02-21,6941.66,-0.59,-1,1
244,9,DAX,4,2007-02-22,6973.73,0.46,1,1
245,9,DAX,5,2007-02-23,6992.58,0.27,1,1
246,9,DAX,6,2007-02-26,7027.59,0.5,1,1
247,9,DAX,7,2007-02-27,6819.65,-2.96,-1,1
248,9,DAX,8,2007-02-28,6715.44,-1.53,-1,1
249,9,DAX,9,2007-03-01,6640.24,-1.12,-1,1
250,9,DAX,10,2007-03-02,6603.32,-0.56,-1,1
251,9,DAX,11,2007-03-05,6534.57,-1.04,-1,-1
252,9,DAX,12,2007-03-06,6595.0,0.92,1,-1
253,9,DAX,13,2007-03-07,6617.75,0.34,1,-1
254,9,DAX,14,2007-03-08,6713.23,1.44,1,1
255,9,DAX,15,2007-03-09,6716.52,0.05,1,-1
256,9,DAX,16,2007-03-12,6715.49,-0.02,-1,1
257,9,DAX,17,2007-03-13,6623.99,-1.36,-1,1
258,9,DAX,18,2007-03-14,6447.7,-2.66,-1,-1
259,9,DAX,19,2007-03-15,6585.47,2.14,1,-1
260,9,DAX,20,2007-03-16,6579.87,-0.09,-1,1
261,9,DAX,21,2007-03-19,6671.41,1.39,1,-1
262,9,DAX,22,2007-03-20,6700.29,0.43,1,1
263,9,DAX,23,2007-03-21,6712.06,0.18,1,-1
264,9,DAX,24,2007-03-22,6856.96,2.16,1,1
265,9,DAX,25,2007-03-23,6899.06,0.61,1,1
266,9,DAX,26,2007-03-26,6828.82,-1.02,-1,-1
267,9,DAX,27,2007-03-27,6858.34,0.43,1,1
268,9,DAX,28,2007-03-28,6816.89,-0.6,-1,-1
269,9,DAX,29,2007-03-29,6897.08,1.18,1,1
270,9,DAX,30,2007-03-30,6917.03,0.29,1,1
271,10,DAX,1,2007-05-02,7455.93,0.64,1,1
272,10,DAX,2,2007-05-03,7476.69,0.28,1,1
273,10,DAX,3,2007-05-04,7516.76,0.54,1,-1
274,10,DAX,4,2007-05-07,7525.69,0.12,1,1
275,10,DAX,5,2007-05-08,7442.2,-1.11,-1,-1
276,10,DAX,6,2007-05-09,7475.99,0.45,1,1
277,10,DAX,7,2007-05-10,7415.33,-0.81,-1,-1
278,10,DAX,8,2007-05-11,7479.34,0.86,1,1
279,10,DAX,9,2007-05-14,7459.61,-0.26,-1,-1
280,10,DAX,10,2007-05-15,7505.35,0.61,1,-1
281,10,DAX,11,2007-05-16,7481.25,-0.32,-1,-1
282,10,DAX,12,2007-05-17,7499.5,0.24,1,-1
283,10,DAX,13,2007-05-18,7607.54,1.44,1,-1
284,10,DAX,14,2007-05-21,7619.31,0.15,1,-1
285,10,DAX,15,2007-05-22,7659.39,0.53,1,-1
286,10,DAX,16,2007-05-23,7735.88,1.0,1,-1
287,10,DAX,17,2007-05-24,7697.38,-0.5,-1,-1
288,10,DAX,18,2007-05-25,7739.2,0.54,1,1
289,10,DAX,19,2007-05-29,7781.04,0.54,1,-1
290,10,DAX,20,2007-05-30,7764.97,-0.21,-1,-1
291,10,DAX,21,2007-05-31,7883.04,1.52,1,1
292,10,DAX,22,2007-06-01,7987.85,1.33,1,1
293,10,DAX,23,2007-06-04,7976.79,-0.14,-1,-1
294,10,DAX,24,2007-06-05,7919.83,-0.71,-1,-1
295,10,DAX,25,2007-06-06,7730.05,-2.4,-1,1
296,10,DAX,26,2007-06-07,7618.61,-1.44,-1,-1
297,10,DAX,27,2007-06-08,7590.5,-0.37,-1,-1
298,10,DAX,28,2007-06-11,7706.1,1.52,1,-1
299,10,DAX,29,2007-06-12,7678.26,-0.36,-1,1
300,10,DAX,30,2007-06-13,7680.76,0.03,1,1
301,11,IBEX,1,2007-07-31,14802.4,2.03,1,1
302,11,IBEX,2,2007-08-01,14595.7,-1.4,-1,-1
303,11,IBEX,3,2007-08-02,14678.6,0.57,1,1
304,11,IBEX,4,2007-08-03,14534.3,-0.98,-1,-1
305,11,IBEX,5,2007-08-06,14432.1,-0.7,-1,-1
306,11,IBEX,6,2007-08-07,14652.9,1.53,1,1
307,11,IBEX,7,2007-08-08,15004.2,2.4,1,1
308,11,IBEX,8,2007-08-09,14838.3,-1.11,-1,1
309,11,IBEX,9,2007-08-10,14453.9,-2.59,-1,1
310,11,IBEX,10,2007-08-13,14731.8,1.92,1,1
311,11,IBEX,11,2007-08-14,14553.1,-1.21,-1,1
312,11,IBEX,12,2007-08-15,14520.5,-0.22,-1,-1
313,11,IBEX,13,2007-08-16,13979.7,-3.72,-1,-1
314,11,IBEX,14,2007-08-17,14237.5,1.84,1,1
315,11,IBEX,15,2007-08-20,14269.1,0.22,1,-1
316,11,IBEX,16,2007-08-21,14239.8,-0.21,-1,-1
317,11,IBEX,17,2007-08-22,14359.2,0.84,1,1
318,11,IBEX,18,2007-08-23,14292.5,-0.46,-1,-1
319,11,IBEX,19,2007-08-24,14334.4,0.29,1,1
320,11,IBEX,20,2007-08-27,14305.5,-0.2,-1,1
321,11,IBEX,21,2007-08-28,14124.8,-1.26,-1,-1
322,11,IBEX,22,2007-08-29,14183.6,0.42,1,-1
323,11,IBEX,23,2007-08-30,14313.4,0.92,1,1
324,11,IBEX,24,2007-08-31,14479.8,1.16,1,1
325,11,IBEX,25,2007-09-03,14546.9,0.46,1,1
326,11,IBEX,26,2007-09-04,14590.1,0.3,1,-1
327,11,IBEX,27,2007-09-05,14240.1,-2.4,-1,-1
328,11,IBEX,28,2007-09-06,14198.4,-0.29,-1,1
329,11,IBEX,29,2007-09-07,13873.4,-2.29,-1,-1
330,11,IBEX,30,2007-09-10,13726.3,-1.06,-1,1
331,12,IBEX,1,2007-11-29,15656.6,0.58,1,1
332,12,IBEX,2,2007-11-30,15759.9,0.66,1,1
333,12,IBEX,3,2007-12-03,15735.0,-0.16,-1,-1
334,12,IBEX,4,2007-12-04,15708.2,-0.17,-1,-1
335,12,IBEX,5,2007-12-05,15802.2,0.6,1,1
336,12,IBEX,6,2007-12-06,15695.9,-0.67,-1,-1
337,12,IBEX,7,2007-12-07,15819.6,0.79,1,-1
338,12,IBEX,8,2007-12-10,15832.7,0.08,1,1
339,12,IBEX,9,2007-12-11,15890.5,0.37,1,1
340,12,IBEX,10,2007-12-12,15860.0,-0.19,-1,1
341,12,IBEX,11,2007-12-13,15499.2,-2.27,-1,-1
342,12,IBEX,12,2007-12-14,15575.7,0.49,1,-1
343,12,IBEX,13,2007-12-17,15318.5,-1.65,-1,-1
344,12,IBEX,14,2007-12-18,15282.1,-0.24,-1,1
345,12,IBEX,15,2007-12-19,15177.1,-0.69,-1,-1
346,12,IBEX,16,2007-12-20,15140.2,-0.24,-1,-1
347,12,IBEX,17,2007-12-21,15289.3,0.98,1,1
348,12,IBEX,18,2007-12-27,15256.2,-0.22,-1,-1
349,12,IBEX,19,2007-12-28,15182.3,-0.48,-1,1
350,12,IBEX,20,2008-01-02,15002.5,-1.18,-1,-1
351,12,IBEX,21,2008-01-03,14856.5,-0.97,-1,1
352,12,IBEX,22,2008-01-04,14602.3,-1.71,-1,1
353,12,IBEX,23,2008-01-07,14667.0,0.44,1,1
354,12,IBEX,24,2008-01-08,14715.8,0.33,1,1
355,12,IBEX,25,2008-01-09,14603.5,-0.76,-1,1
356,12,IBEX,26,2008-01-10,14524.0,-0.54,-1,1
357,12,IBEX,27,2008-01-11,14458.0,-0.45,-1,-1
358,12,IBEX,28,2008-01-14,14431.9,-0.18,-1,-1
359,12,IBEX,29,2008-01-15,13945.2,-3.37,-1,1
360,12,IBEX,30,2008-01-16,13817.1,-0.92,-1,-1
361,13,IBEX,1,2008-05-21,13857.2,-0.96,-1,1
362,13,IBEX,2,2008-05-22,13852.0,-0.04,-1,1
363,13,IBEX,3,2008-05-23,13577.6,-1.98,-1,-1
364,13,IBEX,4,2008-05-26,13583.7,0.04,1,1
365,13,IBEX,5,2008-05-27,13451.4,-0.97,-1,1
366,13,IBEX,6,2008-05-28,13499.2,0.36,1,1
367,13,IBEX,7,2008-05-29,13539.5,0.3,1,-1
368,13,IBEX,8,2008-05-30,13600.9,0.45,1,1
369,13,IBEX,9,2008-06-03,13431.7,-1.24,-1,-1
370,13,IBEX,10,2008-06-04,13341.2,-0.67,-1,-1
371,13,IBEX,11,2008-06-05,13239.3,-0.76,-1,-1
372,13,IBEX,12,2008-06-06,12909.8,-2.49,-1,-1
373,13,IBEX,13,2008-06-09,12823.9,-0.67,-1,1
374,13,IBEX,14,2008-06-10,12755.2,-0.54,-1,1
375,13,IBEX,15,2008-06-11,12584.3,-1.34,-1,-1
376,13,IBEX,16,2008-06-12,12853.3,2.14,1,1
377,13,IBEX,17,2008-06-13,12998.7,1.13,1,-1
378,13,IBEX,18,2008-06-16,12826.6,-1.32,-1,-1
379,13,IBEX,19,2008-06-17,12885.1,0.46,1,1
380,13,IBEX,20,2008-06-18,12631.5,-1.97,-1,-1
381,13,IBEX,21,2008-06-19,12585.0,-0.37,-1,-1
382,13,IBEX,22,2008-06-20,12412.5,-1.37,-1,-1
383,13,IBEX,23,2008-06-23,12403.4,-0.07,-1,1
384,13,IBEX,24,2008-06-24,12205.6,-1.59,-1,1
385,13,IBEX,25,2008-06-25,12446.1,1.97,1,1
386,13,IBEX,26,2008-06-26,12077.7,-2.96,-1,1
387,13,IBEX,27,2008-06-27,12089.8,0.1,1,-1
388,13,IBEX,28,2008-06-30,12046.2,-0.36,-1,1
389,13,IBEX,29,2008-07-01,11770.9,-2.29,-1,-1
390,13,IBEX,30,2008-07-02,11856.9,0.73,1,1
391,14,IBEX,1,2008-08-05,11751.4,2.65,1,-1
392,14,IBEX,2,2008-08-06,11774.4,0.2,1,1
393,14,IBEX,3,2008-08-07,11717.5,-0.48,-1,1
394,14,IBEX,4,2008-08-08,11799.9,0.7,1,1
395,14,IBEX,5,2008-08-11,12047.7,2.1,1,1
396,14,IBEX,6,2008-08-12,11996.1,-0.43,-1,-1
397,14,IBEX,7,2008-08-13,11695.4,-2.51,-1,1
398,14,IBEX,8,2008-08-14,11606.8,-0.76,-1,-1
399,14,IBEX,9,2008-08-15,11686.1,0.68,1,-1
400,14,IBEX,10,2008-08-18,11677.5,-0.07,-1,-1
401,14,IBEX,11,2008-08-19,11335.3,-2.93,-1,1
402,14,IBEX,12,2008-08-20,11379.9,0.39,1,1
403,14,IBEX,13,2008-08-21,11217.4,-1.43,-1,-1
404,14,IBEX,14,2008-08-22,11497.3,2.5,1,-1
405,14,IBEX,15,2008-08-25,11327.1,-1.48,-1,-1
406,14,IBEX,16,2008-08-26,11419.9,0.82,1,1
407,14,IBEX,17,2008-08-27,11479.6,0.52,1,1
408,14,IBEX,18,2008-08-28,11662.6,1.59,1,1
409,14,IBEX,19,2008-08-29,11707.3,0.38,1,-1
410,14,IBEX,20,2008-09-01,11693.8,-0.12,-1,-1
411,14,IBEX,21,2008-09-02,11903.9,1.8,1,1
412,14,IBEX,22,2008-09-03,11849.1,-0.46,-1,-1
413,14,IBEX,23,2008-09-04,11480.1,-3.11,-1,1
414,14,IBEX,24,2008-09-05,11139.7,-2.97,-1,-1
415,14,IBEX,25,2008-09-08,11554.2,3.72,1,-1
416,14,IBEX,26,2008-09-09,11350.0,-1.77,-1,1
417,14,IBEX,27,2008-09-10,11180.8,-1.49,-1,-1
418,14,IBEX,28,2008-09-11,11136.5,-0.4,-1,1
419,14,IBEX,29,2008-09-12,11412.0,2.47,1,1
420,14,IBEX,30,2008-09-15,10899.0,-4.5,-1,-1
421,15,IBEX,1,2008-09-12,11412.0,2.47,1,1
422,15,IBEX,2,2008-09-15,10899.0,-4.5,-1,-1
423,15,IBEX,3,2008-09-16,10911.5,0.11,1,1
424,15,IBEX,4,2008-09-17,10661.4,-2.29,-1,-1
425,15,IBEX,5,2008-09-18,10631.6,-0.28,-1,1
426,15,IBEX,6,2008-09-19,11557.9,8.71,1,-1
427,15,IBEX,7,2008-09-22,11328.5,-1.98,-1,1
428,15,IBEX,8,2008-09-23,11176.5,-1.34,-1,1
429,15,IBEX,9,2008-09-24,11112.9,-0.57,-1,-1
430,15,IBEX,10,2008-09-25,11438.6,2.93,1,-1
431,15,IBEX,11,2008-09-26,11387.9,-0.44,-1,-1
432,15,IBEX,12,2008-09-29,10945.7,-3.88,-1,-1
433,15,IBEX,13,2008-09-30,10987.5,0.38,1,-1
434,15,IBEX,14,2008-10-01,11182.5,1.77,1,-1
435,15,IBEX,15,2008-10-02,11002.3,-1.61,-1,-1
436,15,IBEX,16,2008-10-03,11418.5,3.78,1,1
437,15,IBEX,17,2008-10-06,10726.0,-6.06,-1,-1
438,15,IBEX,18,2008-10-07,10862.0,1.27,1,-1
439,15,IBEX,19,2008-10-08,10297.6,-5.2,-1,-1
440,15,IBEX,20,2008-10-09,9902.9,-3.83,-1,1
441,15,IBEX,21,2008-10-10,8997.7,-9.14,-1,-1
442,15,IBEX,22,2008-10-13,9955.7,10.65,1,-1
443,15,IBEX,23,2008-10-14,10224.5,2.7,1,-1
444,15,IBEX,24,2008-10-15,9706.8,-5.06,-1,-1
445,15,IBEX,25,2008-10-16,9308.2,-4.11,-1,1
446,15,IBEX,26,2008-10-17,9655.2,3.73,1,-1
447,15,IBEX,27,2008-10-20,9944.3,2.99,1,-1
448,15,IBEX,28,2008-10-21,9795.0,-1.5,-1,-1
449,15,IBEX,29,2008-10-22,8995.3,-8.16,-1,-1
450,15,IBEX,30,2008-10-23,8811.2,-2.05,-1,-1
451,16,IBEX,1,2008-12-11,9182.6,0.33,1,1
452,16,IBEX,2,2008-12-12,8975.5,-2.26,-1,-1
453,16,IBEX,3,2008-12-15,9023.9,0.54,1,1
454,16,IBEX,4,2008-12-16,9167.7,1.59,1,-1
455,16,IBEX,5,2008-12-17,9196.9,0.32,1,1
456,16,IBEX,6,2008-12-18,9257.8,0.66,1,1
457,16,IBEX,7,2008-12-19,9268.4,0.11,1,-1
458,16,IBEX,8,2008-12-22,9098.9,-1.83,-1,-1
459,16,IBEX,9,2008-12-23,9068.5,-0.33,-1,-1
460,16,IBEX,10,2008-12-29,9017.7,-0.56,-1,1
461,16,IBEX,11,2008-12-30,9195.8,1.98,1,1
462,16,IBEX,12,2009-01-02,9486.3,3.16,1,-1
463,16,IBEX,13,2009-01-05,9644.1,1.66,1,-1
464,16,IBEX,14,2009-01-06,9724.0,0.83,1,1
465,16,IBEX,15,2009-01-07,9570.0,-1.58,-1,-1
466,16,IBEX,16,2009-01-08,9469.5,-1.05,-1,1
467,16,IBEX,17,2009-01-09,9378.5,-0.96,-1,-1
468,16,IBEX,18,2009-01-12,9199.9,-1.9,-1,-1
469,16,IBEX,19,2009-01-13,9057.3,-1.55,-1,1
470,16,IBEX,20,2009-01-14,8692.7,-4.03,-1,-1
471,16,IBEX,21,2009-01-15,8611.1,-0.94,-1,-1
472,16,IBEX,22,2009-01-16,8620.1,0.1,1,1
473,16,IBEX,23,2009-01-19,8494.8,-1.45,-1,-1
474,16,IBEX,24,2009-01-20,8276.5,-2.57,-1,-1
475,16,IBEX,25,2009-01-21,8230.7,-0.55,-1,1
476,16,IBEX,26,2009-01-22,8159.3,-0.87,-1,-1
477,16,IBEX,27,2009-01-23,8172.8,0.17,1,-1
478,16,IBEX,28,2009-01-26,8375.2,2.48,1,-1
479,16,IBEX,29,2009-01-27,8349.5,-0.31,-1,-1
480,16,IBEX,30,2009-01-28,8701.5,4.22,1,-1
481,17,IBEX,1,2009-01-28,8701.5,4.22,1,-1
482,17,IBEX,2,2009-01-29,8477.4,-2.58,-1,1
483,17,IBEX,3,2009-01-30,8450.4,-0.32,-1,-1
484,17,IBEX,4,2009-02-02,8233.4,-2.57,-1,1
485,17,IBEX,5,2009-02-03,8361.9,1.56,1,1
486,17,IBEX,6,2009-02-04,8495.4,1.6,1,1
487,17,IBEX,7,2009-02-05,8440.2,-0.65,-1,-1
488,17,IBEX,8,2009-02-06,8544.7,1.24,1,1
489,17,IBEX,9,2009-02-09,8584.8,0.47,1,1
490,17,IBEX,10,2009-02-10,8397.3,-2.18,-1,-1
491,17,IBEX,11,2009-02-11,8355.8,-0.49,-1,-1
492,17,IBEX,12,2009-02-12,8200.9,-1.85,-1,1
493,17,IBEX,13,2009-02-13,8265.5,0.79,1,-1
494,17,IBEX,14,2009-02-16,8075.0,-2.3,-1,1
495,17,IBEX,15,2009-02-17,7843.2,-2.87,-1,-1
496,17,IBEX,16,2009-02-18,7861.4,0.23,1,1
497,17,IBEX,17,2009-02-19,7875.9,0.18,1,1
498,17,IBEX,18,2009-02-20,7603.6,-3.46,-1,-1
499,17,IBEX,19,2009-02-23,7540.4,-0.83,-1,1
500,17,IBEX,20,2009-02-24,7483.4,-0.76,-1,-1
501,17,IBEX,21,2009-02-25,7512.1,0.38,1,1
502,17,IBEX,22,2009-02-26,7811.7,3.99,1,-1
503,17,IBEX,23,2009-02-27,7620.9,-2.44,-1,1
504,17,IBEX,24,2009-03-02,7270.5,-4.6,-1,-1
505,17,IBEX,25,2009-03-03,7219.4,-0.7,-1,-1
506,17,IBEX,26,2009-03-04,7357.5,1.91,1,1
507,17,IBEX,27,2009-03-05,7025.9,-4.51,-1,1
508,17,IBEX,28,2009-03-06,6936.9,-1.27,-1,1
509,17,IBEX,29,2009-03-09,6817.4,-1.72,-1,-1
510,17,IBEX,30,2009-03-10,7153.3,4.93,1,1
511,18,DJI,1,2006-05-01,11343.3,-0.21,-1,-1
512,18,DJI,2,2006-05-02,11416.5,0.64,1,-1
513,18,DJI,3,2006-05-03,11400.3,-0.14,-1,1
514,18,DJI,4,2006-05-04,11438.9,0.34,1,1
515,18,DJI,5,2006-05-05,11577.7,1.21,1,1
516,18,DJI,6,2006-05-08,11584.5,0.06,1,1
517,18,DJI,7,2006-05-09,11639.8,0.48,1,1
518,18,DJI,8,2006-05-10,11642.7,0.02,1,1
519,18,DJI,9,2006-05-11,11500.7,-1.22,-1,-1
520,18,DJI,10,2006-05-12,11381.0,-1.04,-1,1
521,18,DJI,11,2006-05-15,11428.8,0.42,1,-1
522,18,DJI,12,2006-05-16,11419.9,-0.08,-1,1
523,18,DJI,13,2006-05-17,11205.6,-1.88,-1,1
524,18,DJI,14,2006-05-18,11128.3,-0.69,-1,-1
525,18,DJI,15,2006-05-19,11144.1,0.14,1,1
526,18,DJI,16,2006-05-22,11125.3,-0.17,-1,1
527,18,DJI,17,2006-05-23,11098.3,-0.24,-1,-1
528,18,DJI,18,2006-05-24,11117.3,0.17,1,-1
529,18,DJI,19,2006-05-25,11211.0,0.84,1,-1
530,18,DJI,20,2006-05-26,11278.6,0.6,1,-1
531,18,DJI,21,2006-05-30,11094.4,-1.63,-1,-1
532,18,DJI,22,2006-05-31,11168.3,0.67,1,1
533,18,DJI,23,2006-06-01,11260.3,0.82,1,-1
534,18,DJI,24,2006-06-02,11247.9,-0.11,-1,-1
535,18,DJI,25,2006-06-05,11048.7,-1.77,-1,-1
536,18,DJI,26,2006-06-06,11002.1,-0.42,-1,1
537,18,DJI,27,2006-06-07,10930.9,-0.65,-1,1
538,18,DJI,28,2006-06-08,10938.8,0.07,1,-1
539,18,DJI,29,2006-06-09,10891.9,-0.43,-1,-1
540,18,DJI,30,2006-06-12,10792.6,-0.91,-1,1
541,19,DJI,1,2007-02-02,12653.5,-0.16,-1,-1
542,19,DJI,2,2007-02-05,12661.7,0.07,1,-1
543,19,DJI,3,2007-02-06,12666.3,0.04,1,-1
544,19,DJI,4,2007-02-07,12666.9,0.0,1,1
545,19,DJI,5,2007-02-08,12637.6,-0.23,-1,1
546,19,DJI,6,2007-02-09,12580.8,-0.45,-1,-1
547,19,DJI,7,2007-02-12,12552.5,-0.22,-1,-1
548,19,DJI,8,2007-02-13,12654.8,0.81,1,1
549,19,DJI,9,2007-02-14,12741.9,0.69,1,1
550,19,DJI,10,2007-02-15,12765.0,0.18,1,-1
551,19,DJI,11,2007-02-16,12767.6,0.02,1,1
552,19,DJI,12,2007-02-20,12786.6,0.15,1,-1
553,19,DJI,13,2007-02-21,12738.4,-0.38,-1,-1
554,19,DJI,14,2007-02-22,12686.0,-0.41,-1,-1
555,19,DJI,15,2007-02-23,12647.5,-0.3,-1,-1
556,19,DJI,16,2007-02-26,12632.3,-0.12,-1,-1
557,19,DJI,17,2007-02-27,12216.2,-3.29,-1,-1
558,19,DJI,18,2007-02-28,12268.6,0.43,1,1
559,19,DJI,19,2007-03-01,12234.3,-0.28,-1,1
560,19,DJI,20,2007-03-02,12114.1,-0.98,-1,1
561,19,DJI,21,2007-03-05,12050.4,-0.53,-1,-1
562,19,DJI,22,2007-03-06,12207.6,1.3,1,-1
563,19,DJI,23,2007-03-07,12192.5,-0.12,-1,-1
564,19,DJI,24,2007-03-08,12260.7,0.56,1,1
565,19,DJI,25,2007-03-09,12276.3,0.13,1,1
566,19,DJI,26,2007-03-12,12318.6,0.34,1,1
567,19,DJI,27,2007-03-13,12076.0,-1.97,-1,-1
568,19,DJI,28,2007-03-14,12133.4,0.48,1,1
569,19,DJI,29,2007-03-15,12159.7,0.22,1,-1
570,19,DJI,30,2007-03-16,12110.4,-0.41,-1,-1
571,20,DJI,1,2007-07-06,13611.7,0.34,1,1
572,20,DJI,2,2007-07-09,13650.0,0.28,1,1
573,20,DJI,3,2007-07-10,13501.7,-1.09,-1,-1
574,20,DJI,4,2007-07-11,13577.9,0.56,1,1
575,20,DJI,5,2007-07-12,13861.7,2.09,1,-1
576,20,DJI,6,2007-07-13,13907.2,0.33,1,-1
577,20,DJI,7,2007-07-16,13951.0,0.31,1,1
578,20,DJI,8,2007-07-17,13971.5,0.15,1,1
579,20,DJI,9,2007-07-18,13918.2,-0.38,-1,1
580,20,DJI,10,2007-07-19,14000.4,0.59,1,1
581,20,DJI,11,2007-07-20,13851.1,-1.07,-1,-1
582,20,DJI,12,2007-07-23,13943.4,0.67,1,1
583,20,DJI,13,2007-07-24,13717.0,-1.62,-1,1
584,20,DJI,14,2007-07-25,13785.1,0.5,1,1
585,20,DJI,15,2007-07-26,13473.6,-2.26,-1,-1
586,20,DJI,16,2007-07-27,13265.5,-1.54,-1,-1
587,20,DJI,17,2007-07-30,13358.3,0.7,1,1
588,20,DJI,18,2007-07-31,13212.0,-1.1,-1,-1
589,20,DJI,19,2007-08-01,13362.4,1.14,1,-1
590,20,DJI,20,2007-08-02,13463.3,0.76,1,1
591,20,DJI,21,2007-08-03,13181.9,-2.09,-1,1
592,20,DJI,22,2007-08-06,13468.8,2.18,1,1
593,20,DJI,23,2007-08-07,13504.3,0.26,1,1
594,20,DJI,24,2007-08-08,13657.9,1.14,1,-1
595,20,DJI,25,2007-08-09,13270.7,-2.83,-1,-1
596,20,DJI,26,2007-08-10,13239.5,-0.23,-1,1
597,20,DJI,27,2007-08-13,13236.5,-0.02,-1,-1
598,20,DJI,28,2007-08-14,13028.9,-1.57,-1,1
599,20,DJI,29,2007-08-15,12861.5,-1.29,-1,-1
600,20,DJI,30,2007-08-16,12845.8,-0.12,-1,1
601,21,IBEX,1,2007-09-10,13726.3,-1.06,-1,1
602,21,IBEX,2,2007-09-11,13965.5,1.74,1,1
603,21,IBEX,3,2007-09-12,13980.4,0.11,1,-1
604,21,IBEX,4,2007-09-13,14077.8,0.7,1,-1
605,21,IBEX,5,2007-09-14,13861.0,-1.54,-1,1
606,21,IBEX,6,2007-09-17,13696.9,-1.18,-1,1
607,21,IBEX,7,2007-09-18,14042.0,2.52,1,-1
608,21,IBEX,8,2007-09-19,14494.8,3.22,1,1
609,21,IBEX,9,2007-09-20,14427.1,-0.47,-1,-1
610,21,IBEX,10,2007-09-21,14450.6,0.16,1,1
611,21,IBEX,11,2007-09-24,14494.7,0.31,1,-1
612,21,IBEX,12,2007-09-25,14311.9,-1.26,-1,-1
613,21,IBEX,13,2007-09-26,14513.7,1.41,1,1
614,21,IBEX,14,2007-09-27,14581.6,0.47,1,-1
615,21,IBEX,15,2007-09-28,14576.5,-0.03,-1,-1
616,21,IBEX,16,2007-10-01,14603.0,0.18,1,-1
617,21,IBEX,17,2007-10-02,14790.0,1.28,1,1
618,21,IBEX,18,2007-10-03,14783.8,-0.04,-1,-1
619,21,IBEX,19,2007-10-04,14718.0,-0.45,-1,1
620,21,IBEX,20,2007-10-05,14892.1,1.18,1,1
621,21,IBEX,21,2007-10-08,14809.0,-0.56,-1,-1
622,21,IBEX,22,2007-10-09,14862.7,0.36,1,-1
623,21,IBEX,23,2007-10-10,14863.8,0.01,1,-1
624,21,IBEX,24,2007-10-11,15100.0,1.59,1,1
625,21,IBEX,25,2007-10-12,15261.3,1.07,1,1
626,21,IBEX,26,2007-10-15,15187.5,-0.48,-1,-1
627,21,IBEX,27,2007-10-16,15279.7,0.61,1,-1
628,21,IBEX,28,2007-10-17,15430.5,0.99,1,-1
629,21,IBEX,29,2007-10-18,15507.1,0.5,1,1
630,21,IBEX,30,2007-10-19,15529.7,0.15,1,1
631,22,IBEX,1,2009-03-10,7153.3,4.93,1,1
632,22,IBEX,2,2009-03-11,7204.7,0.72,1,1
633,22,IBEX,3,2009-03-12,7340.5,1.88,1,1
634,22,IBEX,4,2009-03-13,7427.8,1.19,1,-1
635,22,IBEX,5,2009-03-16,7636.9,2.82,1,1
636,22,IBEX,6,2009-03-17,7645.3,0.11,1,-1
637,22,IBEX,7,2009-03-18,7661.6,0.21,1,-1
638,22,IBEX,8,2009-03-19,7701.6,0.52,1,1
639,22,IBEX,9,2009-03-20,7710.0,0.11,1,1
640,22,IBEX,10,2009-03-23,7952.3,3.14,1,1
641,22,IBEX,11,2009-03-24,7989.5,0.47,1,-1
642,22,IBEX,12,2009-03-25,8072.4,1.04,1,1
643,22,IBEX,13,2009-03-26,8076.2,0.05,1,-1
644,22,IBEX,14,2009-03-27,7927.6,-1.84,-1,1
645,22,IBEX,15,2009-03-30,7601.1,-4.12,-1,1
646,22,IBEX,16,2009-03-31,7798.3,2.59,1,1
647,22,IBEX,17,2009-04-01,7972.1,2.23,1,1
648,22,IBEX,18,2009-04-02,8334.7,4.55,1,-1
649,22,IBEX,19,2009-04-03,8319.9,-0.18,-1,1
650,22,IBEX,20,2009-04-06,8321.1,0.01,1,-1
651,22,IBEX,21,2009-04-07,8346.0,0.3,1,1
652,22,IBEX,22,2009-04-08,8404.7,0.7,1,1
653,22,IBEX,23,2009-04-09,8704.8,3.57,1,1
654,22,IBEX,24,2009-04-14,8834.8,1.49,1,1
655,22,IBEX,25,2009-04-15,8711.9,-1.39,-1,-1
656,22,IBEX,26,2009-04-16,8874.5,1.87,1,-1
657,22,IBEX,27,2009-04-17,9030.9,1.76,1,1
658,22,IBEX,28,2009-04-20,8718.2,-3.46,-1,-1
659,22,IBEX,29,2009-04-21,8615.8,-1.17,-1,-1
660,22,IBEX,30,2009-04-22,8834.1,2.53,1,1
661,23,IBEX,1,2009-04-22,8834.1,2.53,1,1
662,23,IBEX,2,2009-04-23,8769.2,-0.73,-1,-1
663,23,IBEX,3,2009-04-24,8888.2,1.36,1,-1
664,23,IBEX,4,2009-04-27,8777.0,-1.25,-1,-1
665,23,IBEX,5,2009-04-28,8656.3,-1.38,-1,-1
666,23,IBEX,6,2009-04-29,8891.3,2.71,1,-1
667,23,IBEX,7,2009-04-30,9038.0,1.65,1,-1
668,23,IBEX,8,2009-05-04,9074.7,0.41,1,1
669,23,IBEX,9,2009-05-05,9136.7,0.68,1,1
670,23,IBEX,10,2009-05-06,9229.0,1.01,1,1
671,23,IBEX,11,2009-05-07,9228.9,0.0,-1,-1
672,23,IBEX,12,2009-05-08,9408.1,1.94,1,1
673,23,IBEX,13,2009-05-11,9316.8,-0.97,-1,-1
674,23,IBEX,14,2009-05-12,9269.0,-0.51,-1,1
675,23,IBEX,15,2009-05-13,9000.6,-2.9,-1,1
676,23,IBEX,16,2009-05-14,8984.2,-0.18,-1,1
677,23,IBEX,17,2009-05-15,8978.6,-0.06,-1,-1
678,23,IBEX,18,2009-05-18,9159.3,2.01,1,-1
679,23,IBEX,19,2009-05-19,9341.6,1.99,1,1
680,23,IBEX,20,2009-05-20,9389.4,0.51,1,1
681,23,IBEX,21,2009-05-21,9225.3,-1.75,-1,-1
682,23,IBEX,22,2009-05-22,9308.6,0.9,1,-1
683,23,IBEX,23,2009-05-25,9347.4,0.42,1,1
684,23,IBEX,24,2009-05-26,9405.7,0.62,1,1
685,23,IBEX,25,2009-05-27,9510.8,1.12,1,-1
686,23,IBEX,26,2009-05-28,9435.5,-0.79,-1,-1
687,23,IBEX,27,2009-05-29,9424.3,-0.12,-1,1
688,23,IBEX,28,2009-06-01,9630.9,2.19,1,-1
689,23,IBEX,29,2009-06-02,9664.8,0.35,1,1
690,23,IBEX,30,2009-06-03,9464.8,-2.07,-1,-1
691,24,IBEX,1,2009-07-14,9634.0,0.7,1,-1
692,24,IBEX,2,2009-07-15,9905.3,2.82,1,-1
693,24,IBEX,3,2009-07-16,9997.6,0.93,1,-1
694,24,IBEX,4,2009-07-17,10041.9,0.44,1,-1
695,24,IBEX,5,2009-07-20,10142.8,1.0,1,-1
696,24,IBEX,6,2009-07-21,10122.2,-0.2,-1,-1
697,24,IBEX,7,2009-07-22,10153.4,0.31,1,-1
698,24,IBEX,8,2009-07-23,10369.8,2.13,1,1
699,24,IBEX,9,2009-07-24,10438.6,0.66,1,1
700,24,IBEX,10,2009-07-27,10591.7,1.47,1,1
701,24,IBEX,11,2009-07-28,10664.0,0.68,1,1
702,24,IBEX,12,2009-07-29,10661.6,-0.02,-1,-1
703,24,IBEX,13,2009-07-30,10874.4,2.0,1,1
704,24,IBEX,14,2009-07-31,10855.1,-0.18,-1,1
705,24,IBEX,15,2009-08-03,10901.0,0.42,1,-1
706,24,IBEX,16,2009-08-04,10876.8,-0.22,-1,1
707,24,IBEX,17,2009-08-05,10704.4,-1.59,-1,1
708,24,IBEX,18,2009-08-06,10776.0,0.67,1,1
709,24,IBEX,19,2009-08-07,10947.6,1.59,1,1
710,24,IBEX,20,2009-08-10,10923.0,-0.22,-1,1
711,24,IBEX,21,2009-08-11,10831.9,-0.83,-1,-1
712,24,IBEX,22,2009-08-12,10933.8,0.94,1,1
713,24,IBEX,23,2009-08-13,11046.8,1.03,1,1
714,24,IBEX,24,2009-08-14,10901.9,-1.31,-1,1
715,24,IBEX,25,2009-08-17,10598.5,-2.78,-1,-1
716,24,IBEX,26,2009-08-18,10708.3,1.04,1,-1
717,24,IBEX,27,2009-08-19,10695.5,-0.12,-1,1
718,24,IBEX,28,2009-08-20,10892.5,1.84,1,1
719,24,IBEX,29,2009-08-21,11161.0,2.46,1,1
720,24,IBEX,30,2009-08-24,11303.8,1.28,1,1
721,25,DJI,1,2006-07-14,10739.3,-0.99,-1,1
722,25,DJI,2,2006-07-17,10747.4,0.07,1,1
723,25,DJI,3,2006-07-18,10799.2,0.48,1,-1
724,25,DJI,4,2006-07-19,11011.4,1.96,1,1
725,25,DJI,5,2006-07-20,10928.1,-0.76,-1,-1
726,25,DJI,6,2006-07-21,10868.4,-0.55,-1,1
727,25,DJI,7,2006-07-24,11051.0,1.68,1,-1
728,25,DJI,8,2006-07-25,11103.7,0.48,1,1
729,25,DJI,9,2006-07-26,11102.5,-0.01,-1,1
730,25,DJI,10,2006-07-27,11100.4,-0.02,-1,1
731,25,DJI,11,2006-07-28,11219.7,1.07,1,1
732,25,DJI,12,2006-07-31,11185.7,-0.3,-1,1
733,25,DJI,13,2006-08-01,11125.7,-0.54,-1,-1
734,25,DJI,14,2006-08-02,11199.9,0.67,1,-1
735,25,DJI,15,2006-08-03,11242.6,0.38,1,-1
736,25,DJI,16,2006-08-04,11240.3,-0.02,-1,1
737,25,DJI,17,2006-08-07,11219.4,-0.19,-1,-1
738,25,DJI,18,2006-08-08,11173.6,-0.41,-1,-1
739,25,DJI,19,2006-08-09,11076.2,-0.87,-1,-1
740,25,DJI,20,2006-08-10,11124.4,0.44,1,-1
741,25,DJI,21,2006-08-11,11088.0,-0.33,-1,1
742,25,DJI,22,2006-08-14,11097.9,0.09,1,-1
743,25,DJI,23,2006-08-15,11230.3,1.19,1,-1
744,25,DJI,24,2006-08-16,11327.1,0.86,1,1
745,25,DJI,25,2006-08-17,11335.0,0.07,1,-1
746,25,DJI,26,2006-08-18,11381.5,0.41,1,1
747,25,DJI,27,2006-08-21,11345.0,-0.32,-1,-1
748,25,DJI,28,2006-08-22,11339.8,-0.05,-1,1
749,25,DJI,29,2006-08-23,11297.9,-0.37,-1,1
750,25,DJI,30,2006-08-24,11304.5,0.06,1,-1
751,26,DJI,1,2006-09-15,11560.8,0.29,1,-1
752,26,DJI,2,2006-09-18,11555.0,-0.05,-1,1
753,26,DJI,3,2006-09-19,11540.9,-0.12,-1,-1
754,26,DJI,4,2006-09-20,11613.2,0.63,1,1
755,26,DJI,5,2006-09-21,11533.2,-0.69,-1,1
756,26,DJI,6,2006-09-22,11508.1,-0.22,-1,-1
757,26,DJI,7,2006-09-25,11575.8,0.59,1,1
758,26,DJI,8,2006-09-26,11669.4,0.81,1,-1
759,26,DJI,9,2006-09-27,11689.2,0.17,1,1
760,26,DJI,10,2006-09-28,11718.5,0.25,1,-1
761,26,DJI,11,2006-09-29,11679.1,-0.34,-1,1
762,26,DJI,12,2006-10-02,11670.3,-0.07,-1,1
763,26,DJI,13,2006-10-03,11727.3,0.49,1,-1
764,26,DJI,14,2006-10-04,11850.6,1.05,1,1
765,26,DJI,15,2006-10-05,11866.7,0.14,1,1
766,26,DJI,16,2006-10-06,11850.2,-0.14,-1,-1
767,26,DJI,17,2006-10-09,11857.8,0.06,1,-1
768,26,DJI,18,2006-10-10,11867.2,0.08,1,-1
769,26,DJI,19,2006-10-11,11852.1,-0.13,-1,-1
770,26,DJI,20,2006-10-12,11947.7,0.81,1,1
771,26,DJI,21,2006-10-13,11960.5,0.11,1,-1
772,26,DJI,22,2006-10-16,11980.6,0.17,1,1
773,26,DJI,23,2006-10-17,11950.0,-0.26,-1,1
774,26,DJI,24,2006-10-18,11992.7,0.36,1,1
775,26,DJI,25,2006-10-19,12011.7,0.16,1,1
776,26,DJI,26,2006-10-20,12002.4,-0.08,-1,-1
777,26,DJI,27,2006-10-23,12116.9,0.95,1,1
778,26,DJI,28,2006-10-24,12127.9,0.09,1,1
779,26,DJI,29,2006-10-25,12134.7,0.06,1,1
780,26,DJI,30,2006-10-26,12163.7,0.24,1,1
781,27,DJI,1,2007-04-10,12573.8,0.04,1,-1
782,27,DJI,2,2007-04-11,12484.6,-0.71,-1,-1
783,27,DJI,3,2007-04-12,12553.0,0.55,1,1
784,27,DJI,4,2007-04-13,12612.1,0.47,1,-1
785,27,DJI,5,2007-04-16,12720.5,0.86,1,-1
786,27,DJI,6,2007-04-17,12773.0,0.41,1,-1
787,27,DJI,7,2007-04-18,12803.8,0.24,1,1
788,27,DJI,8,2007-04-19,12808.6,0.04,1,1
789,27,DJI,9,2007-04-20,12962.0,1.2,1,-1
790,27,DJI,10,2007-04-23,12919.4,-0.33,-1,1
791,27,DJI,11,2007-04-24,12953.9,0.27,1,1
792,27,DJI,12,2007-04-25,13089.9,1.05,1,1
793,27,DJI,13,2007-04-26,13105.5,0.12,1,1
794,27,DJI,14,2007-04-27,13120.9,0.12,1,1
795,27,DJI,15,2007-04-30,13062.9,-0.44,-1,-1
796,27,DJI,16,2007-05-01,13136.1,0.56,1,-1
797,27,DJI,17,2007-05-02,13211.9,0.58,1,1
798,27,DJI,18,2007-05-03,13241.4,0.22,1,1
799,27,DJI,19,2007-05-04,13264.6,0.18,1,1
800,27,DJI,20,2007-05-07,13313.0,0.36,1,-1
801,27,DJI,21,2007-05-08,13309.1,-0.03,-1,-1
802,27,DJI,22,2007-05-09,13362.9,0.4,1,-1
803,27,DJI,23,2007-05-10,13215.1,-1.11,-1,-1
804,27,DJI,24,2007-05-11,13326.2,0.84,1,-1
805,27,DJI,25,2007-05-14,13346.8,0.15,1,-1
806,27,DJI,26,2007-05-15,13383.8,0.28,1,-1
807,27,DJI,27,2007-05-16,13487.5,0.77,1,-1
808,27,DJI,28,2007-05-17,13476.7,-0.08,-1,-1
809,27,DJI,29,2007-05-18,13556.5,0.59,1,1
810,27,DJI,30,2007-05-21,13542.9,-0.1,-1,-1
811,28,DAX,1,2007-03-02,6603.32,-0.56,-1,1
812,28,DAX,2,2007-03-05,6534.57,-1.04,-1,-1
813,28,DAX,3,2007-03-06,6595.0,0.92,1,-1
814,28,DAX,4,2007-03-07,6617.75,0.34,1,-1
815,28,DAX,5,2007-03-08,6713.23,1.44,1,1
816,28,DAX,6,2007-03-09,6716.52,0.05,1,-1
817,28,DAX,7,2007-03-12,6715.49,-0.02,-1,1
818,28,DAX,8,2007-03-13,6623.99,-1.36,-1,1
819,28,DAX,9,2007-03-14,6447.7,-2.66,-1,-1
820,28,DAX,10,2007-03-15,6585.47,2.14,1,-1
821,28,DAX,11,2007-03-16,6579.87,-0.09,-1,1
822,28,DAX,12,2007-03-19,6671.41,1.39,1,-1
823,28,DAX,13,2007-03-20,6700.29,0.43,1,1
824,28,DAX,14,2007-03-21,6712.06,0.18,1,-1
825,28,DAX,15,2007-03-22,6856.96,2.16,1,1
826,28,DAX,16,2007-03-23,6899.06,0.61,1,1
827,28,DAX,17,2007-03-26,6828.82,-1.02,-1,-1
828,28,DAX,18,2007-03-27,6858.34,0.43,1,1
829,28,DAX,19,2007-03-28,6816.89,-0.6,-1,-1
830,28,DAX,20,2007-03-29,6897.08,1.18,1,1
831,28,DAX,21,2007-03-30,6917.03,0.29,1,1
832,28,DAX,22,2007-04-02,6937.17,0.29,1,-1
833,28,DAX,23,2007-04-03,7045.56,1.56,1,-1
834,28,DAX,24,2007-04-04,7073.91,0.4,1,1
835,28,DAX,25,2007-04-05,7099.91,0.37,1,1
836,28,DAX,26,2007-04-10,7166.67,0.94,1,1
837,28,DAX,27,2007-04-11,7152.83,-0.19,-1,1
838,28,DAX,28,2007-04-12,7142.95,-0.14,-1,-1
839,28,DAX,29,2007-04-13,7212.07,0.97,1,1
840,28,DAX,30,2007-04-16,7338.06,1.75,1,1
841,29,DAX,1,2007-04-20,7342.54,1.38,1,1
842,29,DAX,2,2007-04-23,7335.62,-0.09,-1,1
843,29,DAX,3,2007-04-24,7270.32,-0.89,-1,-1
844,29,DAX,4,2007-04-25,7343.08,1.0,1,1
845,29,DAX,5,2007-04-26,7387.02,0.6,1,-1
846,29,DAX,6,2007-04-27,7378.12,-0.12,-1,1
847,29,DAX,7,2007-04-30,7408.87,0.42,1,1
848,29,DAX,8,2007-05-02,7455.93,0.64,1,1
849,29,DAX,9,2007-05-03,7476.69,0.28,1,1
850,29,DAX,10,2007-05-04,7516.76,0.54,1,-1
851,29,DAX,11,2007-05-07,7525.69,0.12,1,1
852,29,DAX,12,2007-05-08,7442.2,-1.11,-1,-1
853,29,DAX,13,2007-05-09,7475.99,0.45,1,1
854,29,DAX,14,2007-05-10,7415.33,-0.81,-1,-1
855,29,DAX,15,2007-05-11,7479.34,0.86,1,1
856,29,DAX,16,2007-05-14,7459.61,-0.26,-1,-1
857,29,DAX,17,2007-05-15,7505.35,0.61,1,-1
858,29,DAX,18,2007-05-16,7481.25,-0.32,-1,-1
859,29,DAX,19,2007-05-17,7499.5,0.24,1,-1
860,29,DAX,20,2007-05-18,7607.54,1.44,1,-1
861,29,DAX,21,2007-05-21,7619.31,0.15,1,-1
862,29,DAX,22,2007-05-22,7659.39,0.53,1,-1
863,29,DAX,23,2007-05-23,7735.88,1.0,1,-1
864,29,DAX,24,2007-05-24,7697.38,-0.5,-1,-1
865,29,DAX,25,2007-05-25,7739.2,0.54,1,1
866,29,DAX,26,2007-05-29,7781.04,0.54,1,-1
867,29,DAX,27,2007-05-30,7764.97,-0.21,-1,-1
868,29,DAX,28,2007-05-31,7883.04,1.52,1,1
869,29,DAX,29,2007-06-01,7987.85,1.33,1,1
870,29,DAX,30,2007-06-04,7976.79,-0.14,-1,-1
871,30,DJI,1,2007-03-16,12110.4,-0.41,-1,-1
872,30,DJI,2,2007-03-19,12226.2,0.96,1,-1
873,30,DJI,3,2007-03-20,12288.1,0.51,1,-1
874,30,DJI,4,2007-03-21,12447.5,1.3,1,-1
875,30,DJI,5,2007-03-22,12461.1,0.11,1,1
876,30,DJI,6,2007-03-23,12481.0,0.16,1,-1
877,30,DJI,7,2007-03-26,12469.1,-0.1,-1,1
878,30,DJI,8,2007-03-27,12397.3,-0.58,-1,-1
879,30,DJI,9,2007-03-28,12300.4,-0.78,-1,1
880,30,DJI,10,2007-03-29,12348.8,0.39,1,1
881,30,DJI,11,2007-03-30,12354.3,0.05,1,-1
882,30,DJI,12,2007-04-02,12382.3,0.23,1,-1
883,30,DJI,13,2007-04-03,12510.3,1.03,1,-1
884,30,DJI,14,2007-04-04,12530.0,0.16,1,1
885,30,DJI,15,2007-04-05,12560.2,0.24,1,-1
886,30,DJI,16,2007-04-09,12569.1,0.07,1,1
887,30,DJI,17,2007-04-10,12573.8,0.04,1,-1
888,30,DJI,18,2007-04-11,12484.6,-0.71,-1,-1
889,30,DJI,19,2007-04-12,12553.0,0.55,1,1
890,30,DJI,20,2007-04-13,12612.1,0.47,1,-1
891,30,DJI,21,2007-04-16,12720.5,0.86,1,-1
892,30,DJI,22,2007-04-17,12773.0,0.41,1,-1
893,30,DJI,23,2007-04-18,12803.8,0.24,1,1
894,30,DJI,24,2007-04-19,12808.6,0.04,1,1
895,30,DJI,25,2007-04-20,12962.0,1.2,1,-1
896,30,DJI,26,2007-04-23,12919.4,-0.33,-1,1
897,30,DJI,27,2007-04-24,12953.9,0.27,1,1
898,30,DJI,28,2007-04-25,13089.9,1.05,1,1
899,30,DJI,29,2007-04-26,13105.5,0.12,1,1
900,30,DJI,30,2007-04-27,13120.9,0.12,1,1
