user,n_decisions,H_window_real,H_window_shuffle_mean,H_window_shuffle_std,z_window,p_emp_lower
3,25,0.8417073520058203,0.8621228097413847,0.07696076671935406,-0.2652709764445517,0.32086716531338744
5,75,0.8804674088050792,0.8389139767370734,0.04373820045078266,0.9500489649720446,0.8361665533378665
6,75,0.8972960523291275,0.8514942827261103,0.04325984139475367,1.0587595360109616,0.8618855245790168
7,75,0.8629306130609029,0.8472831714634332,0.04261419914285962,0.3671884468604764,0.6073757049718012
8,74,0.7674907409634214,0.786884895260435,0.04353861492360406,-0.4454472043045924,0.3013879444822207
9,75,0.8317184568314493,0.8157052997798663,0.04339909898939735,0.3689744124755936,0.6040958361665534
10,25,0.6911419099614722,0.7616137972878881,0.08109981191355395,-0.8689525371715223,0.18947242110315587
11,74,0.8969621132648928,0.8528015265861477,0.04288157045146608,1.0298267114243553,0.8652453901843926
12,25,0.5156629249195446,0.3869909937344809,0.0721862572386094,1.7824989978319923,1.0
13,75,0.6641067718592895,0.8480320114871955,0.04279194663216343,-4.298127430586753,0.0005999760009599616
14,75,0.7566810122174578,0.7849514763049673,0.04409693995601586,-0.6410980924233677,0.2439902403903844
15,74,0.8788156575270202,0.8362096572533244,0.042967641127105834,0.9915834138453105,0.8425262989480421
16,75,0.7984152458934173,0.8519006211796328,0.04278962191015357,-1.2499613901361437,0.11747530098796048
17,75,0.5108785995925356,0.5560893920783557,0.03656400946286632,-1.2364834477940758,0.11527538898444062
18,25,0.8417073520058203,0.8529967514636599,0.07616192452005474,-0.14822891528780888,0.3637854485820567
20,25,0.8879430945988996,0.8325382526276335,0.0782822437526453,0.7077574596141278,0.7249310027598896
22,73,0.8702623251203204,0.8312102118869312,0.04387766673097566,0.8900225591489842,0.8047678092876285
23,25,0.8405102375384607,0.7110660484467911,0.08175656823923784,1.5832879471272223,0.9734810607575697
24,74,0.6241486458840263,0.6203214483644967,0.03881168846683128,0.09860940532902591,0.5025798968041278
25,75,0.8769600496562441,0.8421937065630709,0.043225061907378744,0.8043098507914079,0.7872085116595336
26,75,0.7394982925833453,0.755418280377075,0.04209982443937645,-0.37814855538541314,0.32762689492420305
27,48,0.837405540492007,0.8408674758008224,0.05377194494894621,-0.06438181308305624,0.4317027318907244
28,75,0.6918115689399077,0.7865047270566964,0.04202206775272936,-2.253415007419246,0.022759089636414542
29,75,0.8180430963461721,0.8482170087195562,0.04306052700765905,-0.7007325378998991,0.21903123875044997
31,25,0.8061327092104911,0.8334238412406304,0.07707611541806367,-0.3540802735336522,0.3015879364825407
32,75,0.6129126890670168,0.6270735997902391,0.0388465111193001,-0.36453494316988433,0.32882684692612296
33,72,0.8944162843502735,0.8427824890168376,0.04408555642361744,1.1712179571306207,0.9010039598416063
34,50,0.9222288010610654,0.8472922277473519,0.053384290381984174,1.403719573258628,0.9636014559417623
36,75,0.732837650395739,0.7348960063223966,0.0425186678171046,-0.0484106401336862,0.4469821207151714
37,75,0.8871280509926857,0.837135671340467,0.042888435859369536,1.1656377447791026,0.8936842526298948
38,75,0.6332486917399002,0.6202371557807921,0.039751441515780785,0.32732236776728424,0.5980960761569537
39,75,0.6851509267523015,0.6715712245549278,0.04047609138979377,0.3354993461843473,0.6143354265829367
40,75,0.6125586129569526,0.6560136411054298,0.04269770970274765,-1.0177367463267204,0.1514739410423583
41,75,0.8453938173167262,0.7901216593483218,0.043665093264772366,1.265820220129847,0.9111635534578617
42,74,0.18315859171212692,0.3326577586966296,0.030855855880466822,-4.845082488188005,0.0003199872005119795
43,25,0.540576467917124,0.48584470191184964,0.07852728827366676,0.6969776648155064,0.7633294668213272
44,75,0.40498307485915447,0.4035583242983573,0.03098495461240732,0.045982012193319384,0.5023399064037438
45,74,0.8087437749569849,0.8498018450358811,0.04281233130587334,-0.9590243938260725,0.16195352185912565
46,75,0.7188082138003976,0.7349291732472027,0.0424733469034454,-0.3795547236588841,0.31794728210871565
47,75,0.03050400400932517,0.046755723905386695,0.010365045198790888,-1.5679352655362597,0.12119515219391225
48,74,0.4559381799704469,0.44735473697953787,0.03171527350149435,0.2706406738224908,0.5853765849366025
49,74,0.8578300061900301,0.8213104752342818,0.0436086676820348,0.837437438401565,0.7859285628574857
50,75,0.8219045316050716,0.8273620586433723,0.04341509602728861,-0.1257057461043131,0.4110235590576377
51,75,0.8843288440639788,0.8541860685265638,0.04270264197840994,0.7058761271177313,0.7517299308027678
52,75,0.7805243740391764,0.7939371953121376,0.04265086997221151,-0.31447942988501953,0.3403463861445542
53,73,0.6869652652402444,0.7403283708014188,0.04401645770796593,-1.2123443898012027,0.1155553777848886
54,75,0.6613075649305826,0.6751294984290394,0.04011980354776328,-0.3445164800471042,0.3409063637454502
55,74,0.6106370574463101,0.6744816528748616,0.040430740286319766,-1.5791102259424636,0.06587736490540379
56,74,0.8226144977349086,0.7969574441629755,0.043701803567096076,0.5870937004359867,0.6904523819047238
57,75,0.7563269361073934,0.826277202119179,0.043458207680204405,-1.6095985026931636,0.0655173793048278
58,75,0.7226696490592971,0.8283345532719478,0.042953112252960134,-2.4600057753758877,0.017759289628414863
59,75,0.8261200429740353,0.8186648118642021,0.043462092101171024,0.1715341059164586,0.5349786008559657
60,72,0.5872397037225872,0.635811565401497,0.0412828552209801,-1.1765625565119684,0.12443502259909604
62,75,0.7742178079616342,0.8207609101781876,0.043491384695367424,-1.0701683228198315,0.14563417463301467
64,75,0.798061169783353,0.7468068445495032,0.042174553928514186,1.2152902748118162,0.9040438382464702
65,75,0.8015685289321883,0.8335045971194069,0.04326565873330895,-0.738138956442884,0.21947122115115394
66,75,0.8289192499027422,0.8303012093395519,0.043589847111643557,-0.0317037000214779,0.44498220071197153
67,49,0.7247213619778685,0.7173189480951716,0.053580588522816816,0.13815476997877058,0.5106195752169913
69,75,0.6030987638406391,0.6677586793077468,0.04062077916889292,-1.5917940716564039,0.0670773169073237
70,75,0.5175392417801417,0.585006832982317,0.038699689850838805,-1.7433625815146692,0.051597936082556695
71,74,0.8514333463113805,0.8464614782067152,0.04376170374331261,0.11361230663751251,0.5077396904123835
72,73,0.8320204428017387,0.8373912565600001,0.043895230152408066,-0.12235529326565767,0.41462341506339745
73,75,0.8941427692903563,0.8475287047782144,0.0431561822722683,1.080124840933754,0.8733650653973841
74,50,0.8372518058081692,0.8514543017793277,0.05253667426774651,-0.2703348883253877,0.35394584216631336
75,75,0.7910464514856824,0.807614599253201,0.042683115466948356,-0.38816631790498324,0.3231470741170353
76,74,0.6700365471777464,0.8043751730367332,0.04312653350962377,-3.1149878027875553,0.005239790408383665
77,75,0.8082291711197948,0.7738592456686718,0.0424736388980669,0.8092060473934861,0.7917283308667653
78,74,0.7461459552862234,0.757040614580924,0.042878956340394715,-0.2540793952215928,0.3569057237710492
80,75,0.681289491493402,0.6715909456716489,0.04003911279248632,0.242226791388173,0.5758569657213711
81,75,0.7941997345244535,0.8155729813462533,0.04315891706867606,-0.49522203691510525,0.28042878284868605
82,75,0.8909894862515854,0.8486756852503287,0.042621894655346416,0.9927714697673331,0.8542458301667933
83,75,0.5820546089476275,0.66055547278793,0.0410393925769609,-1.9128173910734763,0.04079836806527739
84,75,0.7938456584143893,0.8252167199352061,0.04335716332316753,-0.7235496770623356,0.2153913843446262
85,25,0.9116595231291194,0.8520121284657801,0.07694215212522483,0.7752238924414534,0.7882484700611976
86,75,0.7016254941662853,0.8489391869325764,0.04327502659275785,-3.404127145954067,0.0035598576056957722
87,75,0.8106743019384375,0.7539854037403461,0.04221435859598718,1.3428819028291519,0.9259229630814767
88,75,0.7461589347709519,0.7662165288457884,0.042241316129236595,-0.4748335495388133,0.2908683652653894
89,50,0.8735070076674617,0.8014954066923328,0.053490366242102606,1.3462536533998928,0.9310427582896684
90,75,0.763341654405064,0.839923976458726,0.04336716286403157,-1.7659057451779687,0.05331786728530859
91,75,0.928862284668645,0.8400625060599748,0.04388786789759618,2.0233331638681378,0.9978000879964801
92,72,0.7256250660365618,0.7737529621425995,0.044698709834458526,-1.0767177908328691,0.14043438262469501
93,75,0.7840317331880116,0.7771950128140852,0.043182068641136336,0.15832313247294316,0.5267789288428463
94,75,0.8355798920903484,0.80722818126665,0.0425227833177013,0.666741652630633,0.7242910283588656
96,75,0.8699453313585735,0.8275016143926751,0.04265146754729334,0.99512911059474,0.8481660733570657
97,75,0.901157487588027,0.8547002789129265,0.043139860371770485,1.076897520639654,0.8784848606055757
99,75,0.5757480428700852,0.7889356024812973,0.04293149768662937,-4.965761063528131,7.999680012799488e-05
100,25,0.703000124226582,0.8026765755850003,0.07966854562018891,-1.251139337143355,0.11751529938802448
101,25,0.9709505944546682,0.8626293068276797,0.07631731072770732,1.419354096654012,1.0
103,25,0.9590923801895583,0.8623725360607966,0.07547924993935266,1.2814097146762304,0.9815207391704331
105,25,0.8523684518035702,0.7622040580956786,0.08114469860812538,1.1111556916777194,0.8726050957961682
106,25,0.6792836956963624,0.6483332583501898,0.08149341569828997,0.3797906503362085,0.6366545338186472
107,25,0.8191880379429606,0.8029863103368037,0.08065973910179708,0.2008651129618634,0.5340986360545578
108,75,0.7672030896639636,0.8581343990861795,0.04271771424745287,-2.1286557818958656,0.03299868005279789
110,75,0.9499064395616568,0.8517819206520638,0.04305590624729678,2.2790025216518024,0.999920003199872
111,75,0.46319187594909783,0.7930299148103088,0.04338092594528349,-7.603296418274631,3.999840006399744e-05
112,75,0.6812894914934019,0.7406029609788745,0.04253838010261219,-1.3943518615987507,0.09147634094636214
113,75,0.8082291711197946,0.8393147891903195,0.04337974392040146,-0.716592936269164,0.22255109795608174
114,23,0.6879012589166417,0.746055642104745,0.08565514279327538,-0.678936270393666,0.24291028358865646
115,74,0.712007849851726,0.7930463532275777,0.0434385087065886,-1.8655912872892888,0.045998160073597055
116,74,0.6739531457974874,0.8041699825563279,0.04430679893346964,-2.9389809215143683,0.007199712011519539
117,75,0.6774280562345024,0.6780792498707688,0.04252489790937294,-0.015313232207028835,0.45878164873405064
118,75,0.6167741243259164,0.672457532186132,0.040805920504565434,-1.3645913919276906,0.09427622895084196
119,70,0.5937156417338488,0.6403059741079479,0.04197619182817309,-1.1099228001628554,0.1390744370225191
120,74,0.7013354570131269,0.6870160800351706,0.040763728140240076,0.35127741330952866,0.609415623375065
122,74,0.7255194382894418,0.7657408137794768,0.04366422870129359,-0.9211516311255356,0.1705931762729491
123,75,0.7836776570779475,0.7750768073207813,0.042523273984088346,0.202262172013953,0.5407383704651814
124,75,0.8008603767120598,0.7575366160006821,0.043084259773186154,1.0055588964381041,0.8454861805527779
125,75,0.6918115689399078,0.8084197048003647,0.042512721568944915,-2.7428998087395544,0.01063957441702332
126,75,0.8355798920903488,0.7903636040932307,0.043305802695325545,1.0441161503282503,0.8649254029838807
127,75,0.7672030896639636,0.8575317805328546,0.04315503852691094,-2.093120385295525,0.03415863365465381
128,75,0.7801702979291121,0.7237007655283063,0.04222948496136833,1.3372062778521756,0.9240430382784689
129,75,0.6742747731957314,0.7786149975504729,0.04324648455758995,-2.412686844309739,0.019439222431102757
130,74,0.7251603039492339,0.6876515067669114,0.04050863118128124,0.925945806819931,0.8184072637094516
131,75,0.78473988540814,0.8110442676853787,0.04385326837086258,-0.5998271794655142,0.26002959881604737
132,74,0.8130195079169337,0.80185885723015,0.0441781377508968,0.2526283645026904,0.5650573977040918
133,75,0.7780792432205336,0.7439406989196333,0.04174752756047801,0.8177381103933656,0.7902483900643974
134,75,0.8944968454004206,0.8374587027328876,0.04281902698889096,1.3320747031998441,0.936602535898564
135,75,0.763341654405064,0.8352837905080431,0.043242141905449304,-1.6637042693279063,0.062077516899324024
136,75,0.7570350883275219,0.7792801147336559,0.04243077120067267,-0.5242663702935797,0.2799088036478541
137,50,0.7896230299717202,0.8123156870046325,0.053502053911810024,-0.4241455303812771,0.3095076196952122
138,75,0.914832848073304,0.85518796565074,0.042907431745115215,1.390082789780451,0.9487620495180192
139,75,0.73599093343451,0.8261677412470412,0.043164191498627595,-2.0891578107144273,0.03199872005119795
140,75,0.6227266142933943,0.7579080917007708,0.043437956992434086,-3.1120588252095303,0.005039798408063677
142,75,0.8871280509926857,0.8099534126953282,0.043361661848987695,1.7797896807121376,0.985440582376705
143,25,0.6449061673683927,0.7628869990882211,0.08090133991191335,-1.4583297612658555,0.09003639854405823
144,70,0.7887365542713941,0.8130772716569918,0.04545396537203564,-0.5355026164685891,0.2719891204351826
146,24,0.8601474398401084,0.8648556623585858,0.07782066794036596,-0.06050092659298775,0.38878444862205513
147,25,0.5287182536520142,0.5735921347076806,0.08081973100023679,-0.5552342293187649,0.27730890764369426
148,75,0.6956730041988074,0.6904827246130045,0.042290875183626626,0.12272811955928364,0.5234590616375345
149,75,0.8320725329415134,0.7807017333176021,0.042871760976129956,1.1982432830905512,0.9043238270469182
150,75,0.7128557238329196,0.7335084483389842,0.041310723409275586,-0.4999361618883534,0.2910283588656454
151,75,0.7086402124639559,0.6944015278694394,0.04068016172193843,0.3500154372994467,0.6126154953801848
152,75,0.6367560508887354,0.596559537402747,0.039229094162260725,1.0246607612127419,0.8474461021559138
153,75,0.46283779983903367,0.6338986029263936,0.03917146218726831,-4.366975178755489,0.000639974401023959
154,74,0.6394559060227818,0.6479129166063115,0.04329880348664399,-0.1953174199406761,0.4027038918443262
155,75,0.8632846891709669,0.8136359640101244,0.042230940538009104,1.175648103696795,0.8937242510299588
156,25,0.772952295349881,0.8522110040437515,0.07716209219779839,-1.027171586932838,0.15119395224191032
157,75,0.9218475663709745,0.8548752797019269,0.04277032959196073,1.5658585591455436,0.9751609935602575
158,50,0.8323847819874572,0.813045008022621,0.053713940407113664,0.36005129801043106,0.6126554937802487
159,24,0.6286039460140789,0.8651575070395192,0.07686505853954642,-3.0775174769916496,0.011919523219071236
160,75,0.8078750950097302,0.7719603301217879,0.04299831655080885,0.8352597908223622,0.7862085516579337
162,75,0.8348717398702203,0.8170732096741419,0.04262724719098642,0.4175388130585638,0.6209751609935602
163,75,0.7016254941662854,0.7287811555459609,0.0416699533074707,-0.6516844686458282,0.234470621175153
164,25,0.7598969666174115,0.8631662178615047,0.07598882418232691,-1.3590057795381847,0.10163593456261749
166,75,0.8937886931802922,0.8547352627187348,0.04277823126383346,0.9129276575437759,0.8112075516979321
167,24,0.8115999101173751,0.8434814624538768,0.07868817904125448,-0.40516317348997105,0.2871885124595016
168,50,0.7733824321738522,0.6806372561332714,0.05190926912268243,1.7866785182697658,0.9858005679772809
169,74,0.889128916025411,0.8615025790534564,0.04271371735391216,0.6467790368853086,0.7109715611375546
171,72,0.7578445320435714,0.8109431750688602,0.04403629148609531,-1.2057927957456398,0.11807527698892044
172,75,0.6472781283352413,0.6129534423293492,0.038531168138266306,0.8908291044465734,0.8156473741050358
173,75,0.8671461244298663,0.8476660561715375,0.042922372976830755,0.45384415882234763,0.6489740410383584
174,75,0.8499634047957542,0.822155550834703,0.04415350537873654,0.6297994626366141,0.7228910843566257
175,50,0.5092639075523168,0.5766043976879918,0.04885489649810675,-1.3783775007748633,0.09251629934802608
176,75,0.8324266090515776,0.8457424923976813,0.043649804324642244,-0.30506169620069223,0.34922603095876165
177,75,0.6711214901569601,0.75191191067893,0.04374877719715831,-1.8466897979314871,0.04475820967161313
178,75,0.8054299641910877,0.7870180123092927,0.04394095900440388,0.419015704230527,0.6399744010239591
179,75,0.801214452822124,0.8312391715129318,0.043024178851505376,-0.6978568677495461,0.22415103395864167
180,74,0.7568183481248226,0.6649455109881194,0.04036436140977394,2.276087962943888,0.9978000879964801
181,74,0.8368443548530404,0.8413300542698979,0.043254640488900466,-0.10370446653021134,0.40730370785168596
182,75,0.7633416544050641,0.8147717380366122,0.04299051999885308,-1.1963122016881904,0.11919523219071237
183,25,0.9353759516593391,0.8621252663141613,0.075537678741838,0.9697238062546718,0.8992440302387904
184,25,0.8760848803337898,0.8023919160987957,0.0807671503073632,0.9124125830186173,0.8100075996960122
185,50,0.6786713892795322,0.678391606636828,0.05276991581283782,0.00530193460411328,0.48222071117155313
186,75,0.7629875782949997,0.8212454030137215,0.04357225915374126,-1.3370393422375382,0.09859605615775369
187,75,0.7535277291786865,0.7833455015654437,0.04356740202889078,-0.6844055646692955,0.23423063077476902
188,73,0.6801115609602436,0.6979437496329053,0.04103463829884486,-0.4345642952374618,0.3078276868925243
189,72,0.8442560375488231,0.83104696449424,0.04368734057167726,0.30235470691815447,0.5764169433222671
190,75,0.7875390923368472,0.8518644575644556,0.04325288945999115,-1.4871923247372711,0.0828766849326027
191,75,0.7945538106345178,0.8441466188525062,0.04281538567440628,-1.1582940907065904,0.12787488500459981
192,74,0.8336460249137155,0.8136696289892494,0.04319426269486614,0.46247799309792115,0.6459341626334947
193,75,0.8043677358608952,0.7587804038928296,0.04239618044795527,1.075269788136402,0.8672853085876565
194,25,0.7705580664151616,0.7101947836448412,0.08212997842294903,0.7349725877129102,0.7427302907883685
195,75,0.8355798920903487,0.8311541437746176,0.043496169814476675,0.10175029973002482,0.4969801207951682
196,50,0.8410258120717262,0.8205671262833641,0.0538284669586322,0.3800718642811212,0.5964161433542658
197,75,0.6122045368468884,0.54651115358312,0.036751729322062957,1.7874909419386438,0.9811607535698572
198,25,0.8061327092104908,0.710421588597081,0.08273623851034931,1.1568222381953888,0.8899644014239431
199,25,0.529915368119374,0.8018509863699623,0.07982035028284343,-3.406845713993792,0.005839766409343626
200,75,0.6875960575709441,0.7882952934100822,0.044389537437292424,-2.268535372358688,0.021799128034878604
201,75,0.9113254889244685,0.8333785689535697,0.04324512749586838,1.802443985818885,0.9867205311787528
202,75,0.8492552525756257,0.7960249946097491,0.04217312242810857,1.2621844174952164,0.9147234110635575
203,25,0.8879430945988999,0.8620568229558604,0.0764415308287854,0.33864146050423605,0.5598176072957082
204,75,0.9499064395616568,0.8548717643263096,0.04261361778906472,2.2301480176070485,0.999960001599936
205,25,0.9235177373942292,0.8326910532884265,0.07876219033490463,1.1531762095441809,0.9461621535138595
206,75,0.7419434234019878,0.6859064874645345,0.04124870645214818,1.3585137755158612,0.9252029918803247
207,74,0.7059703243132839,0.7966222212532299,0.04385371594106849,-2.067142886175618,0.03327866885324587
208,75,0.8380250229089913,0.8235275805642038,0.042903787731910316,0.33790588456610243,0.5902563897444102
209,75,0.9078181297756335,0.8336256016780809,0.0429303921238652,1.728205227743742,0.9857605695772169
210,75,0.7191622899104618,0.733765511211183,0.04258146619963728,-0.34294782693146486,0.34410623575057
211,23,0.8281028001690994,0.8537983073197053,0.07880046536532162,-0.3260831903908261,0.29926802927882884
212,75,0.8597773300221316,0.8547146626940813,0.042646861907713274,0.11871136823632812,0.5039798408063677
213,75,0.7195163660205259,0.7321287474942882,0.041953775481216524,-0.30062566072054964,0.3483460661573537
215,75,0.8632846891709668,0.7983014315882839,0.04318083052360474,1.5049098591829968,0.9581616735330587
216,75,0.8183971724562363,0.8413133711667982,0.04280266147623075,-0.5353919106943313,0.2669493220271189
217,74,0.6632807529588886,0.7662246950929562,0.04327321676346663,-2.3789297360712496,0.0187592496300148
218,75,0.73599093343451,0.7418649172274158,0.04292494358117624,-0.13684313368513348,0.41482340706371745
219,25,0.703000124226582,0.7623985093159305,0.0804700354686986,-0.7381428968358461,0.22691092356305748
220,25,0.9235177373942292,0.8523306604284147,0.07778219739060235,0.9152104125874866,0.8699652013919443
221,50,0.49356981853302645,0.7346069167028559,0.05546101054410137,-4.346063943031873,0.0003999840006399744
222,74,0.6984962614140101,0.8137865835079466,0.04328464444776822,-2.66353861894506,0.012479500819967201
223,25,0.8998013088640098,0.8019753932699629,0.08062072966312274,1.213408958252012,0.9474821007159714
224,75,0.6886582859011366,0.7449369241425738,0.04278321259334622,-1.3154374071055577,0.10687572497100116
226,75,0.725468855988004,0.729135363915292,0.041482819550300365,-0.08838617931556213,0.42726290948362067
227,75,0.6304494848111935,0.6271748215442455,0.04086219586298666,0.08013918972754322,0.5128594856205752
228,74,0.8375626235334562,0.8586816554082304,0.04310475288279591,-0.48994671033604836,0.28146874125035
230,75,0.6886582859011368,0.7410493253529488,0.0435128092325599,-1.2040371645921835,0.12163513459461621
231,50,0.7160196086959797,0.8014055630780841,0.05458894902575311,-1.5641619028390226,0.07423703051877925
232,50,0.7360342127574048,0.8201305476623396,0.05470548822601223,-1.5372559067107894,0.07591696332146713
233,75,0.010168001336441723,0.04665567077223612,0.010511624946259502,-3.4711730700378833,0.04167833286668533
234,75,0.6094053299181815,0.656187703628238,0.041128924746088744,-1.13745676549702,0.1297948082076717
235,75,0.8766059735461799,0.8085755026302442,0.04295964402962148,1.5835901915068786,0.96828126874925
236,75,0.7612505996964856,0.8517238222147236,0.04341817903436157,-2.0837636338142302,0.03631854725810967
237,75,0.9085262819957618,0.848254696327683,0.043059400910287905,1.3997311712174443,0.9496420143194272
238,74,0.8823731218065531,0.8348822666243602,0.04299477858316695,1.104572618982769,0.8804447822087117
239,75,0.4866811616607523,0.4475990511947828,0.03539713993258972,1.104103623637317,0.8685252589896404
240,75,0.904310770626798,0.8406520229887954,0.0429216371124336,1.4831388530509209,0.9581216751329947
241,75,0.7914005275957465,0.8373101705447865,0.042825598921408914,-1.0720140314509257,0.1484740610375585
242,75,0.8632846891709668,0.8576627900851719,0.04271524779989451,0.13161340213058056,0.49930002799888007
244,72,0.8504711373678076,0.8264171119146386,0.043853060018477254,0.5485141844841361,0.671733130674773
245,50,0.8691864926253273,0.8559229166285993,0.05345169610256546,0.24814134936480356,0.5488980440782368
246,50,0.9227753098396426,0.8618508709828774,0.05235210122406689,1.1637439077375091,0.9182432702691893
247,75,0.7563269361073935,0.7732361232944831,0.04214693369988662,-0.40119614175241997,0.3095076196952122
248,75,0.7359909334345102,0.821804627585019,0.04346659584006579,-1.974244646768708,0.03835846566137355
249,75,0.7731555796314417,0.7067021641754435,0.04131643718911284,1.608401400920142,0.9648814047438102
250,75,0.7356368573244457,0.7521296502070458,0.04294751621379412,-0.3840220421711567,0.31546738130474783
251,25,0.8405102375384608,0.7617215791942217,0.08129459448439323,0.9691746277098999,0.8324867005319787
252,75,0.928862284668645,0.8577467879294789,0.04278050590078973,1.662334169308018,0.984760609575617
254,75,0.898004204549256,0.8549945937824539,0.04304918242890532,0.9990807801711781,0.8549258029678812
255,75,0.8355798920903488,0.807727059753231,0.04311714497827635,0.645980441217776,0.7265709371625135
256,50,0.5904668965416557,0.6264824746377047,0.049373550550673474,-0.7294508435054743,0.22067117315307389
257,75,0.7503744461399154,0.7558680483529184,0.04263037115862256,-0.1288659250129901,0.42118315267389306
258,50,0.8534924036060367,0.8420902411141619,0.05315756315840673,0.21449746403718745,0.5384584616615335
259,75,0.8015685289321881,0.8488481711640012,0.04295317413704764,-1.1007252241932421,0.140594376224951
260,75,0.5519046810483663,0.5919309296297701,0.042038855365867954,-0.9521250812623642,0.1699932002719891
261,74,0.7817205980815531,0.7828132259974409,0.042499715001929464,-0.02570906453932943,0.4607015719371225
262,74,0.8336460249137155,0.7897580042800242,0.044051729467821606,0.9962837138040213,0.8471661133554658
263,74,0.7710482052429544,0.7356566795238688,0.04276829095438137,0.8275178860159687,0.796488140474381
264,75,0.7258229320980684,0.7426919638822321,0.04297130497853994,-0.39256503363321726,0.3191072357105716
265,74,0.8368443548530404,0.8412480873071551,0.04312295796409285,-0.10212037072645805,0.4079436822527099
266,74,0.6735940114572794,0.778016207226954,0.04392334813610293,-2.377373315124046,0.018199272029118835
267,75,0.7836776570779476,0.7773982159704445,0.042496727324399866,0.14776293382708833,0.5198192072317107
268,75,0.8562699708732964,0.8369615430505423,0.04382270364826061,0.44060329955293587,0.640734370625175
269,75,0.6002995569119324,0.7495424818260881,0.043110447097434806,-3.461873744358269,0.002799888004479821
270,50,0.7933970362352775,0.8131222835685433,0.0541277939472423,-0.36441993834982117,0.31298748050077996
271,75,0.8622224608407744,0.8420922448734991,0.04370971049306878,0.46054333785778323,0.6382544698212071
272,50,0.9168152684617761,0.861782196042061,0.05254964943639839,1.0472586022923416,0.8738050477980881
273,25,0.5417735823844838,0.5727454464518762,0.08131699572719078,-0.38087811521344744,0.3517459301627935
274,73,0.8136109949517228,0.8107766686771889,0.04421124112401491,0.06410872444371131,0.4766209351625935
275,73,0.7861961778317198,0.8029418852844455,0.043345137895519206,-0.3863341603178249,0.32458701651933924
276,75,0.784385809298076,0.7607283767449358,0.04329135436640569,0.5464701416571648,0.6937322507099716
277,25,0.713661224024332,0.762050499408445,0.08050555553244154,-0.60106752961432,0.24035038598456063
278,75,0.825411890753907,0.7895556563131064,0.04207256251564604,0.8522474576504878,0.8014479420823167
279,50,0.7782494559945642,0.7848690756595262,0.054830103920013994,-0.12072965746369428,0.3981440742370305
280,75,0.869591255248509,0.8487241661751715,0.04302255313905706,0.4850267487819948,0.641214351425943
281,49,0.5631755896111412,0.5764562903588287,0.05011276386704644,-0.2650163296305581,0.36646534138634457
282,74,0.7258785726296497,0.8095276758464685,0.04341032312570815,-1.9269403495243889,0.040678372865085397
283,50,0.821011208010301,0.8261968702619937,0.05377399030303132,-0.09643439555945281,0.41114355425782967
284,75,0.8902813340314569,0.8327411317404715,0.04329828524414199,1.3289256599086752,0.9267629294828207
285,75,0.5101704473724069,0.6073460311801989,0.038031846530520545,-2.5551108524222887,0.011439542418303267
286,75,0.8457478934267902,0.8231734439141362,0.0430039000237554,0.5249395868789559,0.6676132954681813
287,74,0.6906630641745282,0.7136616236373948,0.042318875827565425,-0.5434586579420901,0.26690932362705494
288,74,0.6799906713359294,0.7536379648592721,0.042972243876211506,-1.7138340212229943,0.054237830486780526
289,75,0.7226696490592971,0.8491212647048136,0.043244772186717316,-2.9240902252771335,0.008359665613375466
290,75,0.7629875782949999,0.7899609883820443,0.0426907928790378,-0.6318320243775338,0.2391104355825767
291,75,0.7703563727027347,0.8394741202986458,0.04322277145424747,-1.5991049456204849,0.0702771889124435
292,75,0.5894234033553623,0.6923038443867833,0.04072440111425277,-2.52626037993263,0.01391944322227111
293,75,0.725468855988004,0.7638360971187388,0.0441180924218778,-0.8696486866170295,0.18191272349106036
294,75,0.8324266090515776,0.8210272150817668,0.04297692319819068,0.26524453407801735,0.5716171353145875
296,75,0.6721837184871527,0.7937772450350078,0.04298191991887799,-2.8289459097533296,0.009479620815167393
297,75,0.7426515756221164,0.6711763249074173,0.03943674510872642,1.8124023805119578,0.9828406863725451
298,74,0.7500625539059644,0.7800346460091573,0.04336771089754337,-0.691115382455906,0.22319107235710572
299,75,0.7394982925833455,0.7287284616152339,0.04180094350089565,0.25764564304346194,0.577936882524699
300,75,0.9639358761569977,0.85805919328956,0.04247775055456563,2.4925209429682886,1.0
301,75,0.6953189280887432,0.8029620128659734,0.042423410034844775,-2.5373510684034297,0.015079396824127034
302,75,0.8629306130609026,0.8513585240087856,0.04237540356759599,0.27308504646232984,0.5558177672893084
303,75,0.7577432405476501,0.739313657425058,0.04233324325438037,0.43534540956025514,0.6499340026398944
304,75,0.8457478934267904,0.7856692535293741,0.04366422115212995,1.375923772648939,0.9350425982960682
305,75,0.5659341176437077,0.6641038005977061,0.041397310506112284,-2.371402435419174,0.019759209631614736
306,75,0.8222586077151359,0.8345676743433922,0.04328509869348744,-0.2843719201247483,0.35870565177392905
307,75,0.4694984420266401,0.5124507928728979,0.035475788334454965,-1.2107511309210675,0.11591536338546458
308,25,0.7848105096149909,0.8024071289459845,0.07937276345802619,-0.22169593906477858,0.3692252309907604
