user,n_decisions,H_real,H_shuffle_mean,H_shuffle_std,z_marginal,H_window_real,H_window_shuffle_mean,H_window_shuffle_std,z_window
3,25,0.9988455359952018,0.9988455359952014,3.3306690738754696e-16,1.0,0.8417073520058203,0.8635858929457129,0.0773822938864354,-0.2827331659617262
5,75,0.9988455359952018,0.9988455359952014,3.3306690738754696e-16,1.0,0.8804674088050792,0.8405358440261969,0.04656496578192842,0.8575452404687384
6,75,0.9967916319816366,0.9967916319816367,1.1102230246251565e-16,-1.0,0.8972960523291275,0.8406388200815541,0.04769770873927375,1.1878397043613633
7,75,0.9895875212220556,0.9895875212220557,1.1102230246251565e-16,-1.0,0.8629306130609029,0.8337269174636092,0.046926254596290524,0.6223316957326969
8,74,0.9466474387740497,0.94664743877405,3.3306690738754696e-16,-1.0,0.7674907409634214,0.7866599307118081,0.047891910864281614,-0.4002594467927836
9,75,0.9626147059982517,0.962614705998252,3.3306690738754696e-16,-1.0,0.8317184568314493,0.8056848392831854,0.04728680944027679,0.55054713685313
10,25,0.9043814577244937,0.9043814577244936,1.1102230246251565e-16,1.0,0.6911419099614722,0.7629746360253328,0.08018102368217442,-0.8958818778442488
11,74,0.9915528503834039,0.9915528503834037,2.220446049250313e-16,1.0,0.8969621132648928,0.8345647654341438,0.048045449711337576,1.298715033486818
12,25,0.5293608652873644,0.5293608652873643,1.1102230246251565e-16,1.0,0.5156629249195446,0.3846209590417583,0.07208247859207327,1.8179447826617414
13,75,0.9895875212220556,0.9895875212220557,1.1102230246251565e-16,-1.0,0.6641067718592895,0.8311047556095847,0.0463786799581165,-3.6007489626937907
14,75,0.9988455359952018,0.9988455359952014,3.3306690738754696e-16,1.0,0.7566810122174578,0.841946664220648,0.04688131423519395,-1.818755582990484
15,74,0.9809470132751208,0.9809470132751206,2.220446049250313e-16,1.0,0.8788156575270202,0.82296212608381,0.04739713090479824,1.1784158740620274
16,75,0.9988455359952018,0.9988455359952014,3.3306690738754696e-16,1.0,0.7984152458934173,0.8420296249474906,0.04756445634715254,-0.9169531705723841
17,75,0.7478061583312325,0.7478061583312327,1.1102230246251565e-16,-1.0,0.5108785995925356,0.5815120572757123,0.04218391972444583,-1.674416653183707
18,25,0.9895875212220556,0.9895875212220557,1.1102230246251565e-16,-1.0,0.8417073520058203,0.8479996141139496,0.0795111206887941,-0.0791368811509682
20,25,0.9709505944546686,0.9709505944546687,1.1102230246251565e-16,-1.0,0.8879430945988996,0.8362128652352995,0.07822727437820039,0.6612812446142933
22,73,0.9770012394218561,0.9770012394218561,0.0,0.0,0.8702623251203204,0.8170165020544267,0.047586504297978185,1.1189269699761497
23,25,0.8554508105601306,0.8554508105601304,2.220446049250313e-16,1.0,0.8405102375384607,0.7097670088372021,0.08047972289867852,1.6245486936611375
24,74,0.8605553930586318,0.860555393058632,2.220446049250313e-16,-1.0,0.6241486458840263,0.6969830857240865,0.045544816776769394,-1.5991817509563497
25,75,0.993707106604508,0.9937071066045076,4.440892098500626e-16,1.0,0.8769600496562441,0.8350783463661928,0.04783081999159287,0.875621686966954
26,75,0.9043814577244937,0.9043814577244936,1.1102230246251565e-16,1.0,0.7394982925833453,0.7394098469938605,0.0485051202442108,0.0018234278987360837
27,48,0.9798687566511528,0.9798687566511526,2.220446049250313e-16,1.0,0.837405540492007,0.8291642112057565,0.05554443608089132,0.148373624214105
28,75,0.9626147059982517,0.962614705998252,3.3306690738754696e-16,-1.0,0.6918115689399077,0.8055987386186639,0.045174107304412216,-2.5188581793544924
29,75,0.9895875212220556,0.9895875212220557,1.1102230246251565e-16,-1.0,0.8180430963461721,0.8319305683237606,0.046985674772374995,-0.2955682140326207
31,25,0.9709505944546686,0.9709505944546687,1.1102230246251565e-16,-1.0,0.8061327092104911,0.83310407059054,0.08094128308840808,-0.33322132230828994
32,75,0.8366407419411672,0.8366407419411672,0.0,0.0,0.6129126890670168,0.6714478951032092,0.04404329118204489,-1.3290379639034666
33,72,0.9860400318404434,0.9860400318404436,2.220446049250313e-16,-1.0,0.8944162843502735,0.8289402748484285,0.048070125259483835,1.3620935903204703
34,50,0.9953784388202257,0.9953784388202255,2.220446049250313e-16,1.0,0.9222288010610654,0.8442011422583299,0.05756017178318013,1.3555841893011218
36,75,0.9782176659354247,0.9782176659354247,0.0,0.0,0.732837650395739,0.8210787656382077,0.04764105613110641,-1.852207369199214
37,75,0.9844268978000114,0.9844268978000114,0.0,0.0,0.8871280509926857,0.8249488057950455,0.04757837064703632,1.3068805079291497
38,75,0.7950402793845223,0.7950402793845224,1.1102230246251565e-16,-1.0,0.6332486917399002,0.6312402843349701,0.04308700839197802,0.04661283017513815
39,75,0.8366407419411672,0.8366407419411672,0.0,0.0,0.6851509267523015,0.6713159114975464,0.04456678849064015,0.3104333007450305
40,75,0.8729882944709463,0.8729882944709465,2.220446049250313e-16,-1.0,0.6125586129569526,0.7078455250455142,0.04460449375774506,-2.1362626063212784
41,75,0.9782176659354247,0.9782176659354247,0.0,0.0,0.8453938173167262,0.8189344797904041,0.04681993975249746,0.5651296790682165
42,74,0.9867867202680318,0.9867867202680322,3.3306690738754696e-16,-1.0,0.18315859171212692,0.8282386926666272,0.04892036870202097,-13.186329499758067
43,25,0.6343095546405662,0.6343095546405663,1.1102230246251565e-16,-1.0,0.540576467917124,0.48527084024733685,0.08241532562951959,0.6710599909342313
44,75,0.5665095065529053,0.5665095065529053,0.0,0.0,0.40498307485915447,0.4072126866466697,0.03364817678705557,-0.06626248434277635
45,74,0.9915528503834039,0.9915528503834037,2.220446049250313e-16,1.0,0.8087437749569849,0.8334215522586655,0.0467895346841252,-0.5274208745241772
46,75,0.931055823385033,0.9310558233850331,1.1102230246251565e-16,-1.0,0.7188082138003976,0.7689624947030228,0.04862365060057775,-1.0314791317217398
47,75,0.10215803640865039,0.10215803640865033,5.551115123125783e-17,1.0,0.03050400400932517,0.04836918235745327,0.008095868404468333,-2.2067031546940434
48,74,0.6705250693158381,0.6705250693158381,0.0,0.0,0.4559381799704469,0.5065339015018138,0.037856795825845516,-1.3365030089742638
49,74,0.9994730201859836,0.999473020185984,4.440892098500626e-16,-1.0,0.8578300061900301,0.8425922683569224,0.04770414401815477,0.31942168016490874
50,75,0.9844268978000114,0.9844268978000114,0.0,0.0,0.8219045316050716,0.8271089716092582,0.04787069479899533,-0.1087187062155583
51,75,0.993707106604508,0.9937071066045076,4.440892098500626e-16,1.0,0.8843288440639788,0.8347440850187233,0.048622584737524704,1.019788629356601
52,75,0.9531971725430559,0.9531971725430561,2.220446049250313e-16,-1.0,0.7805243740391764,0.7931564052961694,0.05024102021124068,-0.2514286374735428
53,73,0.9136617865655933,0.913661786565593,2.220446049250313e-16,1.0,0.6869652652402444,0.7525744143671667,0.047983106535572466,-1.367338504402225
54,75,0.8892881527272397,0.8892881527272396,1.1102230246251565e-16,1.0,0.6613075649305826,0.7262363328503056,0.04722696964831196,-1.374823928006225
55,74,0.8418521897563207,0.8418521897563204,3.3306690738754696e-16,1.0,0.6106370574463101,0.6772569393305572,0.04402825165044428,-1.5131166781993899
56,74,0.9466474387740497,0.94664743877405,3.3306690738754696e-16,-1.0,0.8226144977349086,0.7858000136578218,0.04491381207026449,0.819669548857111
57,75,0.9782176659354247,0.9782176659354247,0.0,0.0,0.7563269361073934,0.8164152673010173,0.047161733633173504,-1.2740908055033378
58,75,0.9895875212220556,0.9895875212220557,1.1102230246251565e-16,-1.0,0.7226696490592971,0.8340304209368148,0.04783339472599706,-2.3280967724624824
59,75,0.9626147059982517,0.962614705998252,3.3306690738754696e-16,-1.0,0.8261200429740353,0.8021208612815871,0.046678362458426735,0.514139323413983
60,72,0.9182958340544896,0.9182958340544899,3.3306690738754696e-16,-1.0,0.5872397037225872,0.7550630971138406,0.04644373980448404,-3.6134771682415296
62,75,0.9782176659354247,0.9782176659354247,0.0,0.0,0.7742178079616342,0.82051064026,0.045860831434085085,-1.0094198218996882
64,75,0.9043814577244937,0.9043814577244936,1.1102230246251565e-16,1.0,0.798061169783353,0.7411218992516897,0.04699685884758926,1.2115548129783997
65,75,0.9844268978000114,0.9844268978000114,0.0,0.0,0.8015685289321883,0.8297418225504881,0.045055577580289184,-0.6253009090405042
66,75,0.999871756640849,0.9998717566408488,2.220446049250313e-16,1.0,0.8289192499027422,0.843778046838801,0.04716099145378448,-0.3150654063458282
67,49,0.863120568566631,0.8631205685666306,4.440892098500626e-16,1.0,0.7247213619778685,0.7010173074907636,0.05839478187691572,0.40592761416710477
69,75,0.8554508105601306,0.8554508105601304,2.220446049250313e-16,1.0,0.6030987638406391,0.6925325151099375,0.0450909383137712,-1.9834085209529673
70,75,0.7478061583312325,0.7478061583312327,1.1102230246251565e-16,-1.0,0.5175392417801417,0.5818083456189094,0.040618525785790414,-1.5822608673122003
71,74,1.0,1.0,0.0,0.0,0.8514333463113805,0.8399115597591358,0.049209567229510254,0.2341371241593693
72,73,0.9770012394218561,0.9770012394218561,0.0,0.0,0.8320204428017387,0.8191423602413389,0.04711334545222117,0.27334256221434716
73,75,0.9895875212220556,0.9895875212220557,1.1102230246251565e-16,-1.0,0.8941427692903563,0.8323970337451958,0.0478942876811912,1.2892087665270564
74,50,0.9895875212220556,0.9895875212220557,1.1102230246251565e-16,-1.0,0.8372518058081692,0.8369177445185305,0.05780931111249632,0.005778676189179338
75,75,0.9709505944546686,0.9709505944546687,1.1102230246251565e-16,-1.0,0.7910464514856824,0.8137750809673316,0.045074995865755155,-0.5042403009717601
76,74,0.9867867202680318,0.9867867202680322,3.3306690738754696e-16,-1.0,0.6700365471777464,0.8301965855052332,0.04646530556025824,-3.446873670502054
77,75,0.931055823385033,0.9310558233850331,1.1102230246251565e-16,-1.0,0.8082291711197948,0.7693137383584155,0.046935598682275294,0.8291240306704597
78,74,0.9352691398683566,0.9352691398683567,1.1102230246251565e-16,-1.0,0.7461459552862234,0.7745005109190514,0.04875369510198769,-0.5815878278254225
80,75,0.8366407419411672,0.8366407419411672,0.0,0.0,0.681289491493402,0.6728177426747484,0.04420946216961118,0.19162750241456183
81,75,0.9844268978000114,0.9844268978000114,0.0,0.0,0.7941997345244535,0.8259335319558408,0.04662865304954053,-0.6805643173452139
82,75,0.993707106604508,0.9937071066045076,4.440892098500626e-16,1.0,0.8909894862515854,0.8347362285403983,0.049992238045891244,1.125239835423019
83,75,0.9782176659354247,0.9782176659354247,0.0,0.0,0.5820546089476275,0.8203946769397855,0.04619142484744256,-5.159833644000569
84,75,0.9844268978000114,0.9844268978000114,0.0,0.0,0.7938456584143893,0.8246818590216721,0.04804983893229873,-0.6417545051655733
85,25,0.9895875212220556,0.9895875212220557,1.1102230246251565e-16,-1.0,0.9116595231291194,0.8519360895283321,0.07684954672492596,0.7771475063419743
86,75,0.999871756640849,0.9998717566408488,2.220446049250313e-16,1.0,0.7016254941662853,0.8400290940774776,0.04946236710285234,-2.798159651829745
87,75,0.9182958340544896,0.9182958340544899,3.3306690738754696e-16,-1.0,0.8106743019384375,0.7572261560504631,0.04672150868321132,1.1439730307163691
88,75,0.9182958340544896,0.9182958340544899,3.3306690738754696e-16,-1.0,0.7461589347709519,0.7561389081162758,0.04612527187234528,-0.216366710486698
89,50,0.9426831892554922,0.9426831892554919,3.3306690738754696e-16,1.0,0.8735070076674617,0.7877540311487577,0.05636343966727044,1.5214290863887723
90,75,0.9967916319816366,0.9967916319816367,1.1102230246251565e-16,-1.0,0.763341654405064,0.8407785265577348,0.0461035279564765,-1.679630075723797
91,75,0.993707106604508,0.9937071066045076,4.440892098500626e-16,1.0,0.928862284668645,0.8370968349119638,0.04619254282668258,1.986585802409515
92,72,0.997772472089982,0.9977724720899822,2.220446049250313e-16,-1.0,0.7256250660365618,0.8416740579175153,0.047964288719474175,-2.4194873932079366
93,75,0.931055823385033,0.9310558233850331,1.1102230246251565e-16,-1.0,0.7840317331880116,0.7689839931398812,0.04497097287682277,0.3346100625696203
94,75,0.9626147059982517,0.962614705998252,3.3306690738754696e-16,-1.0,0.8355798920903484,0.8022018712727605,0.046870327665571886,0.7121354272525253
96,75,0.9844268978000114,0.9844268978000114,0.0,0.0,0.8699453313585735,0.8256803607488082,0.04709850868911701,0.939838050965583
97,75,0.999871756640849,0.9998717566408488,2.220446049250313e-16,1.0,0.901157487588027,0.841913528019469,0.04671100103320681,1.268308498172446
99,75,0.9844268978000114,0.9844268978000114,0.0,0.0,0.5757480428700852,0.8283152025388913,0.04426007521974796,-5.7064331322264845
100,25,0.9426831892554922,0.9426831892554919,3.3306690738754696e-16,1.0,0.703000124226582,0.8034742778959452,0.07935633627101954,-1.2661138151113933
101,25,0.9988455359952018,0.9988455359952014,3.3306690738754696e-16,1.0,0.9709505944546682,0.8639407810504243,0.07744430664356078,1.3817647551131051
103,25,0.9988455359952018,0.9988455359952014,3.3306690738754696e-16,1.0,0.9590923801895583,0.8649551214369032,0.07520305339244523,1.2517744227937422
105,25,0.9043814577244937,0.9043814577244936,1.1102230246251565e-16,1.0,0.8523684518035702,0.7612139735329851,0.08127556339004209,1.1215484023547644
106,25,0.7950402793845223,0.7950402793845224,1.1102230246251565e-16,-1.0,0.6792836956963624,0.64609727435512,0.08400647878791334,0.39504597526372187
107,25,0.9426831892554922,0.9426831892554919,3.3306690738754696e-16,1.0,0.8191880379429606,0.8050303240544263,0.07829216762185903,0.18083180372414998
108,75,0.9988455359952018,0.9988455359952014,3.3306690738754696e-16,1.0,0.7672030896639636,0.8404628775796994,0.04762913153453604,-1.5381298284352494
110,75,0.9967916319816366,0.9967916319816367,1.1102230246251565e-16,-1.0,0.9499064395616568,0.8372376704203782,0.04839024869020439,2.3283362287015072
111,75,0.9844268978000114,0.9844268978000114,0.0,0.0,0.46319187594909783,0.8253889626672484,0.04899531584872261,-7.392483963905167
112,75,0.9426831892554922,0.9426831892554919,3.3306690738754696e-16,1.0,0.6812894914934019,0.7816071057673237,0.04702053754706386,-2.1334850579602964
113,75,0.9988455359952018,0.9988455359952014,3.3306690738754696e-16,1.0,0.8082291711197946,0.8408083023529319,0.046956516990194874,-0.6938149019856011
114,23,0.8865408928220899,0.8865408928220899,0.0,0.0,0.6879012589166417,0.7460613071040662,0.08578058755633043,-0.6780094406468354
115,74,0.9867867202680318,0.9867867202680322,3.3306690738754696e-16,-1.0,0.712007849851726,0.8248368962231162,0.050999259869796094,-2.2123663492264174
116,74,0.9867867202680318,0.9867867202680322,3.3306690738754696e-16,-1.0,0.6739531457974874,0.828788886710444,0.0465663696748409,-3.3250550127512297
117,75,0.9626147059982517,0.962614705998252,3.3306690738754696e-16,-1.0,0.6774280562345024,0.8040340155016776,0.04461787795664017,-2.8375611989035288
118,75,0.8366407419411672,0.8366407419411672,0.0,0.0,0.6167741243259164,0.6726369433132083,0.04321110689996734,-1.292788428600383
119,70,0.9134601452569628,0.9134601452569627,1.1102230246251565e-16,1.0,0.5937156417338488,0.7520483099216749,0.04809193661529309,-3.2922913762943953
120,74,0.8941071841443881,0.8941071841443883,2.220446049250313e-16,-1.0,0.7013354570131269,0.7325099504289848,0.046860823950376725,-0.6652570481660781
122,74,0.9809470132751208,0.9809470132751206,2.220446049250313e-16,1.0,0.7255194382894418,0.8225612777814886,0.04706473418910564,-2.0618801139327307
123,75,0.9182958340544896,0.9182958340544899,3.3306690738754696e-16,-1.0,0.7836776570779475,0.7578033404543653,0.04579180345823214,0.5650425331507812
124,75,0.9182958340544896,0.9182958340544899,3.3306690738754696e-16,-1.0,0.8008603767120598,0.7566596674449984,0.04394319465688007,1.0058601704357661
125,75,0.9709505944546686,0.9709505944546687,1.1102230246251565e-16,-1.0,0.6918115689399078,0.8118516451946893,0.04844634455169166,-2.4777942972911036
126,75,0.9426831892554922,0.9426831892554919,3.3306690738754696e-16,1.0,0.8355798920903488,0.7818434483308324,0.04706457444129378,1.141759898977622
127,75,0.9988455359952018,0.9988455359952014,3.3306690738754696e-16,1.0,0.7672030896639636,0.8396793535870207,0.048822405459005985,-1.4844877724001593
128,75,0.8729882944709463,0.8729882944709465,2.220446049250313e-16,-1.0,0.7801702979291121,0.7125012871668268,0.045895670261562625,1.4744094677479347
129,75,0.9426831892554922,0.9426831892554919,3.3306690738754696e-16,1.0,0.6742747731957314,0.7816252505094325,0.046397051574267135,-2.313734896319149
130,74,0.9227346209530941,0.9227346209530939,2.220446049250313e-16,1.0,0.7251603039492339,0.7619987546494115,0.04613699156345281,-0.7984580149642646
131,75,0.9988455359952018,0.9988455359952014,3.3306690738754696e-16,1.0,0.78473988540814,0.838098035640173,0.047470035331608054,-1.1240385615745345
132,74,0.9660096062568557,0.9660096062568558,1.1102230246251565e-16,-1.0,0.8130195079169337,0.8059011438740707,0.04617478343852278,0.15416128702239246
133,75,0.9531971725430559,0.9531971725430561,2.220446049250313e-16,-1.0,0.7780792432205336,0.7928785489672878,0.04698642734013294,-0.31496980265434205
134,75,0.9782176659354247,0.9782176659354247,0.0,0.0,0.8944968454004206,0.820230084930045,0.04549618141988085,1.6323734905348044
135,75,0.993707106604508,0.9937071066045076,4.440892098500626e-16,1.0,0.763341654405064,0.837293166875035,0.046731742710190496,-1.5824685359710513
136,75,0.931055823385033,0.9310558233850331,1.1102230246251565e-16,-1.0,0.7570350883275219,0.7722134358671635,0.046874091485110764,-0.323811023504593
137,50,0.9709505944546686,0.9709505944546687,1.1102230246251565e-16,-1.0,0.7896230299717202,0.8150897415796672,0.05582056731027899,-0.45622452144547576
138,75,0.999871756640849,0.9998717566408488,2.220446049250313e-16,1.0,0.914832848073304,0.8416010523810643,0.047656725806116226,1.5366518461669305
139,75,0.993707106604508,0.9937071066045076,4.440892098500626e-16,1.0,0.73599093343451,0.8359499284702946,0.04882147613054321,-2.047439015741869
140,75,0.9182958340544896,0.9182958340544899,3.3306690738754696e-16,-1.0,0.6227266142933943,0.7547645243592094,0.04548433589563319,-2.9029314700512456
142,75,0.9709505944546686,0.9709505944546687,1.1102230246251565e-16,-1.0,0.8871280509926857,0.8102388278194058,0.048365299879803106,1.5897600834557848
143,25,0.9043814577244937,0.9043814577244936,1.1102230246251565e-16,1.0,0.6449061673683927,0.7662073208026293,0.0805771395131406,-1.5054040658077061
144,70,0.9852281360342515,0.9852281360342515,0.0,0.0,0.7887365542713941,0.8307231567628921,0.048223399651337755,-0.8706686545342568
146,24,1.0,1.0,0.0,0.0,0.8601474398401084,0.8672735864179393,0.07757216318296037,-0.0918647396879114
147,25,0.7219280948873623,0.7219280948873621,2.220446049250313e-16,1.0,0.5287182536520142,0.5691120299174826,0.08638532526399048,-0.4675999788393042
148,75,0.8554508105601306,0.8554508105601304,2.220446049250313e-16,1.0,0.6956730041988074,0.6922158907640675,0.044770997390493145,0.07721769976636626
149,75,0.931055823385033,0.9310558233850331,1.1102230246251565e-16,-1.0,0.8320725329415134,0.7687623547632363,0.04823052824894259,1.3126577808043214
150,75,0.9043814577244937,0.9043814577244936,1.1102230246251565e-16,1.0,0.7128557238329196,0.7423196991585849,0.0472614498653872,-0.6234251257544203
151,75,0.8892881527272397,0.8892881527272396,1.1102230246251565e-16,1.0,0.7086402124639559,0.7257772228779182,0.04468891931150227,-0.38347336829761963
152,75,0.7950402793845223,0.7950402793845224,1.1102230246251565e-16,-1.0,0.6367560508887354,0.6296742451193991,0.042659685703607945,0.16600698417094584
153,75,0.8366407419411672,0.8366407419411672,0.0,0.0,0.46283779983903367,0.6712329507707039,0.04337823696979889,-4.804140635700815
154,74,0.9090221560878149,0.9090221560878149,0.0,0.0,0.6394559060227818,0.7474551087135806,0.04523173190397386,-2.387686655909597
155,75,0.9626147059982517,0.962614705998252,3.3306690738754696e-16,-1.0,0.8632846891709669,0.8037971651976596,0.04520767954408531,1.3158720945917302
156,25,0.9895875212220556,0.9895875212220557,1.1102230246251565e-16,-1.0,0.772952295349881,0.8546540148239771,0.07881001071887951,-1.036692150259077
157,75,0.999871756640849,0.9998717566408488,2.220446049250313e-16,1.0,0.9218475663709745,0.8410245828406143,0.047777440312577496,1.6916557898787938
158,50,0.9709505944546686,0.9709505944546687,1.1102230246251565e-16,-1.0,0.8323847819874572,0.8134767666410114,0.05582599745891802,0.33869552192703944
159,24,1.0,1.0,0.0,0.0,0.6286039460140789,0.8678126371256524,0.07490358239891003,-3.193554746655941
160,75,0.9531971725430559,0.9531971725430561,2.220446049250313e-16,-1.0,0.8078750950097302,0.7905883235923616,0.04477601137632696,0.38607215975713427
162,75,0.9709505944546686,0.9709505944546687,1.1102230246251565e-16,-1.0,0.8348717398702203,0.814626006394602,0.04673357252995192,0.433216045331066
163,75,0.9182958340544896,0.9182958340544899,3.3306690738754696e-16,-1.0,0.7016254941662854,0.7538733812085587,0.04750725813611397,-1.0997874660031295
164,25,0.9988455359952018,0.9988455359952014,3.3306690738754696e-16,1.0,0.7598969666174115,0.860479492529888,0.07547190880561926,-1.3327147478345964
166,75,0.9967916319816366,0.9967916319816367,1.1102230246251565e-16,-1.0,0.8937886931802922,0.8381745762497229,0.04713617550585799,1.179860613079601
167,24,0.9798687566511528,0.9798687566511526,2.220446049250313e-16,1.0,0.8115999101173751,0.8403040463342648,0.08052329911884896,-0.3564699475927289
168,50,0.9043814577244937,0.9043814577244936,1.1102230246251565e-16,1.0,0.7733824321738522,0.7467910772960247,0.05852280025315697,0.45437598274175267
169,74,0.9994730201859836,0.999473020185984,4.440892098500626e-16,-1.0,0.889128916025411,0.8424514402022244,0.046907374931284135,0.995098870733348
171,72,0.972552316568843,0.9725523165688427,3.3306690738754696e-16,1.0,0.7578445320435714,0.8142702128056066,0.04557815646419275,-1.237998311896721
172,75,0.7950402793845223,0.7950402793845224,1.1102230246251565e-16,-1.0,0.6472781283352413,0.6302549702844021,0.042650890846486794,0.3991278426542273
173,75,0.9895875212220556,0.9895875212220557,1.1102230246251565e-16,-1.0,0.8671461244298663,0.8297982075124838,0.049011046796339997,0.762030590217296
174,75,0.9988455359952018,0.9988455359952014,3.3306690738754696e-16,1.0,0.8499634047957542,0.8407561663042568,0.04970841557104019,0.18522494402057513
175,50,0.7601675029619657,0.7601675029619658,1.1102230246251565e-16,-1.0,0.5092639075523168,0.596910207773455,0.05367915203990454,-1.632781012561132
176,75,0.9967916319816366,0.9967916319816367,1.1102230246251565e-16,-1.0,0.8324266090515776,0.8403798633943129,0.04639493046255162,-0.17142507302936677
177,75,0.9531971725430559,0.9531971725430561,2.220446049250313e-16,-1.0,0.6711214901569601,0.7940956560504774,0.047466625503243556,-2.590750123686674
178,75,0.993707106604508,0.9937071066045076,4.440892098500626e-16,1.0,0.8054299641910877,0.8366760720765508,0.04696336273570114,-0.6653294411924658
179,75,0.9782176659354247,0.9782176659354247,0.0,0.0,0.801214452822124,0.8190936805092304,0.047762406342300404,-0.37433682798497886
180,74,0.8779620013943912,0.8779620013943908,3.3306690738754696e-16,1.0,0.7568183481248226,0.7150813161358279,0.04480447851780416,0.9315370554398812
181,74,0.9809470132751208,0.9809470132751206,2.220446049250313e-16,1.0,0.8368443548530404,0.8220344478129001,0.045898104469378316,0.32266925206074615
182,75,0.9626147059982517,0.962614705998252,3.3306690738754696e-16,-1.0,0.7633416544050641,0.8037853938255318,0.04515235160429816,-0.8957172325132633
183,25,0.9988455359952018,0.9988455359952014,3.3306690738754696e-16,1.0,0.9353759516593391,0.8598950745483126,0.07779636158933378,0.9702365967893185
184,25,0.9426831892554922,0.9426831892554919,3.3306690738754696e-16,1.0,0.8760848803337898,0.8017836805051294,0.07725784315035926,0.9617301855561179
185,50,0.8267463724926178,0.826746372492618,1.1102230246251565e-16,-1.0,0.6786713892795322,0.6663027150922819,0.05269906754898955,0.23470385269629787
186,75,0.9782176659354247,0.9782176659354247,0.0,0.0,0.7629875782949997,0.8190665502565626,0.04679585031754471,-1.1983748896755857
187,75,0.9531971725430559,0.9531971725430561,2.220446049250313e-16,-1.0,0.7535277291786865,0.7897744960073844,0.04670634899681252,-0.7760565235182809
188,73,0.8989377852081333,0.8989377852081333,0.0,0.0,0.6801115609602436,0.7362143749921924,0.04736779970307714,-1.1844082770073072
189,72,0.972552316568843,0.9725523165688427,3.3306690738754696e-16,1.0,0.8442560375488231,0.8143100354673161,0.048514861560782635,0.6172542004265777
190,75,0.9967916319816366,0.9967916319816367,1.1102230246251565e-16,-1.0,0.7875390923368472,0.8426898702840908,0.045682897970347906,-1.2072521752678915
191,75,0.9844268978000114,0.9844268978000114,0.0,0.0,0.7945538106345178,0.8270695488985936,0.04589282910819189,-0.7085145739745158
192,74,0.9568886656798212,0.9568886656798216,3.3306690738754696e-16,-1.0,0.8336460249137155,0.7974831601297064,0.04815507922063336,0.7509667800217038
193,75,0.9043814577244937,0.9043814577244936,1.1102230246251565e-16,1.0,0.8043677358608952,0.7409152523341149,0.044718010387146796,1.4189469293790014
194,25,0.8554508105601306,0.8554508105601304,2.220446049250313e-16,1.0,0.7705580664151616,0.7132700383136614,0.08152149330285392,0.7027352637993762
195,75,0.999871756640849,0.9998717566408488,2.220446049250313e-16,1.0,0.8355798920903487,0.8440538989734698,0.04746679403193733,-0.1785249468801191
196,50,0.9988455359952018,0.9988455359952014,3.3306690738754696e-16,1.0,0.8410258120717262,0.8465682687115363,0.0570560682994504,-0.09714052869400941
197,75,0.7219280948873623,0.7219280948873621,2.220446049250313e-16,1.0,0.6122045368468884,0.5571895434623718,0.039612577683951725,1.3888263930575973
198,25,0.8554508105601306,0.8554508105601304,2.220446049250313e-16,1.0,0.8061327092104908,0.7096650733666855,0.08330952895777805,1.157942399274589
199,25,0.9426831892554922,0.9426831892554919,3.3306690738754696e-16,1.0,0.529915368119374,0.800552933380901,0.08143429177626743,-3.3233857550462487
200,75,0.9782176659354247,0.9782176659354247,0.0,0.0,0.6875960575709441,0.8174697197647758,0.04748736655402413,-2.7349097584950424
201,75,0.9988455359952018,0.9988455359952014,3.3306690738754696e-16,1.0,0.9113254889244685,0.8411263964617859,0.04825210978940637,1.4548398561029279
202,75,0.9531971725430559,0.9531971725430561,2.220446049250313e-16,-1.0,0.8492552525756257,0.7915739115697764,0.0464163039665533,1.2426956926043355
203,25,0.9988455359952018,0.9988455359952014,3.3306690738754696e-16,1.0,0.8879430945988999,0.8580397722026609,0.08367632767706878,0.3573689623622649
204,75,0.999871756640849,0.9998717566408488,2.220446049250313e-16,1.0,0.9499064395616568,0.8430319747645257,0.04699729726685708,2.2740555523923685
205,25,0.9709505944546686,0.9709505944546687,1.1102230246251565e-16,-1.0,0.9235177373942292,0.8299325064614612,0.08055937674473446,1.1616925889249121
206,75,0.8554508105601306,0.8554508105601304,2.220446049250313e-16,1.0,0.7419434234019878,0.6918902141037352,0.04445236380002636,1.1259965729476675
207,74,0.9466474387740497,0.94664743877405,3.3306690738754696e-16,-1.0,0.7059703243132839,0.7850317368899329,0.048083903067455795,-1.6442386647717757
208,75,0.9782176659354247,0.9782176659354247,0.0,0.0,0.8380250229089913,0.821294317917078,0.04666204964947354,0.3585505805594649
209,75,0.9782176659354247,0.9782176659354247,0.0,0.0,0.9078181297756335,0.822732234962245,0.04478863398421879,1.8997206934993451
210,75,0.8892881527272397,0.8892881527272396,1.1102230246251565e-16,1.0,0.7191622899104618,0.7264247548765081,0.0451348107698285,-0.16090606877875957
211,23,0.9876925088958034,0.9876925088958033,1.1102230246251565e-16,1.0,0.8281028001690994,0.8555259817458388,0.07624752276261562,-0.3596599677358313
212,75,0.9967916319816366,0.9967916319816367,1.1102230246251565e-16,-1.0,0.8597773300221316,0.8403877065272781,0.04671542062667615,0.4150583091139151
213,75,0.9426831892554922,0.9426831892554919,3.3306690738754696e-16,1.0,0.7195163660205259,0.7804080231637956,0.04771274099528731,-1.276213771690126
215,75,0.9531971725430559,0.9531971725430561,2.220446049250313e-16,-1.0,0.8632846891709668,0.7932646123439142,0.04606224789901995,1.5201185356944418
216,75,0.9895875212220556,0.9895875212220557,1.1102230246251565e-16,-1.0,0.8183971724562363,0.8311864202944347,0.04657054053340837,-0.27462098768262544
217,74,0.9227346209530941,0.9227346209530939,2.220446049250313e-16,1.0,0.6632807529588886,0.7599256880538674,0.04767572572915877,-2.0271308641217014
218,75,0.8892881527272397,0.8892881527272396,1.1102230246251565e-16,1.0,0.73599093343451,0.7272434526665307,0.04648564517189358,0.18817595702142323
219,25,0.9043814577244937,0.9043814577244936,1.1102230246251565e-16,1.0,0.703000124226582,0.7570824587004751,0.08402220513879502,-0.6436671637521927
220,25,0.9895875212220556,0.9895875212220557,1.1102230246251565e-16,-1.0,0.9235177373942292,0.850154104836389,0.08128973279990306,0.902495678493947
221,50,0.9895875212220556,0.9895875212220557,1.1102230246251565e-16,-1.0,0.49356981853302645,0.8338721838537042,0.05810069462401565,-5.85711354266693
222,74,0.9568886656798212,0.9568886656798216,3.3306690738754696e-16,-1.0,0.6984962614140101,0.7968225288336191,0.04780791023114581,-2.056694529089699
223,25,0.9426831892554922,0.9426831892554919,3.3306690738754696e-16,1.0,0.8998013088640098,0.8021831555163326,0.0807913048895806,1.2082754880750382
224,75,0.9709505944546686,0.9709505944546687,1.1102230246251565e-16,-1.0,0.6886582859011366,0.8102496705710106,0.04990745178397778,-2.436337266750804
226,75,0.8892881527272397,0.8892881527272396,1.1102230246251565e-16,1.0,0.725468855988004,0.7276983337821892,0.04552575909546968,-0.04897178736789036
227,75,0.9426831892554922,0.9426831892554919,3.3306690738754696e-16,1.0,0.6304494848111935,0.7818776801622932,0.045722396073769385,-3.311904194757917
228,74,0.9994730201859836,0.999473020185984,4.440892098500626e-16,-1.0,0.8375626235334562,0.8404807879229838,0.047769472454187854,-0.06108847846971968
230,75,0.931055823385033,0.9310558233850331,1.1102230246251565e-16,-1.0,0.6886582859011368,0.7665478415831927,0.046819311562701714,-1.6636202686949821
231,50,0.9953784388202257,0.9953784388202255,2.220446049250313e-16,1.0,0.7160196086959797,0.8426757221932605,0.05608452325399903,-2.258307749602735
232,50,0.9988455359952018,0.9988455359952014,3.3306690738754696e-16,1.0,0.7360342127574048,0.8464018515496344,0.05665624489587374,-1.948022481812375
233,75,0.10215803640865039,0.10215803640865033,5.551115123125783e-17,1.0,0.010168001336441723,0.04797263030533204,0.008725993678342932,-4.332415351470828
234,75,0.9426831892554922,0.9426831892554919,3.3306690738754696e-16,1.0,0.6094053299181815,0.7811767628203472,0.04622889679804268,-3.7156723348292933
235,75,0.9709505944546686,0.9709505944546687,1.1102230246251565e-16,-1.0,0.8766059735461799,0.80951956532364,0.047689064043045466,1.4067461706102224
236,75,0.9967916319816366,0.9967916319816367,1.1102230246251565e-16,-1.0,0.7612505996964856,0.8393013003531183,0.04756776741223917,-1.640831699756217
237,75,0.9988455359952018,0.9988455359952014,3.3306690738754696e-16,1.0,0.9085262819957618,0.8408828521136286,0.04707301541706917,1.4369895211260466
238,74,0.9867867202680318,0.9867867202680322,3.3306690738754696e-16,-1.0,0.8823731218065531,0.8288842877355561,0.047089192101639116,1.1359046881828994
239,75,0.6652735227649414,0.6652735227649413,1.1102230246251565e-16,1.0,0.4866811616607523,0.500245202082639,0.03813061618209406,-0.3557257075813082
240,75,0.9844268978000114,0.9844268978000114,0.0,0.0,0.904310770626798,0.8249821758098872,0.04747728896351475,1.6708745707420884
241,75,0.9844268978000114,0.9844268978000114,0.0,0.0,0.7914005275957465,0.8275023703783406,0.04759216301234988,-0.7585669677006671
242,75,0.9967916319816366,0.9967916319816367,1.1102230246251565e-16,-1.0,0.8632846891709668,0.838666147673021,0.047443755067224,0.5188995150797685
244,72,0.972552316568843,0.9725523165688427,3.3306690738754696e-16,1.0,0.8504711373678076,0.8123858309302298,0.04924484050636144,0.7733867354623261
245,50,0.9953784388202257,0.9953784388202255,2.220446049250313e-16,1.0,0.8691864926253273,0.8425226068645175,0.059244794406245326,0.45006293005211295
246,50,0.9988455359952018,0.9988455359952014,3.3306690738754696e-16,1.0,0.9227753098396426,0.8476447058588974,0.056028638729209594,1.34093216763407
247,75,0.931055823385033,0.9310558233850331,1.1102230246251565e-16,-1.0,0.7563269361073935,0.769784011756566,0.0486089863080759,-0.27684337138576914
248,75,0.9967916319816366,0.9967916319816367,1.1102230246251565e-16,-1.0,0.7359909334345102,0.8407439406501636,0.048363249437997316,-2.1659629663624838
249,75,0.8729882944709463,0.8729882944709465,2.220446049250313e-16,-1.0,0.7731555796314417,0.7079743353115464,0.04527798631880587,1.439579133686489
250,75,0.931055823385033,0.9310558233850331,1.1102230246251565e-16,-1.0,0.7356368573244457,0.7706000306021072,0.04743048505742225,-0.7371455981386857
251,25,0.9043814577244937,0.9043814577244936,1.1102230246251565e-16,1.0,0.8405102375384608,0.7589036093786156,0.0808162500976782,1.0097799398167042
252,75,0.9988455359952018,0.9988455359952014,3.3306690738754696e-16,1.0,0.928862284668645,0.8424545565469607,0.04570117387081934,1.890711349470533
254,75,0.999871756640849,0.9998717566408488,2.220446049250313e-16,1.0,0.898004204549256,0.8453025522324069,0.04755105562414948,1.1083171892840968
255,75,0.9709505944546686,0.9709505944546687,1.1102230246251565e-16,-1.0,0.8355798920903488,0.8130093275840596,0.046247052420187895,0.4880433092517821
256,50,0.8554508105601306,0.8554508105601304,2.220446049250313e-16,1.0,0.5904668965416557,0.6960778046041839,0.05584876475625624,-1.8910160058767906
257,75,0.9043814577244937,0.9043814577244936,1.1102230246251565e-16,1.0,0.7503744461399154,0.743979274636989,0.04698843711580018,0.13610096218280127
258,50,0.9814538950336537,0.981453895033654,3.3306690738754696e-16,-1.0,0.8534924036060367,0.824205676838833,0.06008169560171259,0.48744840627249186
259,75,0.9988455359952018,0.9988455359952014,3.3306690738754696e-16,1.0,0.8015685289321881,0.8411669482046843,0.047333036477897134,-0.8365915694208053
260,75,0.9626147059982517,0.962614705998252,3.3306690738754696e-16,-1.0,0.5519046810483663,0.804972217373015,0.045278265374510296,-5.589161471435582
261,74,0.9352691398683566,0.9352691398683567,1.1102230246251565e-16,-1.0,0.7817205980815531,0.7750882107938547,0.04516042725000714,0.146862810907029
262,74,0.9994730201859836,0.999473020185984,4.440892098500626e-16,-1.0,0.8336460249137155,0.8421175670899013,0.04905814650243428,-0.17268369843050166
263,74,0.8941071841443881,0.8941071841443883,2.220446049250313e-16,-1.0,0.7710482052429544,0.729800639793365,0.04669053184380612,0.883424622096294
264,75,0.9709505944546686,0.9709505944546687,1.1102230246251565e-16,-1.0,0.7258229320980684,0.8113583367927929,0.04675542611408439,-1.829421990209565
265,74,0.9952525494396791,0.9952525494396789,2.220446049250313e-16,1.0,0.8368443548530404,0.8367936083101845,0.0477075522434486,0.0010637004094659148
266,74,0.9809470132751208,0.9809470132751206,2.220446049250313e-16,1.0,0.6735940114572794,0.8217451277018775,0.049246869088416405,-3.0083357376204334
267,75,0.9531971725430559,0.9531971725430561,2.220446049250313e-16,-1.0,0.7836776570779476,0.7913906670774177,0.04797420146446544,-0.16077411950635903
268,75,0.993707106604508,0.9937071066045076,4.440892098500626e-16,1.0,0.8562699708732964,0.835958239230585,0.04640726510488647,0.4376843064723642
269,75,0.9043814577244937,0.9043814577244936,1.1102230246251565e-16,1.0,0.6002995569119324,0.742539667360535,0.044213831810444616,-3.2170952985577084
270,50,0.9814538950336537,0.981453895033654,3.3306690738754696e-16,-1.0,0.7933970362352775,0.8296583931649886,0.05954026955883039,-0.609022384318937
271,75,0.993707106604508,0.9937071066045076,4.440892098500626e-16,1.0,0.8622224608407744,0.8377771957829341,0.04635354607819737,0.5273655874482975
272,50,1.0,1.0,0.0,0.0,0.9168152684617761,0.8463458189213734,0.05623597443884713,1.2531026668175458
273,25,0.7219280948873623,0.7219280948873621,2.220446049250313e-16,1.0,0.5417735823844838,0.5723680923320837,0.08088604696421144,-0.37824212080900277
274,73,0.9890076795739703,0.9890076795739698,4.440892098500626e-16,1.0,0.8136109949517228,0.8337270152467984,0.047625439647008695,-0.42237972907277926
275,73,0.9505668528932194,0.9505668528932194,0.0,0.0,0.7861961778317198,0.7903706612832719,0.04932039160358458,-0.08464011164195087
276,75,0.9782176659354247,0.9782176659354247,0.0,0.0,0.784385809298076,0.8196402740486277,0.04792885079531763,-0.735558315410222
277,25,0.9043814577244937,0.9043814577244936,1.1102230246251565e-16,1.0,0.713661224024332,0.7623653045007597,0.08418248796204716,-0.578553588228296
278,75,0.9426831892554922,0.9426831892554919,3.3306690738754696e-16,1.0,0.825411890753907,0.7813961230759325,0.046558233748504194,0.9453916983993956
279,50,0.9814538950336537,0.981453895033654,3.3306690738754696e-16,-1.0,0.7782494559945642,0.8299276364893633,0.05692183982991099,-0.9078796583037277
280,75,0.9988455359952018,0.9988455359952014,3.3306690738754696e-16,1.0,0.869591255248509,0.8433354782377314,0.04696519536792431,0.5590475415909687
281,49,0.7300166301457938,0.7300166301457939,1.1102230246251565e-16,-1.0,0.5631755896111412,0.5683372645805602,0.05073567041190697,-0.10173660715455175
282,74,0.9915528503834039,0.9915528503834037,2.220446049250313e-16,1.0,0.7258785726296497,0.8312712853159845,0.0477782879942909,-2.2058704300775345
283,50,0.9709505944546686,0.9709505944546687,1.1102230246251565e-16,-1.0,0.821011208010301,0.8185406675702886,0.05431736589017481,0.04548343608943792
284,75,0.9988455359952018,0.9988455359952014,3.3306690738754696e-16,1.0,0.8902813340314569,0.8395618403545588,0.04766773448750046,1.0640214858584873
285,75,0.8165187119538281,0.8165187119538279,2.220446049250313e-16,1.0,0.5101704473724069,0.6519952459836598,0.04426708510497675,-3.2038431777227667
286,75,0.9895875212220556,0.9895875212220557,1.1102230246251565e-16,-1.0,0.8457478934267902,0.8311368095258417,0.04785488672803499,0.3053206244951553
287,74,0.8605553930586318,0.860555393058632,2.220446049250313e-16,-1.0,0.6906630641745282,0.6989982910046277,0.04542123876543844,-0.18350945629518908
288,74,0.9568886656798212,0.9568886656798216,3.3306690738754696e-16,-1.0,0.6799906713359294,0.7968438939624111,0.04740710401581771,-2.464888439240937
289,75,0.993707106604508,0.9937071066045076,4.440892098500626e-16,1.0,0.7226696490592971,0.8348029017661779,0.04816897990295192,-2.327914208123161
290,75,0.9531971725430559,0.9531971725430561,2.220446049250313e-16,-1.0,0.7629875782949999,0.7909196721816872,0.04648110927595237,-0.6009343219598768
291,75,0.9988455359952018,0.9988455359952014,3.3306690738754696e-16,1.0,0.7703563727027347,0.8417290008304772,0.046670280884431516,-1.5292950197681643
292,75,0.8554508105601306,0.8554508105601304,2.220446049250313e-16,1.0,0.5894234033553623,0.6912859662510686,0.044342772549504764,-2.2971626950476742
293,75,0.9988455359952018,0.9988455359952014,3.3306690738754696e-16,1.0,0.725468855988004,0.8413458903251785,0.04698816219728618,-2.466089945179149
294,75,0.9709505944546686,0.9709505944546687,1.1102230246251565e-16,-1.0,0.8324266090515776,0.8110312905753319,0.04751355272806403,0.4502992777386766
296,75,0.9531971725430559,0.9531971725430561,2.220446049250313e-16,-1.0,0.6721837184871527,0.7939548205420629,0.04661016070927007,-2.612544136340892
297,75,0.8729882944709463,0.8729882944709465,2.220446049250313e-16,-1.0,0.7426515756221164,0.7105467527891705,0.04408765036661799,0.7282044419689655
298,74,0.9740248644357521,0.9740248644357519,2.220446049250313e-16,1.0,0.7500625539059644,0.8140714603619756,0.0479505559030101,-1.3348939391960841
299,75,0.8892881527272397,0.8892881527272396,1.1102230246251565e-16,1.0,0.7394982925833455,0.7255933370372429,0.047563923785597303,0.2923424822725228
300,75,0.9988455359952018,0.9988455359952014,3.3306690738754696e-16,1.0,0.9639358761569977,0.8417928281020165,0.04764948953091457,2.563365300602767
301,75,0.9626147059982517,0.962614705998252,3.3306690738754696e-16,-1.0,0.6953189280887432,0.8024133549934288,0.04575209685072558,-2.3407545069267623
302,75,0.993707106604508,0.9937071066045076,4.440892098500626e-16,1.0,0.8629306130609026,0.8362093394395012,0.04574705716508452,0.5841091269537633
303,75,0.9043814577244937,0.9043814577244936,1.1102230246251565e-16,1.0,0.7577432405476501,0.7421509049828352,0.04621859581926989,0.33736065080354455
304,75,0.993707106604508,0.9937071066045076,4.440892098500626e-16,1.0,0.8457478934267904,0.8363303600311119,0.04710362850628798,0.19993222803252286
305,75,0.9782176659354247,0.9782176659354247,0.0,0.0,0.5659341176437077,0.822692524979374,0.045880013708846215,-5.596301887899396
306,75,0.9782176659354247,0.9782176659354247,0.0,0.0,0.8222586077151359,0.8216287128723547,0.04544801576125859,0.013859677528939367
307,75,0.6652735227649414,0.6652735227649413,1.1102230246251565e-16,1.0,0.4694984420266401,0.502663215608451,0.036853124342048904,-0.8999175558087028
308,25,0.9426831892554922,0.9426831892554919,3.3306690738754696e-16,1.0,0.7848105096149909,0.798780751465514,0.0820974079351464,-0.17016666179715456
