id,gender,age_range,education_level,question_1,question_2,question_3,question_4,question_5,question_6,question_7,question_8,question_9,question_10,question_11,score,1st_scenario_id,2nd_scenario_id,3rd_scenario_id,4th_scenario_id,init_time,end_time,finished
1,h,re3,ne4,1,1,1,1,0,2,NULL,NULL,NULL,NULL,NULL,2000,1,2,3,4,2013-12-13 22:12:49,NULL,0
3,h,re1,ne5,1,0,1,2,0,0,NULL,NULL,NULL,NULL,NULL,1017,9,10,11,12,2013-12-14 09:20:04,NULL,0
4,d,re0,ne1,1,2,1,2,0,2,NULL,NULL,NULL,NULL,NULL,1000,13,14,15,16,2013-12-14 09:43:47,NULL,0
5,d,re0,ne1,1,0,1,2,0,0,NULL,NULL,NULL,NULL,NULL,1940,17,18,19,20,2013-12-14 09:52:52,NULL,0
6,d,re0,ne1,1,0,1,2,0,0,NULL,NULL,NULL,NULL,NULL,1752,21,22,23,24,2013-12-14 09:52:59,NULL,0
7,h,re0,ne1,1,1,1,2,1,1,0,0,3,1,1,649,25,26,27,28,2013-12-14 10:09:35,2013-12-14 10:26:29,1
8,h,re3,ne4,1,2,1,2,2,2,1,1,4,1,2,2079,29,30,31,32,2013-12-14 10:09:51,2013-12-14 10:29:39,1
9,d,re0,ne1,1,0,1,2,0,0,0,0,2,3,0,1184,33,34,35,36,2013-12-14 10:10:10,2013-12-14 10:22:05,1
10,h,re0,ne0,1,0,1,0,0,0,NULL,NULL,NULL,NULL,NULL,1380,37,38,39,40,2013-12-14 10:12:18,NULL,0
11,h,re0,ne1,1,0,1,1,1,1,0,0,4,1,0,838,41,42,43,44,2013-12-14 10:14:16,2013-12-14 11:22:20,1
12,h,re2,ne4,1,2,0,1,1,1,NULL,NULL,NULL,NULL,NULL,921,45,46,47,48,2013-12-14 10:33:47,NULL,0
13,h,re2,ne3,0,2,1,2,0,0,0,0,1,2,0,3597,49,50,51,52,2013-12-14 10:42:50,2013-12-14 11:00:51,1
14,h,re2,ne4,1,1,0,1,0,0,0,0,4,0,0,1464,53,54,55,56,2013-12-14 10:43:07,2013-12-14 10:58:34,1
15,d,re2,ne3,1,1,1,1,0,1,0,0,1,3,0,2302,57,58,59,60,2013-12-14 10:43:38,2013-12-14 11:06:46,1
16,h,re2,ne3,1,1,1,0,0,0,2,1,2,2,2,587,61,62,63,64,2013-12-14 10:45:08,2013-12-14 11:01:55,1
17,d,re1,ne2,1,0,1,2,0,2,1,2,0,0,2,978,65,66,67,68,2013-12-14 10:45:14,2013-12-14 11:01:59,1
18,h,re3,ne4,1,0,1,1,2,2,NULL,NULL,NULL,NULL,NULL,1128,69,70,71,72,2013-12-14 10:50:13,NULL,0
19,d,re2,ne4,1,0,1,1,2,1,NULL,NULL,NULL,NULL,NULL,1000,73,74,75,76,2013-12-14 10:53:05,NULL,0
20,h,re0,ne0,0,0,0,0,0,0,NULL,NULL,NULL,NULL,NULL,1019,77,78,79,80,2013-12-14 10:59:35,NULL,0
21,h,re4,ne4,1,0,1,2,0,0,NULL,NULL,NULL,NULL,NULL,1000,81,82,83,84,2013-12-14 11:07:06,NULL,0
22,d,re3,ne4,0,0,1,2,2,2,0,0,1,0,1,885,85,86,87,88,2013-12-14 11:14:10,2013-12-14 11:40:26,1
23,d,re0,ne1,1,0,1,2,0,0,NULL,NULL,NULL,NULL,NULL,830,89,90,91,92,2013-12-14 11:14:44,NULL,0
24,h,re6,ne4,1,0,1,2,1,1,0,1,0,2,1,1026,93,94,95,96,2013-12-14 11:18:15,2013-12-14 11:42:07,1
25,h,re0,ne2,1,1,1,2,1,2,1,2,4,0,2,1193,97,98,99,100,2013-12-14 11:18:23,2013-12-14 11:26:10,1
26,d,re6,ne2,0,1,1,1,1,1,0,2,0,0,0,883,101,102,103,104,2013-12-14 11:21:20,2013-12-14 11:42:33,1
27,d,re4,ne4,0,2,0,1,1,1,0,1,3,1,1,1615,105,106,107,108,2013-12-14 11:21:23,2013-12-14 11:47:34,1
28,d,re5,ne1,1,0,1,1,0,0,0,2,2,3,2,2168,109,110,111,112,2013-12-14 11:23:20,2013-12-14 11:44:26,1
29,d,re0,ne1,1,0,1,2,2,0,1,2,1,1,2,648,113,114,115,116,2013-12-14 11:25:52,2013-12-14 11:51:02,1
30,h,re5,ne5,1,1,1,2,1,2,NULL,NULL,NULL,NULL,NULL,1000,117,118,119,120,2013-12-14 11:40:12,NULL,0
31,h,re3,ne4,1,0,1,1,0,1,NULL,NULL,NULL,NULL,NULL,1127,121,122,123,124,2013-12-14 11:42:44,NULL,0
32,h,re3,ne3,1,1,1,1,1,1,1,1,2,2,1,1191,125,126,127,128,2013-12-14 12:08:25,2013-12-14 12:19:39,1
33,d,re4,ne4,1,0,1,2,0,2,0,1,5,1,2,1696,129,130,131,132,2013-12-14 12:14:57,2013-12-14 12:35:15,1
34,d,re0,ne1,1,0,1,2,2,2,NULL,NULL,NULL,NULL,NULL,845,133,134,135,136,2013-12-14 12:17:30,NULL,0
35,d,re0,ne0,1,0,1,1,0,0,NULL,NULL,NULL,NULL,NULL,1000,137,138,139,140,2013-12-14 12:36:10,NULL,0
36,h,re2,ne4,1,1,1,1,1,1,1,2,5,1,1,1320,141,142,143,144,2013-12-14 12:42:31,2013-12-14 12:56:41,1
37,h,re1,ne4,1,2,1,0,0,1,1,0,4,0,1,1079,145,146,147,148,2013-12-14 12:43:05,2013-12-14 13:02:56,1
38,h,re0,ne2,0,1,1,0,0,2,0,0,1,4,1,649,149,150,151,152,2013-12-14 13:14:10,2013-12-14 13:31:34,1
39,d,re3,ne4,0,0,1,1,0,2,0,2,0,1,1,1786,153,154,155,156,2013-12-14 13:19:26,2013-12-14 13:34:53,1
40,h,re4,ne4,0,1,1,1,2,2,0,2,5,1,1,1083,157,158,159,160,2013-12-14 13:21:41,2013-12-14 13:39:52,1
41,d,re2,ne4,1,1,1,2,2,2,2,2,1,1,1,976,161,162,163,164,2013-12-14 13:35:52,2013-12-14 13:54:58,1
42,h,re3,ne4,1,2,1,1,1,1,0,1,3,3,1,1695,165,166,167,168,2013-12-14 13:38:08,2013-12-14 13:52:10,1
43,h,re0,ne1,1,0,1,1,0,0,NULL,NULL,NULL,NULL,NULL,599,169,170,171,172,2013-12-14 15:30:09,NULL,0
44,h,re0,ne1,1,0,1,2,1,0,0,1,1,5,1,3261,173,174,175,176,2013-12-14 15:30:34,2013-12-14 15:42:38,1
45,h,re1,ne5,1,0,1,2,2,2,NULL,NULL,NULL,NULL,NULL,609,177,178,179,180,2013-12-14 15:45:41,NULL,0
46,d,re1,ne4,1,0,1,2,0,2,0,2,3,2,2,1973,181,182,183,184,2013-12-14 15:46:49,2013-12-14 16:03:36,1
47,h,re2,ne4,0,1,1,1,1,1,1,1,5,5,1,589,185,186,187,188,2013-12-14 15:51:37,2013-12-14 16:02:21,1
48,d,re2,ne4,0,0,1,1,0,2,1,1,3,1,1,1703,189,190,191,192,2013-12-14 15:51:41,2013-12-14 16:10:08,1
49,h,re2,ne4,1,0,1,1,0,2,2,1,1,1,0,1031,193,194,195,196,2013-12-14 15:53:24,2013-12-14 16:11:31,1
50,h,re1,ne4,1,1,1,2,0,0,NULL,NULL,NULL,NULL,NULL,978,197,198,199,200,2013-12-14 15:54:08,NULL,0
51,d,re1,ne4,1,1,1,1,0,2,NULL,NULL,NULL,NULL,NULL,1059,201,202,203,204,2013-12-14 15:54:10,NULL,0
52,h,re2,ne4,1,1,0,2,0,0,0,0,0,2,2,1191,205,206,207,208,2013-12-14 15:57:16,2013-12-14 16:16:32,1
53,h,re1,ne3,1,0,1,2,0,0,0,2,4,1,2,1976,209,210,211,212,2013-12-14 15:57:40,2013-12-14 16:12:52,1
54,h,re3,ne4,0,2,1,1,1,1,1,1,5,0,1,1194,213,214,215,216,2013-12-14 15:59:55,2013-12-14 16:08:21,1
55,d,re2,ne4,1,1,1,1,2,2,1,2,4,2,1,1260,217,218,219,220,2013-12-14 16:00:49,2013-12-14 16:14:40,1
56,h,re2,ne4,1,2,0,1,1,1,2,0,4,3,1,620,221,222,223,224,2013-12-14 16:00:50,2013-12-14 16:19:37,1
57,d,re2,ne4,0,1,1,1,0,2,0,0,1,3,1,1465,225,226,227,228,2013-12-14 16:05:26,2013-12-14 16:26:37,1
58,d,re2,ne4,0,1,1,2,0,2,0,0,4,2,2,1080,229,230,231,232,2013-12-14 16:06:50,2013-12-14 16:38:04,1
59,h,re3,ne4,1,1,1,1,1,1,0,0,4,0,1,1462,233,234,235,236,2013-12-14 16:10:59,2013-12-14 16:21:58,1
60,h,re1,ne4,1,1,1,1,1,1,1,1,0,4,1,1136,237,238,239,240,2013-12-14 16:16:41,2013-12-14 16:33:22,1
61,h,re2,ne4,0,1,1,2,0,0,NULL,NULL,NULL,NULL,NULL,1000,241,242,243,244,2013-12-14 16:23:45,NULL,0
62,d,re3,ne4,1,2,0,2,0,2,0,0,1,2,0,2185,245,246,247,248,2013-12-14 16:24:23,2013-12-14 16:39:13,1
63,d,re2,ne2,1,1,1,1,2,1,NULL,NULL,NULL,NULL,NULL,1000,249,250,251,252,2013-12-14 16:24:45,NULL,0
64,h,re3,ne4,1,1,1,1,0,0,1,2,2,0,1,1785,253,254,255,256,2013-12-14 16:31:15,2013-12-14 16:39:50,1
65,h,re0,ne1,1,1,1,2,0,0,0,0,1,1,2,796,257,258,259,260,2013-12-14 16:34:29,2013-12-14 16:55:33,1
66,h,re3,ne3,1,2,1,1,1,1,0,0,4,2,2,2668,261,262,263,264,2013-12-14 16:37:07,2013-12-15 16:51:11,1
67,d,re2,ne4,1,2,0,1,0,0,NULL,NULL,NULL,NULL,NULL,910,265,266,267,268,2013-12-14 16:38:06,NULL,0
68,d,re2,ne4,1,1,1,2,2,2,NULL,NULL,NULL,NULL,NULL,752,269,270,271,272,2013-12-14 16:38:55,NULL,0
69,h,re3,ne4,1,2,0,1,0,0,0,0,1,2,1,1459,273,274,275,276,2013-12-14 16:39:04,2013-12-14 16:51:56,1
70,h,re3,ne4,1,2,0,1,1,1,0,0,1,3,1,1462,277,278,279,280,2013-12-14 16:45:51,2013-12-14 17:06:09,1
71,d,re4,ne3,1,1,1,2,2,2,1,0,2,2,2,804,281,282,283,284,2013-12-14 16:47:40,2013-12-14 16:59:47,1
72,h,re0,ne2,1,1,1,2,2,2,0,0,2,1,2,799,285,286,287,288,2013-12-14 16:48:18,2013-12-14 17:06:23,1
73,d,re0,ne2,1,1,1,2,0,0,0,0,1,1,1,2673,289,290,291,292,2013-12-14 16:48:45,2013-12-14 17:02:13,1
74,d,re4,ne3,1,0,1,2,0,0,NULL,NULL,NULL,NULL,NULL,2360,293,294,295,296,2013-12-14 16:53:01,NULL,0
75,h,re1,ne4,1,0,1,1,2,2,0,2,3,1,2,1190,297,298,299,300,2013-12-14 16:54:17,2013-12-14 17:12:18,1
76,d,re1,ne4,1,0,1,2,0,0,0,0,4,1,1,1874,301,302,303,304,2013-12-14 16:54:37,2013-12-14 17:14:17,1
77,h,re2,ne4,1,1,1,1,1,1,0,2,1,1,1,1784,305,306,307,308,2013-12-14 17:02:25,2013-12-14 17:18:36,1
78,d,re2,ne4,1,0,1,2,0,2,1,1,1,1,2,412,309,310,311,312,2013-12-14 17:02:57,2013-12-14 17:18:20,1
79,h,re4,ne4,1,2,0,2,0,0,NULL,NULL,NULL,NULL,NULL,1000,313,314,315,316,2013-12-14 17:10:56,NULL,0
80,h,re4,ne3,1,1,1,2,2,2,1,0,4,1,2,1318,317,318,319,320,2013-12-14 17:16:54,2013-12-14 17:37:33,1
81,h,re3,ne4,1,1,0,1,2,2,0,0,0,2,1,1077,321,322,323,324,2013-12-14 17:19:03,2013-12-14 17:35:20,1
82,h,re2,ne4,1,1,1,2,0,0,0,2,3,1,2,802,325,326,327,328,2013-12-14 17:19:50,2013-12-14 17:39:03,1
83,h,re3,ne4,1,1,1,1,1,1,1,1,4,2,1,433,329,330,331,332,2013-12-14 17:19:59,2013-12-14 17:31:07,1
84,h,re0,ne1,1,0,1,2,1,0,0,0,4,2,1,1320,333,334,335,336,2013-12-14 17:20:38,2013-12-14 17:33:40,1
85,h,re1,ne5,1,2,1,2,0,2,NULL,NULL,NULL,NULL,NULL,1129,337,338,339,340,2013-12-14 17:20:49,NULL,0
86,h,re2,ne4,1,1,1,1,1,1,1,2,4,1,1,1197,341,342,343,344,2013-12-14 17:21:06,2013-12-14 17:46:36,1
87,h,re0,ne1,1,0,1,2,2,0,1,1,0,2,2,1323,345,346,347,348,2013-12-14 17:22:08,2013-12-14 17:41:36,1
88,d,re2,ne4,1,0,1,1,0,2,1,1,0,0,1,1191,349,350,351,352,2013-12-14 17:23:58,2013-12-14 17:38:06,1
89,d,re1,ne4,1,1,1,2,2,1,NULL,NULL,NULL,NULL,NULL,1272,353,354,355,356,2013-12-14 17:25:09,NULL,0
90,h,re4,ne4,1,2,0,1,1,1,1,2,5,1,1,886,357,358,359,360,2013-12-14 17:26:19,2013-12-14 17:46:37,1
91,h,re0,ne1,1,1,1,2,0,0,NULL,NULL,NULL,NULL,NULL,1319,361,362,363,364,2013-12-14 17:28:41,NULL,0
92,d,re4,ne4,1,1,1,1,2,2,0,2,3,3,1,1026,365,366,367,368,2013-12-14 17:29:41,2013-12-14 17:52:38,1
93,h,re3,ne3,1,0,0,2,0,0,0,0,3,3,0,1783,369,370,371,372,2013-12-14 17:29:53,2013-12-14 18:03:08,1
94,h,re4,ne4,1,2,0,2,0,2,1,1,3,0,0,1196,373,374,375,376,2013-12-14 17:30:30,2013-12-14 17:41:11,1
95,h,re3,ne3,1,1,1,2,2,2,NULL,NULL,NULL,NULL,NULL,1000,377,378,379,380,2013-12-14 17:30:32,NULL,0
96,d,re0,ne1,1,0,1,2,0,2,1,2,5,0,0,882,381,382,383,384,2013-12-14 17:31:16,2013-12-14 17:43:55,1
97,d,re4,ne3,1,0,0,0,0,0,NULL,NULL,NULL,NULL,NULL,1076,385,386,387,388,2013-12-14 17:31:29,NULL,0
98,h,re3,ne4,1,0,0,2,2,2,NULL,NULL,NULL,NULL,NULL,1000,389,390,391,392,2013-12-14 17:31:52,NULL,0
99,h,re3,ne4,0,1,1,1,1,1,1,1,4,2,1,654,393,394,395,396,2013-12-14 17:32:40,2013-12-14 17:43:09,1
100,h,re2,ne4,1,2,1,1,1,1,NULL,NULL,NULL,NULL,NULL,766,397,398,399,400,2013-12-14 17:40:08,NULL,0
101,h,re2,ne3,1,0,0,1,1,1,NULL,NULL,NULL,NULL,NULL,1247,401,402,403,404,2013-12-14 17:40:45,NULL,0
102,h,re5,ne1,1,2,1,1,2,2,NULL,NULL,NULL,NULL,NULL,1000,405,406,407,408,2013-12-14 17:40:54,NULL,0
103,h,re2,ne4,1,1,1,2,1,2,NULL,NULL,NULL,NULL,NULL,1124,409,410,411,412,2013-12-14 17:40:56,NULL,0
104,h,re2,ne4,1,0,1,1,0,1,NULL,NULL,NULL,NULL,NULL,1000,413,414,415,416,2013-12-14 17:41:03,NULL,0
105,d,re2,ne2,1,0,1,1,1,1,NULL,NULL,NULL,NULL,NULL,1377,417,418,419,420,2013-12-14 17:41:06,NULL,0
106,d,re2,ne3,1,0,1,1,2,2,NULL,NULL,NULL,NULL,NULL,1127,421,422,423,424,2013-12-14 17:41:17,NULL,0
107,h,re2,ne3,1,1,1,1,1,2,NULL,NULL,NULL,NULL,NULL,922,425,426,427,428,2013-12-14 17:41:41,NULL,0
108,h,re2,ne4,1,2,1,2,0,0,0,0,1,3,0,1315,429,430,431,432,2013-12-14 17:42:35,2013-12-14 17:59:07,1
109,h,re3,ne4,1,1,0,1,0,2,NULL,NULL,NULL,NULL,NULL,1248,433,434,435,436,2013-12-14 17:43:07,NULL,0
110,h,re0,ne1,0,0,1,2,2,2,1,1,5,1,2,1191,437,438,439,440,2013-12-14 17:43:47,2013-12-14 17:52:47,1
111,h,re2,ne4,0,0,0,1,2,1,0,0,0,1,1,796,441,442,443,444,2013-12-14 17:44:51,2013-12-14 17:58:01,1
112,d,re2,ne4,1,1,1,1,1,2,2,1,5,0,2,723,445,446,447,448,2013-12-14 17:46:58,2013-12-14 17:54:04,1
113,h,re2,ne4,1,1,1,1,1,1,0,1,3,0,1,2186,449,450,451,452,2013-12-14 17:48:23,2013-12-14 18:02:01,1
114,d,re2,ne4,1,0,1,1,2,2,NULL,NULL,NULL,NULL,NULL,1131,453,454,455,456,2013-12-14 17:50:54,NULL,0
115,h,re2,ne4,1,0,1,1,0,1,1,0,4,0,1,837,457,458,459,460,2013-12-14 17:51:06,2013-12-14 18:07:51,1
116,d,re1,ne4,1,1,1,2,0,1,0,0,4,1,0,2811,461,462,463,464,2013-12-14 17:53:01,2013-12-14 18:10:01,1
117,d,re4,ne4,1,1,1,1,2,2,1,1,3,1,2,1075,465,466,467,468,2013-12-14 17:53:36,2013-12-14 18:14:58,1
118,d,re1,ne2,1,1,1,2,0,1,2,1,5,1,1,1318,469,470,471,472,2013-12-14 17:53:51,2013-12-14 18:13:45,1
119,h,re4,ne4,1,2,0,0,0,0,NULL,NULL,NULL,NULL,NULL,2265,473,474,475,476,2013-12-14 17:54:30,NULL,0
120,d,re2,ne4,1,1,1,1,1,1,1,0,3,2,1,1255,477,478,479,480,2013-12-14 17:56:13,2013-12-14 18:12:59,1
121,h,re3,ne4,1,2,0,0,1,0,NULL,NULL,NULL,NULL,NULL,922,481,482,483,484,2013-12-14 17:58:13,NULL,0
122,h,re3,ne3,1,2,0,2,0,2,NULL,NULL,NULL,NULL,NULL,1534,485,486,487,488,2013-12-14 18:00:12,NULL,0
123,h,re1,ne4,0,0,1,2,0,2,0,0,0,4,2,1461,489,490,491,492,2013-12-14 18:03:56,2013-12-14 18:29:06,1
124,d,re5,ne4,1,1,1,1,0,0,2,2,2,0,1,1318,493,494,495,496,2013-12-14 18:04:05,2013-12-14 18:18:07,1
125,d,re2,ne4,1,1,1,2,0,0,0,0,1,1,0,1320,497,498,499,500,2013-12-14 18:09:02,2013-12-14 18:32:42,1
126,h,re2,ne3,1,1,1,2,2,2,1,1,2,0,1,653,501,502,503,504,2013-12-14 18:09:48,2013-12-14 18:21:22,1
127,h,re2,ne4,1,1,1,1,0,2,NULL,NULL,NULL,NULL,NULL,957,505,506,507,508,2013-12-14 18:15:50,NULL,0
128,h,re0,ne2,1,0,1,2,0,1,1,0,0,4,0,1978,509,510,511,512,2013-12-14 18:18:18,2013-12-14 18:27:31,1
129,d,re3,ne4,1,1,1,2,0,2,0,0,3,2,0,1081,513,514,515,516,2013-12-14 18:19:12,2013-12-14 18:47:55,1
130,d,re0,ne1,1,1,1,2,1,0,0,0,3,2,1,1879,517,518,519,520,2013-12-14 18:21:08,2013-12-14 18:38:45,1
131,h,re2,ne4,1,0,1,2,0,0,1,1,4,1,1,1325,521,522,523,524,2013-12-14 18:28:01,2013-12-14 18:43:33,1
132,h,re0,ne1,1,1,1,2,1,1,1,0,4,3,1,684,525,526,527,528,2013-12-14 18:43:34,2013-12-14 19:04:17,1
133,h,re4,ne4,1,2,0,1,1,1,0,2,0,3,2,2178,529,530,531,532,2013-12-14 18:43:41,2013-12-14 19:09:44,1
134,d,re3,ne4,1,1,1,2,2,2,NULL,NULL,NULL,NULL,NULL,1460,533,534,535,536,2013-12-14 18:44:59,NULL,0
135,h,re0,ne2,1,1,1,2,0,0,0,0,0,3,0,2664,537,538,539,540,2013-12-14 18:45:05,2013-12-14 19:07:36,1
136,d,re3,ne4,1,1,0,2,1,1,0,1,1,0,1,1610,541,542,543,544,2013-12-14 18:53:38,2013-12-14 19:04:06,1
137,h,re5,ne0,1,2,0,0,1,1,0,0,4,2,2,1877,545,546,547,548,2013-12-15 09:37:02,2013-12-15 16:15:18,1
138,h,re5,ne0,1,2,0,0,1,1,0,0,4,2,2,1323,549,550,551,552,2013-12-15 09:39:37,2013-12-15 09:53:24,1
139,d,re1,ne4,1,0,1,2,0,2,NULL,NULL,NULL,NULL,NULL,1173,553,554,555,556,2013-12-15 09:53:14,NULL,0
140,h,re3,ne3,0,1,1,2,2,2,0,0,1,1,0,2413,557,558,559,560,2013-12-15 10:04:36,2013-12-15 10:20:29,1
141,h,re4,ne4,0,1,0,2,2,1,NULL,NULL,NULL,NULL,NULL,1000,561,562,563,564,2013-12-15 10:09:06,NULL,0
142,d,re2,ne2,1,0,1,1,1,1,1,1,5,0,1,259,565,566,567,568,2013-12-15 10:12:59,2013-12-15 10:20:17,1
143,d,re3,ne2,1,0,1,1,2,2,NULL,NULL,NULL,NULL,NULL,919,569,570,571,572,2013-12-15 10:14:26,NULL,0
144,h,re4,ne4,0,1,0,2,2,1,1,0,1,1,1,411,573,574,575,576,2013-12-15 10:14:35,2013-12-15 10:37:06,1
145,h,re3,ne3,1,1,1,1,0,2,NULL,NULL,NULL,NULL,NULL,1000,577,578,579,580,2013-12-15 10:14:36,NULL,0
146,d,re0,ne2,0,0,1,2,0,0,NULL,NULL,NULL,NULL,NULL,1187,581,582,583,584,2013-12-15 10:14:44,NULL,0
147,h,re3,ne3,1,1,1,1,0,2,NULL,NULL,NULL,NULL,NULL,765,585,586,587,588,2013-12-15 10:15:56,NULL,0
148,d,re2,ne4,1,1,1,2,0,2,0,0,1,1,1,1075,589,590,591,592,2013-12-15 10:19:04,2013-12-15 10:34:54,1
149,h,re2,ne4,1,1,1,1,1,1,0,1,0,1,1,1785,593,594,595,596,2013-12-15 10:19:26,2013-12-15 10:33:47,1
150,h,re1,ne4,1,1,1,1,1,1,0,0,1,2,1,1192,597,598,599,600,2013-12-15 10:20:16,2013-12-15 10:50:18,1
151,d,re4,ne4,1,1,0,1,1,1,1,0,3,2,1,1614,601,602,603,604,2013-12-15 10:20:40,2013-12-15 10:31:54,1
152,d,re0,ne2,1,1,1,2,0,2,1,2,1,2,2,1449,605,606,607,608,2013-12-15 10:21:03,2013-12-15 10:36:29,1
153,h,re2,ne4,0,2,1,1,1,1,1,1,1,1,1,794,609,610,611,612,2013-12-15 10:28:50,2013-12-15 10:44:36,1
154,h,re2,ne4,0,1,1,2,0,0,1,2,4,3,0,2298,613,614,615,616,2013-12-15 10:29:22,2013-12-15 11:01:06,1
155,h,re3,ne3,1,1,1,2,0,2,1,2,3,0,1,1466,617,618,619,620,2013-12-15 10:29:43,2013-12-15 10:42:57,1
156,h,re1,ne4,1,1,1,1,2,2,NULL,NULL,NULL,NULL,NULL,2100,621,622,623,624,2013-12-15 10:31:32,NULL,0
157,d,re0,ne2,0,0,1,2,0,2,NULL,NULL,NULL,NULL,NULL,724,625,626,627,628,2013-12-15 10:39:05,NULL,0
158,d,re0,ne2,1,1,1,2,0,2,NULL,NULL,NULL,NULL,NULL,954,629,630,631,632,2013-12-15 10:39:48,NULL,0
159,h,re2,ne4,1,0,1,2,0,0,NULL,NULL,NULL,NULL,NULL,969,633,634,635,636,2013-12-15 10:41:47,NULL,0
160,h,re2,ne4,1,2,0,1,0,0,0,0,3,2,1,2948,637,638,639,640,2013-12-15 10:43:20,2013-12-15 11:02:48,1
161,h,re6,ne3,1,1,0,1,1,2,NULL,NULL,NULL,NULL,NULL,1000,641,642,643,644,2013-12-15 10:46:49,NULL,0
162,d,re0,ne2,0,1,1,0,0,0,0,0,2,4,0,3262,645,646,647,648,2013-12-15 10:48:15,2013-12-15 10:55:41,1
163,h,re2,ne4,1,0,1,2,0,0,1,1,1,3,1,1194,649,650,651,652,2013-12-15 10:48:27,2013-12-15 10:59:10,1
164,h,re3,ne3,1,0,0,1,1,1,NULL,NULL,NULL,NULL,NULL,1039,653,654,655,656,2013-12-15 10:49:54,NULL,0
165,d,re2,ne4,1,0,1,2,0,2,NULL,NULL,NULL,NULL,NULL,1000,657,658,659,660,2013-12-15 10:54:26,NULL,0
166,h,re2,ne4,1,2,0,1,1,0,0,1,1,2,0,1188,661,662,663,664,2013-12-15 10:56:27,2013-12-15 11:12:51,1
167,d,re2,ne4,1,1,1,1,1,1,NULL,NULL,NULL,NULL,NULL,1075,665,666,667,668,2013-12-15 10:56:53,NULL,0
168,h,re0,ne1,1,0,1,2,2,2,NULL,NULL,NULL,NULL,NULL,1720,669,670,671,672,2013-12-15 10:58:56,NULL,0
169,h,re3,ne4,1,1,1,2,2,1,0,1,0,2,1,1139,673,674,675,676,2013-12-15 11:02:17,2013-12-15 11:24:32,1
170,h,re3,ne4,1,0,1,1,0,0,NULL,NULL,NULL,NULL,NULL,1000,677,678,679,680,2013-12-15 11:12:54,NULL,0
171,h,re3,ne4,1,1,1,2,2,2,0,0,5,2,2,1260,681,682,683,684,2013-12-15 11:19:59,2013-12-15 12:01:14,1
172,h,re3,ne4,1,0,1,2,0,0,1,1,0,1,1,3606,685,686,687,688,2013-12-15 11:23:04,2013-12-15 11:35:44,1
173,h,re0,ne1,1,1,1,2,0,0,1,0,2,0,1,721,689,690,691,692,2013-12-15 11:26:13,2013-12-15 11:36:15,1
174,h,re3,ne4,1,1,1,2,0,0,1,2,2,0,1,794,693,694,695,696,2013-12-15 11:26:13,2013-12-15 11:38:20,1
175,h,re1,ne4,1,1,1,2,0,0,1,0,4,3,2,1701,697,698,699,700,2013-12-15 11:30:05,2013-12-15 11:53:46,1
176,h,re1,ne4,0,1,1,0,2,0,1,1,1,3,0,1322,701,702,703,704,2013-12-15 11:30:07,2013-12-15 11:57:28,1
177,h,re1,ne4,1,1,1,2,2,2,1,0,1,3,1,4408,705,706,707,708,2013-12-15 11:30:07,2013-12-15 11:51:49,1
178,h,re1,ne3,1,1,1,2,1,2,2,1,5,2,1,1456,709,710,711,712,2013-12-15 11:30:21,2013-12-15 11:46:24,1
179,d,re3,ne4,1,1,1,2,0,0,0,1,2,0,0,720,713,714,715,716,2013-12-15 11:39:05,2013-12-15 11:55:37,1
180,d,re0,ne1,1,1,1,1,0,2,0,0,5,0,0,3107,717,718,719,720,2013-12-15 11:40:42,2013-12-15 11:57:14,1
181,h,re0,ne1,1,0,1,2,0,2,1,2,2,5,2,835,721,722,723,724,2013-12-15 11:43:38,2013-12-15 12:04:35,1
182,h,re0,ne1,1,1,0,0,0,2,0,0,2,3,0,1190,725,726,727,728,2013-12-15 11:47:17,2013-12-15 11:59:51,1
183,h,re0,ne1,0,0,1,2,2,2,NULL,NULL,NULL,NULL,NULL,1126,729,730,731,732,2013-12-15 11:47:29,NULL,0
184,h,re0,ne0,0,1,1,1,0,0,NULL,NULL,NULL,NULL,NULL,616,733,734,735,736,2013-12-15 11:48:09,NULL,0
185,h,re1,ne3,0,1,1,2,2,2,2,1,5,0,2,391,737,738,739,740,2013-12-15 11:49:47,2013-12-15 11:54:24,1
186,h,re0,ne2,1,1,1,0,0,2,0,1,3,1,2,2671,741,742,743,744,2013-12-15 11:52:41,2013-12-15 12:12:41,1
187,h,re0,ne2,1,2,0,2,0,2,0,0,5,4,1,5947,745,746,747,748,2013-12-15 11:53:30,2013-12-15 12:19:23,1
188,h,re2,ne4,0,1,0,0,0,0,0,2,1,0,1,1196,749,750,751,752,2013-12-15 11:53:32,2013-12-15 12:07:01,1
189,h,re2,ne4,1,1,1,2,2,2,0,1,1,0,2,843,753,754,755,756,2013-12-15 11:54:03,2013-12-15 12:13:43,1
190,h,re5,ne4,1,1,1,2,0,0,0,0,4,3,2,1081,757,758,759,760,2013-12-15 12:00:54,2013-12-15 12:37:00,1
191,h,re3,ne4,1,1,1,1,1,1,NULL,NULL,NULL,NULL,NULL,2417,761,762,763,764,2013-12-15 12:09:25,NULL,0
192,h,re3,ne4,1,1,1,1,0,0,1,1,1,2,1,1258,765,766,767,768,2013-12-15 12:11:12,2013-12-15 12:28:07,1
193,h,re0,ne2,1,1,1,2,1,0,1,2,1,0,2,1461,769,770,771,772,2013-12-15 12:17:56,2013-12-15 12:29:27,1
194,h,re0,ne1,1,0,1,2,1,1,NULL,NULL,NULL,NULL,NULL,1125,773,774,775,776,2013-12-15 12:18:11,NULL,0
195,h,re0,ne1,1,2,1,2,1,0,0,0,4,1,0,1189,777,778,779,780,2013-12-15 12:19:14,2013-12-15 14:44:31,1
196,h,re0,ne2,1,0,1,1,1,1,NULL,NULL,NULL,NULL,NULL,1273,781,782,783,784,2013-12-15 12:20:14,NULL,0
197,d,re0,ne1,1,0,1,2,1,1,NULL,NULL,NULL,NULL,NULL,1060,785,786,787,788,2013-12-15 12:25:37,NULL,0
198,d,re2,ne4,1,1,1,1,2,2,NULL,NULL,NULL,NULL,NULL,834,789,790,791,792,2013-12-15 12:27:33,NULL,0
199,h,re0,ne1,1,0,1,1,1,1,NULL,NULL,NULL,NULL,NULL,1021,793,794,795,796,2013-12-15 12:28:50,NULL,0
200,d,re3,ne3,1,0,1,2,0,0,1,1,3,1,1,433,797,798,799,800,2013-12-15 12:42:25,2013-12-15 12:58:17,1
201,h,re0,ne1,1,0,1,2,2,2,0,0,5,0,2,1077,801,802,803,804,2013-12-15 12:42:58,2013-12-15 12:50:46,1
202,h,re3,ne4,1,1,1,1,1,1,0,0,0,3,1,4415,805,806,807,808,2013-12-15 12:44:02,2013-12-15 13:06:08,1
203,h,re3,ne4,1,1,0,2,0,2,NULL,NULL,NULL,NULL,NULL,922,809,810,811,812,2013-12-15 12:52:33,NULL,0
204,d,re0,ne5,1,0,1,2,2,2,0,2,5,0,2,1318,813,814,815,816,2013-12-15 12:53:29,2013-12-15 13:01:46,1
205,h,re0,ne1,1,0,1,1,1,1,NULL,NULL,NULL,NULL,NULL,1037,817,818,819,820,2013-12-15 12:54:37,NULL,0
206,d,re3,ne4,1,1,1,2,2,2,1,1,5,1,2,320,821,822,823,824,2013-12-15 13:13:05,2013-12-15 13:23:40,1
207,h,re3,ne4,1,1,1,1,2,1,0,1,3,1,1,558,825,826,827,828,2013-12-15 13:13:14,2013-12-15 13:33:39,1
208,h,re0,ne2,1,1,1,0,0,0,2,1,4,3,1,974,829,830,831,832,2013-12-15 13:18:02,2013-12-15 13:28:37,1
209,d,re0,ne1,1,0,1,2,2,2,NULL,NULL,NULL,NULL,NULL,1187,833,834,835,836,2013-12-15 13:20:14,NULL,0
210,d,re0,ne1,1,1,1,2,0,0,1,0,1,1,0,879,837,838,839,840,2013-12-15 13:22:01,2013-12-15 13:32:10,1
211,h,re3,ne4,1,2,1,2,0,0,NULL,NULL,NULL,NULL,NULL,681,841,842,843,844,2013-12-15 13:25:54,NULL,0
212,h,re0,ne2,0,1,0,1,0,1,2,2,0,4,1,1082,845,846,847,848,2013-12-15 13:32:45,2013-12-15 13:39:57,1
213,d,re0,ne1,0,1,0,2,2,2,1,0,4,2,2,1075,849,850,851,852,2013-12-15 13:36:15,2013-12-15 13:45:27,1
214,d,re0,ne1,0,1,0,2,2,2,NULL,NULL,NULL,NULL,NULL,1000,853,854,855,856,2013-12-15 13:40:52,NULL,0
215,h,re0,ne2,0,0,0,2,0,2,1,0,1,2,2,1081,857,858,859,860,2013-12-15 13:42:06,2013-12-15 13:49:05,1
216,d,re0,ne1,0,0,0,2,2,2,0,2,2,5,2,1463,861,862,863,864,2013-12-15 13:42:07,2013-12-15 13:52:31,1
217,h,re4,ne4,1,1,0,0,1,0,1,1,5,0,1,618,865,866,867,868,2013-12-15 13:44:45,2013-12-15 14:09:13,1
218,d,re0,ne1,0,1,0,2,2,2,1,2,5,5,2,585,869,870,871,872,2013-12-15 13:47:33,2013-12-15 13:53:47,1
219,d,re4,ne4,1,1,1,2,0,0,NULL,NULL,NULL,NULL,NULL,555,873,874,875,876,2013-12-15 13:59:22,NULL,0
220,d,re0,ne2,1,1,1,2,0,0,NULL,NULL,NULL,NULL,NULL,681,877,878,879,880,2013-12-15 13:59:27,NULL,0
221,h,re4,ne4,1,2,0,0,0,0,NULL,NULL,NULL,NULL,NULL,1170,881,882,883,884,2013-12-15 14:00:56,NULL,0
222,h,re2,ne3,1,2,1,1,2,1,2,1,5,0,1,1701,885,886,887,888,2013-12-15 14:14:01,2013-12-15 14:30:57,1
223,h,re2,ne4,0,0,1,2,0,0,NULL,NULL,NULL,NULL,NULL,1398,889,890,891,892,2013-12-15 14:18:48,NULL,0
224,h,re3,ne4,0,1,0,1,1,1,0,0,5,2,1,531,893,894,895,896,2013-12-15 14:23:57,2013-12-15 14:44:01,1
225,h,re0,ne1,1,0,1,1,1,1,NULL,NULL,NULL,NULL,NULL,1000,897,898,899,900,2013-12-15 14:28:30,NULL,0
226,h,re0,ne2,1,1,1,1,1,1,1,1,1,2,1,1189,901,902,903,904,2013-12-15 14:32:20,2013-12-15 14:41:24,1
227,h,re0,ne2,0,0,0,0,0,0,0,0,3,4,2,2422,905,906,907,908,2013-12-15 14:37:41,2013-12-15 14:51:34,1
228,h,re0,ne2,1,1,1,1,1,1,2,2,5,2,1,4194,909,910,911,912,2013-12-15 14:44:55,2013-12-15 14:52:44,1
229,h,re0,ne1,1,2,1,0,1,0,NULL,NULL,NULL,NULL,NULL,1000,913,914,915,916,2013-12-15 14:52:04,NULL,0
230,h,re2,ne3,1,2,1,1,0,1,2,1,5,2,1,794,917,918,919,920,2013-12-15 15:28:22,2013-12-15 15:48:17,1
231,h,re2,ne4,1,0,1,0,0,2,1,0,0,1,1,1132,921,922,923,924,2013-12-15 15:28:23,2013-12-15 15:59:48,1
232,d,re2,ne4,1,0,1,0,0,0,2,1,0,1,2,1140,925,926,927,928,2013-12-15 15:29:15,2013-12-15 15:51:32,1
233,h,re4,ne4,1,1,1,1,1,1,0,1,5,0,1,3262,929,930,931,932,2013-12-15 15:37:26,2013-12-15 15:47:15,1
234,d,re0,ne1,0,1,0,2,2,2,1,2,4,5,2,649,933,934,935,936,2013-12-15 15:37:58,2013-12-15 15:47:57,1
235,d,re0,ne1,0,0,0,2,2,2,0,2,2,5,2,1784,937,938,939,940,2013-12-15 15:39:24,2013-12-15 15:48:14,1
236,h,re0,ne2,0,1,0,2,0,2,0,0,2,4,2,1771,941,942,943,944,2013-12-15 15:39:34,2013-12-15 15:46:34,1
237,h,re0,ne1,1,0,1,2,0,0,0,0,2,4,0,2184,945,946,947,948,2013-12-15 15:42:34,2013-12-15 15:49:24,1
238,d,re0,ne2,0,2,1,0,0,0,0,0,2,4,0,1138,949,950,951,952,2013-12-15 15:47:13,2013-12-15 15:53:46,1
239,d,re0,ne1,0,1,0,2,2,2,1,0,5,5,2,587,953,954,955,956,2013-12-15 15:49:44,2013-12-15 15:57:42,1
240,h,re0,ne2,0,1,0,2,0,0,1,0,0,0,1,1322,957,958,959,960,2013-12-15 15:50:26,2013-12-15 15:56:48,1
241,h,re2,ne4,1,1,1,2,0,0,0,0,1,3,0,2181,961,962,963,964,2013-12-15 15:50:39,2013-12-15 16:14:57,1
242,d,re2,ne4,1,1,1,2,0,0,0,1,3,3,1,798,965,966,967,968,2013-12-15 15:50:40,2013-12-15 16:15:33,1
243,h,re3,ne4,1,1,0,2,1,1,NULL,NULL,NULL,NULL,NULL,1000,969,970,971,972,2013-12-15 15:54:32,NULL,0
244,d,re0,ne1,0,0,0,2,2,2,0,2,2,5,2,2305,973,974,975,976,2013-12-15 15:55:00,2013-12-15 16:05:29,1
245,h,re0,ne1,1,1,1,2,2,2,NULL,NULL,NULL,NULL,NULL,1038,977,978,979,980,2013-12-15 15:58:13,NULL,0
246,h,re0,ne1,1,1,1,2,2,2,NULL,NULL,NULL,NULL,NULL,767,981,982,983,984,2013-12-15 15:58:47,NULL,0
247,h,re0,ne0,1,1,1,2,0,0,0,2,5,0,0,2424,985,986,987,988,2013-12-15 15:59:20,2013-12-15 16:18:33,1
248,h,re1,ne4,0,1,0,2,0,0,0,0,2,3,2,2188,989,990,991,992,2013-12-15 15:59:42,2013-12-15 16:08:18,1
249,d,re0,ne1,0,1,0,2,2,2,0,1,5,0,0,1539,993,994,995,996,2013-12-15 15:59:52,2013-12-15 16:07:55,1
250,h,re0,ne2,1,1,1,2,2,2,1,2,0,0,0,2185,997,998,999,1000,2013-12-15 16:08:33,2013-12-15 16:26:27,1
251,h,re0,ne1,1,0,1,2,0,1,NULL,NULL,NULL,NULL,NULL,752,1001,1002,1003,1004,2013-12-15 16:11:50,NULL,0
252,h,re0,ne1,1,0,1,1,1,1,NULL,NULL,NULL,NULL,NULL,1193,1005,1006,1007,1008,2013-12-15 16:12:03,NULL,0
253,h,re0,ne0,1,0,1,1,1,2,NULL,NULL,NULL,NULL,NULL,1000,1009,1010,1011,1012,2013-12-15 16:13:17,NULL,0
254,d,re0,ne1,1,0,1,2,2,2,NULL,NULL,NULL,NULL,NULL,1075,1013,1014,1015,1016,2013-12-15 16:13:33,NULL,0
255,h,re0,ne1,1,0,1,2,2,2,NULL,NULL,NULL,NULL,NULL,1083,1017,1018,1019,1020,2013-12-15 16:13:50,NULL,0
256,d,re0,ne1,0,1,0,2,2,2,NULL,NULL,NULL,NULL,NULL,627,1021,1022,1023,1024,2013-12-15 16:15:11,NULL,0
257,d,re2,ne4,1,1,1,1,1,1,0,0,0,3,1,2945,1025,1026,1027,1028,2013-12-15 16:15:58,2013-12-15 16:35:26,1
258,h,re2,ne3,1,0,1,1,1,1,0,2,1,2,1,1196,1029,1030,1031,1032,2013-12-15 16:16:23,2013-12-15 16:39:25,1
259,d,re3,ne3,1,1,1,1,1,1,0,0,0,3,1,1462,1033,1034,1035,1036,2013-12-15 16:31:21,2013-12-15 16:42:48,1
260,h,re3,ne4,1,1,1,1,1,1,0,2,3,3,1,1192,1037,1038,1039,1040,2013-12-15 16:31:24,2013-12-15 17:04:43,1
261,h,re1,ne2,0,1,1,2,0,2,0,0,3,2,0,2537,1041,1042,1043,1044,2013-12-15 16:32:35,2013-12-15 16:56:49,1
262,h,re2,ne3,1,0,1,2,0,2,1,0,0,1,0,1251,1045,1046,1047,1048,2013-12-15 16:35:54,2013-12-15 16:58:09,1
263,h,re2,ne4,1,0,1,1,0,2,1,0,3,1,0,1024,1049,1050,1051,1052,2013-12-15 16:36:48,2013-12-15 16:57:38,1
264,d,re2,ne4,1,1,0,0,0,0,0,0,1,2,0,5393,1053,1054,1055,1056,2013-12-15 16:38:28,2013-12-15 16:54:39,1
265,h,re3,ne4,1,1,1,1,1,1,0,1,3,1,1,1138,1057,1058,1059,1060,2013-12-15 16:38:31,2013-12-15 17:00:44,1
266,h,re2,ne4,1,0,1,1,1,1,2,1,5,0,2,618,1061,1062,1063,1064,2013-12-15 16:39:18,2013-12-15 16:50:46,1
267,d,re3,ne4,1,2,0,1,1,1,1,0,3,2,1,477,1065,1066,1067,1068,2013-12-15 16:39:38,2013-12-15 16:50:47,1
268,h,re2,ne4,1,1,0,1,1,2,1,2,1,2,1,796,1069,1070,1071,1072,2013-12-15 16:40:32,2013-12-15 17:03:25,1
269,h,re2,ne3,1,1,1,1,1,1,NULL,NULL,NULL,NULL,NULL,636,1073,1074,1075,1076,2013-12-15 16:43:06,NULL,0
270,d,re2,ne4,0,1,1,1,0,0,NULL,NULL,NULL,NULL,NULL,1273,1077,1078,1079,1080,2013-12-15 16:43:14,NULL,0
271,h,re1,ne2,1,2,1,0,0,2,0,0,5,2,0,647,1081,1082,1083,1084,2013-12-15 16:44:52,2013-12-15 17:05:03,1
272,h,re1,ne4,1,1,1,2,0,0,0,0,1,3,1,1538,1085,1086,1087,1088,2013-12-15 16:45:16,2013-12-15 17:06:26,1
273,h,re1,ne4,0,1,0,0,0,0,NULL,NULL,NULL,NULL,NULL,834,1089,1090,1091,1092,2013-12-15 16:56:25,NULL,0
274,d,re4,ne4,1,1,1,1,1,1,1,1,5,1,1,2418,1093,1094,1095,1096,2013-12-15 16:58:50,2013-12-15 17:14:11,1
275,h,re4,ne4,1,1,1,1,1,1,1,1,2,2,1,1082,1097,1098,1099,1100,2013-12-15 16:59:20,2013-12-15 17:17:37,1
276,h,re3,ne3,1,1,1,2,2,2,1,0,4,2,2,720,1101,1102,1103,1104,2013-12-15 16:59:29,2013-12-15 17:23:41,1
277,h,re0,ne1,1,0,1,1,0,0,NULL,NULL,NULL,NULL,NULL,849,1105,1106,1107,1108,2013-12-15 17:11:19,NULL,0
278,h,re2,ne4,1,1,1,2,2,2,1,0,1,4,1,2413,1109,1110,1111,1112,2013-12-15 17:14:09,2013-12-15 17:43:47,1
279,h,re2,ne3,1,0,1,2,2,2,1,1,5,5,2,686,1113,1114,1115,1116,2013-12-15 17:16:43,2013-12-15 17:43:54,1
280,h,re1,ne4,1,1,1,2,1,1,0,0,4,3,1,1319,1117,1118,1119,1120,2013-12-15 17:19:04,2013-12-15 17:36:46,1
281,h,re5,ne0,0,2,0,0,0,0,NULL,NULL,NULL,NULL,NULL,593,1121,1122,1123,1124,2013-12-15 17:20:49,NULL,0
282,d,re2,ne3,1,1,1,1,0,1,0,0,3,1,0,1886,1125,1126,1127,1128,2013-12-15 17:22:03,2013-12-15 17:38:35,1
283,h,re1,ne4,1,2,1,2,2,2,NULL,NULL,NULL,NULL,NULL,471,1129,1130,1131,1132,2013-12-15 17:25:41,NULL,0
284,h,re1,ne4,1,2,1,2,0,1,0,2,4,2,1,798,1133,1134,1135,1136,2013-12-15 17:26:05,2013-12-15 17:49:25,1
285,d,re4,ne4,0,1,1,1,1,0,0,0,3,2,0,5389,1137,1138,1139,1140,2013-12-15 17:31:12,2013-12-15 17:45:31,1
286,h,re4,ne4,1,1,1,1,1,1,1,0,0,2,0,2676,1141,1142,1143,1144,2013-12-15 17:32:42,2013-12-15 17:50:00,1
287,d,re2,ne4,1,0,1,1,0,0,1,2,3,1,1,1138,1145,1146,1147,1148,2013-12-15 17:50:26,2013-12-15 18:04:53,1
288,d,re2,ne4,1,1,1,2,2,0,1,0,1,2,2,1541,1149,1150,1151,1152,2013-12-15 17:50:48,2013-12-15 18:14:32,1
289,d,re2,ne4,1,1,0,1,1,1,1,1,4,2,1,1785,1153,1154,1155,1156,2013-12-15 17:51:01,2013-12-15 18:07:17,1
290,h,re3,ne4,1,0,1,2,0,2,1,1,1,1,2,1320,1157,1158,1159,1160,2013-12-15 17:51:59,2013-12-15 18:04:23,1
291,d,re2,ne2,1,0,1,1,2,2,NULL,NULL,NULL,NULL,NULL,1969,1161,1162,1163,1164,2013-12-15 17:53:35,NULL,0
292,h,re0,ne2,0,1,0,1,0,2,1,1,2,3,0,1788,1165,1166,1167,1168,2013-12-15 17:53:54,2013-12-15 18:08:44,1
293,h,re2,ne4,1,1,1,1,1,2,1,2,4,3,1,1466,1169,1170,1171,1172,2013-12-15 17:57:45,2013-12-15 18:12:57,1
294,d,re3,ne4,1,1,0,1,1,1,0,1,0,1,1,475,1173,1174,1175,1176,2013-12-15 17:57:52,2013-12-15 18:19:16,1
295,d,re0,ne1,1,1,1,0,0,0,NULL,NULL,NULL,NULL,NULL,1000,1177,1178,1179,1180,2013-12-15 18:04:20,NULL,0
296,h,re2,ne4,1,1,0,2,1,1,1,0,0,2,1,2419,1181,1182,1183,1184,2013-12-15 18:04:44,2013-12-15 18:14:05,1
297,h,re0,ne1,1,1,1,2,0,1,0,0,1,5,2,1315,1185,1186,1187,1188,2013-12-15 18:09:22,2013-12-15 18:24:53,1
298,h,re5,ne3,1,2,0,1,1,1,0,0,2,1,1,1141,1189,1190,1191,1192,2013-12-15 18:09:35,2013-12-15 18:35:03,1
299,h,re0,ne1,1,0,1,2,0,2,1,0,0,5,2,723,1193,1194,1195,1196,2013-12-15 18:16:04,2013-12-15 18:26:06,1
300,h,re0,ne1,1,0,1,2,0,2,1,0,0,5,0,392,1197,1198,1199,1200,2013-12-15 18:16:05,2013-12-15 18:26:11,1
301,h,re1,ne4,1,2,1,1,2,2,0,1,4,5,2,1080,1201,1202,1203,1204,2013-12-15 18:18:32,2013-12-15 18:31:53,1
302,h,re2,ne2,1,0,1,1,2,2,2,1,1,0,1,1610,1205,1206,1207,1208,2013-12-15 18:19:02,2013-12-15 18:29:02,1
303,h,re1,ne4,1,1,1,1,0,2,0,0,2,0,0,3994,1209,1210,1211,1212,2013-12-15 18:19:22,2013-12-15 18:31:32,1
304,d,re3,ne4,1,0,1,2,0,2,0,0,3,1,2,1327,1213,1214,1215,1216,2013-12-15 18:35:12,2013-12-15 18:57:02,1
305,d,re1,ne4,1,0,1,1,1,1,0,0,4,1,1,795,1217,1218,1219,1220,2013-12-15 18:38:52,2013-12-15 18:58:04,1
306,d,re4,ne4,1,2,1,1,2,0,0,0,0,1,0,1456,1221,1222,1223,1224,2013-12-15 18:39:44,2013-12-15 18:53:09,1
307,h,re4,ne3,1,0,1,1,1,1,0,0,4,1,1,1784,1225,1226,1227,1228,2013-12-15 18:40:20,2013-12-15 18:59:10,1
308,h,re1,ne4,1,0,1,0,0,0,NULL,NULL,NULL,NULL,NULL,916,1229,1230,1231,1232,2013-12-15 18:42:26,NULL,0
