User_ID,Age,Gender,Experiment_number,Earnings
2,50,h,1,110
3,46,h,1,82
4,40,d,1,108
5,11,h,1,127
6,11,h,1,96
7,40,h,1,92
8,11,h,1,77
9,45,h,1,91
10,10,h,1,87
11,39,h,1,92
18,69,h,2,83
19,53,d,2,107
20,69,h,2,95
22,30,d,2,102
23,27,h,2,89
24,33,h,2,73
25,33,d,2,96
26,66,d,2,117
27,68,d,2,94
28,19,h,2,92
29,19,h,2,111
30,15,h,2,93
31,15,h,2,114
32,45,h,3,86
33,40,h,3,116
34,33,h,3,99
35,35,d,3,110
36,44,h,3,1
37,27,d,3,75
38,28,h,3,102
40,10,d,3,91
41,10,d,3,83
42,10,h,3,89
43,10,d,3,110
45,50,h,3,77
47,45,h,3,92
48,27,h,4,109
49,32,h,4,89
51,10,d,4,115
52,30,d,4,88
53,26,h,4,101
54,43,h,4,104
55,12,h,4,101
56,31,h,4,112
57,33,h,4,94
58,10,d,4,95
59,14,d,4,79
60,17,h,4,82
61,16,h,4,81
62,40,h,5,108
63,10,d,5,114
64,37,h,5,104
65,40,h,5,101
66,45,d,5,89
67,34,d,5,89
68,72,h,5,109
69,10,d,5,121
70,50,h,5,83
71,12,h,6,118
72,42,d,6,101
73,11,h,6,65
74,46,d,6,101
75,10,h,6,73
76,11,h,6,78
77,11,h,6,101
78,10,h,6,125
79,10,d,6,97
80,35,d,6,78
81,40,h,6,86
82,39,h,6,79
83,53,h,6,95
84,39,h,6,92
85,38,d,6,120
86,11,d,7,92
87,43,h,7,93
88,10,h,7,97
89,49,h,7,96
90,10,h,7,95
91,10,h,7,85
92,10,h,7,82
93,50,d,7,106
95,33,d,7,111
96,32,h,7,109
97,36,h,7,108
98,32,d,7,92
99,34,h,7,95
100,35,h,7,109
101,19,h,7,77
102,19,h,7,66
103,44,d,7,91
104,40,d,8,90
105,41,h,8,82
106,32,h,9,84
107,64,h,9,101
108,30,d,9,103
109,57,d,9,103
110,46,d,9,114
111,42,h,9,102
112,10,d,9,109
113,11,h,9,87
114,10,h,9,95
115,36,h,9,94
116,37,d,9,96
117,36,d,9,116
118,10,h,9,105
119,42,h,9,104
120,29,d,10,87
121,42,h,10,110
122,29,h,10,132
123,10,h,10,111
124,55,d,10,104
125,56,h,10,103
126,31,h,10,103
127,34,d,10,104
128,10,h,10,86
129,31,h,11,93
130,37,h,11,110
131,37,h,11,107
132,36,h,11,109
133,46,h,11,80
134,16,h,11,111
135,16,d,12,87
136,18,h,12,77
137,25,h,12,89
138,24,h,12,93
139,44,h,12,85
140,45,h,12,92
141,35,h,13,78
142,33,h,13,92
143,34,h,13,115
144,36,h,13,106
145,34,h,13,47
146,40,d,13,90
147,13,h,13,74
148,30,h,13,102
149,10,h,13,112
150,45,h,13,106
151,50,h,13,80
152,50,h,13,97
153,40,h,14,80
154,38,h,14,113
155,39,h,14,106
156,18,d,14,77
157,38,h,14,110
158,12,h,14,104
159,39,d,14,97
160,19,d,14,88
161,26,h,14,93
162,70,h,14,85
163,50,d,14,97
164,14,d,14,83
165,12,h,14,81
166,51,h,14,102
168,12,h,15,39
169,26,d,15,90
170,27,d,15,95
171,29,h,15,107
172,32,h,15,102
173,26,h,15,96
174,35,h,15,110
175,38,d,15,92
176,26,h,15,93
177,27,d,15,92
178,26,h,15,85
179,27,d,15,108
180,26,h,15,103
181,55,h,15,84
186,31,h,16,107
187,31,h,16,99
188,28,h,16,96
190,14,d,17,125
191,37,h,17,118
192,27,d,17,91
193,27,h,17,113
194,29,h,17,113
195,25,h,17,125
196,29,d,17,97
197,27,h,17,99
198,30,h,17,111
199,21,h,18,106
200,28,h,18,90
201,27,h,18,122
202,15,h,18,86
203,22,h,18,102
204,48,h,18,107
205,34,d,18,109
206,45,d,18,92
207,12,h,18,108
208,11,h,18,94
209,11,h,18,83
210,46,h,18,99
211,44,h,18,101
212,34,d,19,83
213,28,h,19,88
214,29,d,19,88
215,10,h,19,107
216,33,h,19,88
217,40,h,19,102
218,27,d,19,84
219,34,d,19,97
220,26,h,19,113
221,27,d,19,78
222,28,h,19,126
223,14,h,19,91
224,33,d,19,112
225,33,h,19,114
226,43,d,19,85
227,32,d,19,107
228,33,h,20,68
229,35,h,20,109
230,10,h,20,96
231,10,h,20,110
232,33,h,20,91
233,16,h,20,89
234,25,d,20,75
235,57,h,20,80
236,27,d,20,114
237,31,h,20,107
238,29,h,20,114
239,24,d,20,122
240,32,h,20,79
241,48,d,20,92
242,48,h,20,93
245,19,d,21,80
246,20,h,21,86
247,23,h,21,100
248,17,h,21,88
249,23,h,21,105
250,45,h,21,105
251,43,d,21,67
252,43,h,21,73
253,28,d,21,85
254,38,h,21,89
255,28,h,21,88
256,10,h,21,107
257,38,h,21,64
258,10,d,21,102
259,37,h,22,130
261,36,h,22,118
263,14,d,42,117
266,45,d,22,96
270,14,h,42,89
272,40,d,22,97
275,46,d,22,120
276,45,h,22,98
277,49,d,22,86
278,10,h,23,114
279,24,d,23,100
280,29,h,23,89
281,11,h,23,113
282,49,h,23,113
283,11,d,23,89
284,53,h,23,90
285,52,d,23,105
286,39,h,23,96
287,43,d,23,74
288,48,h,23,89
289,10,h,23,107
290,10,h,23,58
291,16,h,24,96
292,31,h,24,113
293,16,h,24,110
294,51,d,24,82
295,31,d,24,95
296,13,h,24,96
297,32,h,24,89
298,12,h,24,91
299,33,d,24,89
300,10,h,24,94
301,10,d,24,85
302,59,h,24,82
303,58,d,24,68
304,50,h,24,85
305,15,h,24,94
306,44,d,24,112
307,10,h,24,82
308,39,h,25,94
309,39,d,25,115
310,38,h,25,97
311,43,d,25,94
312,10,h,25,83
313,41,h,26,95
314,42,d,26,107
315,11,h,26,84
316,43,d,26,120
317,38,h,26,109
318,36,h,26,109
319,48,h,26,80
320,14,h,26,83
321,41,d,26,94
322,68,h,26,89
323,11,h,26,88
324,40,h,26,77
325,48,h,26,99
326,46,h,26,106
327,46,d,26,121
328,42,h,26,94
329,48,h,27,67
330,38,h,27,92
331,10,h,27,106
332,10,h,27,91
333,39,h,27,110
334,13,h,27,121
335,18,h,27,91
336,13,h,27,85
337,15,h,27,90
338,13,h,27,84
339,50,d,27,100
340,55,h,27,117
341,39,h,28,83
342,44,h,28,70
343,44,h,28,90
344,39,h,28,97
345,31,h,28,76
346,47,d,28,95
347,25,h,28,87
348,11,h,28,97
349,10,h,28,102
350,13,d,28,95
351,15,h,28,101
352,58,h,28,96
353,44,h,28,98
354,56,d,28,95
355,38,h,28,91
356,46,d,28,94
357,55,d,28,88
358,59,d,28,84
359,60,h,28,98
360,17,d,29,94
361,10,d,29,61
362,47,h,29,70
363,10,h,29,80
365,46,d,29,77
366,10,d,29,95
367,33,h,29,77
368,44,h,29,87
369,40,d,29,90
370,35,h,29,84
371,37,h,29,83
372,55,h,29,86
373,12,h,29,84
374,29,d,29,71
375,37,d,29,85
376,31,h,29,102
377,10,d,29,81
378,42,d,29,85
379,51,d,30,110
380,11,h,30,94
381,45,h,30,79
382,30,h,30,111
383,42,d,30,105
384,37,h,30,104
385,35,h,30,115
387,33,h,30,102
388,29,h,30,92
389,41,h,30,79
390,36,h,30,124
391,40,h,30,113
392,35,h,30,98
393,15,h,30,126
394,51,d,30,126
395,37,h,30,104
396,34,h,31,118
397,10,h,31,88
398,34,d,31,98
399,33,d,31,101
400,38,d,31,109
401,34,h,31,92
402,37,d,31,91
403,40,h,31,107
404,43,d,31,88
405,47,d,31,104
406,44,h,31,75
407,46,d,31,111
408,47,d,31,81
409,23,d,31,49
410,34,h,31,82
411,13,h,31,107
412,28,d,32,81
413,43,h,32,113
414,10,h,32,91
415,36,h,32,98
416,41,d,32,84
417,56,h,32,87
418,12,d,32,98
419,12,d,32,119
420,10,d,32,76
421,40,d,32,111
422,36,d,32,100
423,33,d,32,119
424,10,h,32,102
425,45,d,32,94
426,36,d,33,100
427,45,h,33,96
428,34,h,33,80
429,31,d,33,118
431,11,h,33,103
432,17,d,33,99
434,36,h,34,108
435,36,h,34,127
436,30,h,34,89
437,31,d,34,111
438,44,h,34,116
439,48,h,35,103
440,15,h,35,108
441,46,d,35,98
442,43,h,35,113
443,10,h,35,102
444,10,d,35,97
445,13,h,35,98
446,36,h,35,113
447,40,h,35,116
448,32,h,35,116
449,32,d,35,91
450,40,h,35,105
452,27,h,36,83
453,26,d,36,121
454,29,d,36,102
455,27,h,36,107
456,20,h,36,97
457,23,h,36,107
458,23,h,36,98
459,19,h,36,97
460,25,h,36,107
461,13,d,36,93
462,55,d,36,98
463,33,d,36,111
464,40,d,36,97
465,11,d,36,103
466,57,h,36,82
467,17,d,37,92
468,23,h,37,98
469,25,d,37,81
470,17,d,37,88
471,23,h,37,82
472,32,h,37,91
473,17,d,37,109
474,27,d,37,92
475,29,h,37,102
476,33,d,37,90
477,24,h,37,112
478,29,h,37,87
479,12,d,38,98
480,43,d,38,96
481,12,d,38,100
482,47,d,38,100
483,10,h,38,94
484,27,h,38,101
485,28,h,38,76
486,45,h,38,85
487,53,h,38,85
488,26,h,38,112
489,42,d,38,102
490,43,h,38,106
491,12,h,38,95
492,42,h,38,97
493,10,d,38,111
494,10,h,38,86
495,29,h,39,102
496,38,d,39,89
497,37,h,39,120
498,36,h,39,109
499,38,h,39,113
500,32,h,39,109
501,32,d,39,93
502,38,h,39,95
503,35,d,39,100
504,39,h,39,108
505,47,h,40,90
506,49,h,40,89
507,18,d,40,89
508,18,d,40,99
509,12,d,40,95
510,13,d,40,90
511,49,d,40,82
512,43,h,40,107
513,46,h,40,113
514,45,h,40,85
515,10,h,40,85
516,48,h,40,96
517,12,h,40,88
518,10,h,40,84
519,11,h,40,103
520,45,d,40,88
521,38,h,40,89
522,37,d,40,100
523,36,h,41,103
524,43,h,41,82
525,44,h,41,94
526,24,d,41,104
527,45,h,41,78
528,25,h,41,73
529,40,h,41,80
530,34,h,41,98
531,22,h,41,83
532,44,h,41,97
533,36,d,41,87
534,21,d,41,118
535,40,h,41,28
536,19,d,41,90
537,42,d,41,108
538,43,h,41,88
540,44,d,41,89
541,47,d,42,90
542,20,d,42,101
543,47,h,42,80
544,18,d,42,91
545,15,d,42,102
546,21,d,42,89
547,13,h,42,113
548,21,h,42,113
549,23,h,42,93
551,43,h,42,115
552,11,h,42,109
553,26,d,42,98
554,15,d,42,106
555,64,d,42,88
556,50,h,42,100
557,11,d,42,106
558,41,h,43,90
559,42,d,43,93
560,28,h,43,98
561,38,d,43,101
562,38,d,43,94
563,35,h,43,94
564,34,d,43,96
565,11,d,43,104
566,11,h,44,109
567,44,h,44,77
568,41,h,44,93
569,46,d,44,96
570,42,d,44,82
571,41,d,44,109
572,11,d,45,114
574,10,h,45,122
575,50,h,45,94
576,23,d,45,78
577,23,d,45,116
578,22,h,45,102
579,26,h,45,98
580,38,h,45,122
