w_R,w_Trustful,w_Optimist,w_Pessimist,w_Envious,log_lik,cross_ent,accuracy,n,User_ID,phenotype_composition
2.0733414984874215e-14,2.8937963136853887e-13,0.0,2.903233209394702e-14,0.9999999999996609,-1.3999999611052966e-08,1.4426950008081094e-09,1.0,14,2,Envious
1.4059531279264127e-09,0.899979253291116,1.3882313129344135e-14,0.10002074530291691,0.0,-3.2508297618225206,0.33499685543968577,0.9285714285714286,14,3,Trustful
2.271605308654051e-09,0.4281107000282391,1.4110456470409483e-16,0.2385649890379759,0.33332430866217944,-6.689902277113969,0.6893920599445791,0.7142857142857143,14,4,Trustful
4.0565807308186686e-18,0.2857146150884412,0.7142853849115584,3.8347653183705067e-16,0.0,-4.187887127098662,0.4315602850048548,0.8571428571428571,14,5,Optimist
0.0,0.16666694966499176,3.084284295234693e-16,1.8722344128475113e-14,0.8333330503349892,-5.406734508399229,0.5571620759050567,0.8571428571428571,14,6,Envious
0.0,0.0,0.0,4.0384362520738435e-14,0.9999999999999596,-1.3999999611052966e-08,1.4426950008081094e-09,1.0,14,7,Envious
2.303217973346464e-09,0.34700531967099385,0.4495931936817378,0.07906761616774496,0.12433386817630551,-7.766597178262651,0.800345088118696,0.7142857142857143,14,8,Optimist
1.7860427109753757e-15,0.0,3.779742462967117e-15,0.3333344891986014,0.666665510801393,-3.819085017786908,0.39355535827817933,0.8571428571428571,14,9,Envious
7.897545395669622e-10,0.29423390693356305,0.04873521727619811,3.8693083271031446e-17,0.6570308750004842,-6.099280888802662,0.6285287350903164,0.7857142857142857,14,10,Envious
8.3478111775423e-10,0.3636364050249751,1.5021310599434975e-15,2.495165959520216e-15,0.6363635941402398,-7.210299515915372,0.7430188110668,0.7142857142857143,14,11,Envious
1.7194700665924113e-17,9.42517566898474e-16,0.22222086242829703,0.0,0.777779137571702,-4.767355796567019,0.4912743261328923,0.8571428571428571,14,18,Envious
6.567136683086622e-16,0.3033917551096864,0.6966082443706126,5.197001668442239e-10,3.202105889603843e-16,-6.108915762561745,0.6295216054183036,0.7857142857142857,14,19,Optimist
6.276385135991686e-17,0.4047314163361555,0.34061928663257696,0.2546492947091531,2.322114248327447e-09,-7.524758482208575,0.7754236961549624,0.7142857142857143,14,20,Trustful
2.225658918248992e-10,0.15384615018609443,8.146287190530225e-19,4.380865737210707e-19,0.8461538495913397,-5.581199286098011,0.5751406094476159,0.8571428571428571,14,22,Envious
2.228705713585977e-18,0.40000006166163404,0.599999938338366,0.0,0.0,-6.730116674092644,0.6935361393083986,0.7142857142857143,14,23,Optimist
1.8889484613391998e-08,0.15240081633282015,0.09759046476825255,0.5427877965283519,0.20722090348109085,-6.95464253783083,0.7166734500345696,0.7857142857142857,14,24,Pessimist
0.0,0.21659136619763508,0.7696466889953657,0.0137619448069993,0.0,-4.7658851125364725,0.4911227726644935,0.8571428571428571,14,25,Optimist
2.736699755701011e-14,3.7136960173711486e-13,2.4702462297909733e-14,4.3520742565306136e-14,0.999999999999533,-1.3999999611052966e-08,1.4426950008081094e-09,1.0,14,26,Envious
1.0479792568273373e-09,0.14285801672390655,0.6071493629047157,4.2189078699590385e-15,0.24999261932339423,-5.120154809096973,0.5682170732052292,0.8461538461538461,13,27,Optimist
7.239090248208275e-10,0.8999999706752584,0.10000002860082731,0.0,5.2559289490977305e-15,-3.2508297379145294,0.3349968529759757,0.9285714285714286,14,28,Trustful
9.787057318326114e-10,0.4970758594804171,0.2467435211875883,4.0991524006192453e-16,0.2561806183532883,-7.795057921914595,0.8032779576706011,0.6428571428571429,14,29,Trustful
7.279556754534666e-10,0.08333547905607454,4.9562555466678644e-14,4.5770587172778226e-14,0.9166645202158744,-3.4420317990362523,0.35470015764655133,0.9285714285714286,14,30,Envious
9.573168582102345e-16,0.36869708598846934,0.01201139465429344,0.6192915185852854,7.719510197406785e-10,-5.291657551564711,0.5453034362660745,0.7857142857142857,14,31,Pessimist
0.0,0.5915708678524693,0.2926359482589832,0.11579318388854759,0.0,-5.211445112811116,0.4422662364775072,0.8235294117647058,17,32,Trustful
0.0,7.506693799365775e-15,0.4285732693179703,0.5714267306820222,0.0,-4.780356742951404,0.40568217451388866,0.8235294117647058,17,33,Pessimist
2.230439658773047e-17,0.0,0.6666706492592996,0.3333293507407002,0.0,-5.728627522974502,0.48615661873502003,0.8235294117647058,17,34,Optimist
6.5276497030131475e-09,0.18879318600186687,0.1476969599941287,0.6425222637800764,0.020987583696278424,-7.117096314955862,0.6039882093597612,0.8235294117647058,17,35,Pessimist
9.778294869676803e-10,0.33339192157301745,1.2788003346414916e-16,0.33354612692072283,0.3330619505284302,-9.547713590452013,0.8102611205160752,0.7058823529411765,17,37,Undefined
0.0,4.642571051455325e-16,0.1149233736266178,0.22984058385355943,0.6552360425198224,-5.350941518915259,0.4541045172603471,0.8823529411764706,17,38,Envious
3.8147931017239373e-10,0.2505564208765073,7.256593295878049e-17,0.25032145590093646,0.49912212284107693,-9.520626521578468,0.807962392284541,0.7058823529411765,17,40,Envious
0.39999404598982397,3.3881317890172014e-21,0.2000007069353858,0.2999977831135507,0.10000746396123959,-9.755376931986595,0.8278843483399795,0.7058823529411765,17,41,Undefined
0.33333086433487114,0.0,0.0,0.23333086673432374,0.433338268930805,-8.771792841650466,0.7444130607267315,0.7647058823529411,17,42,Envious
0.14285675631221717,8.8438862488752e-15,0.261904389023785,1.3639391231842681e-14,0.5952388546639754,-5.512003472504344,0.46777294559675076,0.8823529411764706,17,43,Envious
8.435414833850497e-17,0.4320952894108002,0.38494490996148545,0.18295980062771422,0.0,-8.011188839754713,0.6798648476905372,0.7647058823529411,17,45,Trustful
0.0,0.22573067449965892,0.5890912114291558,0.1851781140711853,0.0,-6.640678774478097,0.5987796460047594,0.8125,16,47,Optimist
1.3088620278572282e-16,0.0,0.42853660273952066,0.5714633949443829,2.316096362001028e-09,-4.780356759201375,0.4310373118862413,0.8125,16,48,Pessimist
0.4000008778788551,0.4363635033964941,0.0,0.1636356187246508,0.0,-9.712311630611495,0.8757439890657129,0.6875,16,49,Trustful
3.439624205052015e-10,0.5998752051688778,0.1499842172910907,0.06680919796096241,0.18333137923510678,-9.433484301494257,0.8506025637543533,0.6875,16,51,Trustful
0.0,0.4999979004011169,0.1666689620766879,3.553985252031891e-14,0.33333313752215976,-8.84101431357253,0.7971804691637144,0.625,16,52,Trustful
1.0808882627832168e-09,0.2500595667330585,3.475175427112016e-16,0.7499404319660483,2.200046975361757e-10,-6.748021852958002,0.608458603942054,0.8125,16,53,Pessimist
2.1197059683107548e-15,0.0,0.24999635324421332,9.930978264809472e-16,0.7500036467557836,-4.498681165234193,0.4056390629764971,0.875,16,54,Envious
7.735251558650783e-16,0.0,0.12500313492024268,0.0,0.8749968650797565,-3.0141612984109014,0.2717822223535529,0.9375,16,55,Envious
0.0,0.1744595334469519,0.0,0.348912602943638,0.47662786360941006,-6.749901923269398,0.6086281269492273,0.8125,16,56,Envious
0.0,0.14285712355403446,0.6571428542306688,0.0,0.20000002221529672,-5.37282634970982,0.4844593706427443,0.875,16,57,Optimist
2.309885460671523e-09,0.14288356012577952,0.14283925331084446,0.0,0.7142771842534906,-7.058701371620169,0.6364720914970339,0.8125,16,58,Envious
7.964908739710993e-10,0.2142859024178417,0.0,0.0,0.7857140967856675,-7.274117749828694,0.6558958502825152,0.8125,16,59,Envious
0.0,0.47662709055328534,0.3489151379982359,4.061128126806512e-16,0.17445777144847827,-6.749901923180435,0.6086281269412056,0.8125,16,60,Trustful
0.40000006909148567,0.3454545017434459,1.0601667655742156e-15,0.2545454291650673,0.0,-10.08111374093421,0.9089983000427108,0.625,16,61,Undefined
0.0,4.562216346083407e-15,0.24999990319048074,0.33333338424545467,0.41666671256406007,-4.15888309035979,0.4285714292927883,0.8571428571428571,14,62,Envious
9.884741368873372e-10,0.3333331851176696,0.16666651914672145,0.1666669028221619,0.33333339192497297,-8.84101431148483,0.9110633931148228,0.5714285714285714,14,63,Undefined
0.01780893659025754,0.3244228368028228,0.16667016051342767,0.4666708308453237,0.024427235248168352,-8.570437706311713,0.883180569795978,0.6428571428571429,14,64,Pessimist
1.0697486059345793e-09,0.18182678573996253,1.3772228850628133e-16,0.31817589257094275,0.49999732061934604,-6.601826808522039,0.6803159141044685,0.7857142857142857,14,65,Envious
0.9999999999999842,0.0,2.609024107869104e-15,9.769962616701325e-15,3.441691376337967e-15,-8.317766166719371,1.0000000000000033,0.4166666666666667,12,66,Undefined
0.037595896016411556,0.9097737487649062,0.0,0.0,0.05263035521868225,-3.602460967621234,0.37123232664165795,0.9285714285714286,14,67,Trustful
2.1367138105000158e-16,0.7012405935526055,0.2987594056489324,7.984619142843925e-10,0.0,-6.108679726746564,0.6294972820111583,0.7857142857142857,14,68,Trustful
2.0787119185064724e-15,0.0,0.33333286115052124,0.33333476382960897,0.3333323750198677,-3.1259378372263322,0.32212678684954293,0.9285714285714286,14,69,Undefined
0.0,0.8461537871459013,3.6227312375416146e-15,0.07692310642705018,0.07692310642704485,-5.5811992860982045,0.5751406094476359,0.8571428571428571,14,70,Trustful
3.64854941335058e-15,0.0,0.0,0.3333353762992684,0.666664623700728,-3.8190850188252217,0.367318334492832,0.8666666666666667,15,71,Envious
0.4000011599838197,0.4000023160239212,0.19999652399225903,0.0,0.0,-8.369082570526036,0.8049355947525447,0.7333333333333333,15,72,Trustful
0.4000021565103402,0.5999978434896519,0.0,4.0127677656403825e-16,7.650144081584817e-15,-7.506036353127388,0.7219280948926109,0.8,15,73,Trustful
8.318346012001557e-14,4.472533454701137e-13,8.68194405256619e-14,0.0,0.9999999999993827,-1.4999999583271035e-08,1.4426950008081094e-09,1.0,15,74,Envious
0.49999875734001314,0.20454573333234655,0.0,0.2954555093276358,4.536910482851944e-15,-9.82844220172521,0.9452963216061845,0.6,15,75,Undefined
0.3161260341535898,0.2654624359693574,0.08265859625750613,0.335752933619546,5.666168816993904e-16,-8.8491357368657,0.8511069495819633,0.8,15,76,Undefined
2.986499936240997e-14,4.787281682182595e-13,0.0,0.0,0.9999999999994913,-1.4999999583271035e-08,1.4426950008081094e-09,1.0,15,77,Envious
0.0,0.0,2.1094237467877113e-14,1.9706458687095724e-14,0.9999999999999591,-1.4999999583271035e-08,1.4426950008081094e-09,1.0,15,78,Envious
0.0,4.0504644595393975e-15,0.24999977376875285,0.0,0.750000226231243,-2.24934058947578,0.21634083424713105,0.9333333333333333,15,79,Envious
0.14051112957688286,0.19346319313564983,0.3852835963320906,0.28074208095537645,1.6543951064239453e-16,-9.591610695204881,0.9225179456073084,0.6,15,80,Undefined
1.2413722582901082e-08,0.5833337336980849,0.0,9.184766808967267e-16,0.4166662538881917,-8.150319210522975,0.7838950071122365,0.6666666666666666,15,81,Trustful
0.9333334281851513,3.2381361453987884e-14,0.0,1.0482530777644914e-14,0.06666657181480594,-10.36384963970763,0.9967916319816711,0.5333333333333333,15,82,Undefined
0.2666681565819189,0.7333318434180301,0.0,3.288335722424187e-14,1.8006971781724248e-14,-5.8901170084494705,0.5665095065563859,0.8666666666666667,15,83,Trustful
1.826414792517085e-21,0.2832393494079517,0.043228772219491035,0.021278565512944696,0.6522533128596126,-8.004849715076514,0.7699037991334878,0.7333333333333333,15,84,Envious
8.431403591956327e-16,0.0,0.4999980978307608,5.056884907866714e-15,0.5000019021692333,-1.3862943741343536,0.13333333458506008,0.9333333333333333,15,85,Envious
0.44444448261697417,1.6404995309242385e-16,0.0,1.3982481080095086e-16,0.5555555173830256,-9.5347115830378,0.7642045065086218,0.7777777777777778,18,86,Envious
0.0,0.24385115852105618,2.9426298770665095e-14,0.05277193054225118,0.7033769109366632,-8.671264719045002,0.6949994782445365,0.7777777777777778,18,87,Envious
0.5999996124558298,0.0,0.3250003018213159,0.0750000857228543,3.441918381167849e-17,-11.401148925813885,0.9137989453171236,0.6666666666666666,18,88,Undefined
2.728439812275076e-10,0.8888839728096984,0.11111602691741493,4.267925475072661e-14,0.0,-3.1394888726885846,0.2516291681974391,0.9444444444444444,18,89,Trustful
2.3392399128846576e-13,0.999999999999766,0.0,0.0,0.0,-1.7999999499925237e-08,1.4426950008081088e-09,1.0,18,90,Trustful
9.706187303998413e-16,0.0,0.33333310051841275,1.965878779768831e-14,0.6666668994815667,-1.9095425198848042,0.15304930687802343,0.9444444444444444,18,91,Envious
1.5649074955667604e-09,0.10230768451888103,0.5615997214275169,0.0,0.3360925924886945,-7.070309127184943,0.5666833286300941,0.8333333333333334,18,92,Optimist
0.11111107873131178,0.0,1.5275900390552395e-15,0.0,0.8888889212686867,-3.8620647931753536,0.3095434291503302,0.9444444444444444,18,93,Envious
6.963653053059449e-10,0.452510522781535,0.29658401619575414,2.3649675690267968e-15,0.2509054603263432,-9.828542842318639,0.7877550009876565,0.6666666666666666,18,95,Trustful
3.0270467364838642e-09,0.20088798470061256,0.4661881613107768,0.173919990975462,0.15900385998610192,-9.70407458587926,0.7777789045258128,0.7222222222222222,18,96,Optimist
0.0,0.38992208377452586,0.17728408613446994,1.1906670604306377e-16,0.43279383009100414,-9.393116553083887,0.7528557038681198,0.7222222222222222,18,97,Envious
0.0,0.11111078837185827,0.0,0.13888911299765802,0.7500000986304837,-7.638170020542708,0.6121972227835398,0.8333333333333334,18,98,Envious
0.7142857539663104,0.0,0.14285712624997052,0.14285711978371912,0.0,-11.897180578656954,0.9535557456327153,0.6111111111111112,18,99,Undefined
2.1396773242076788e-13,1.624533840781884e-12,0.0,0.0,0.9999999999981615,-1.7999999499925237e-08,1.4426950008081088e-09,1.0,18,100,Envious
1.4066485895247602e-09,0.36356614657381897,6.292987583400993e-19,0.23638680827337252,0.40004704374615996,-10.575357990204976,0.8476120293385664,0.6666666666666666,18,101,Envious
0.0,0.36363574569799106,0.036364055175944245,0.0,0.6000001991260648,-10.575357849971091,0.8476120180988592,0.6666666666666666,18,102,Envious
4.050914197201081e-15,0.0,0.20000000516525385,2.7631514163059995e-16,0.7999999948347418,-2.50201213069094,0.20053558295510268,0.9444444444444444,18,103,Envious
0.0,5.003087802803627e-15,1.0521595468482244e-15,0.24999401773751873,0.7500059822624752,-2.2493405918569698,0.19088897159660567,0.9411764705882353,17,104,Envious
1.4050988815524137e-09,0.20536167486195184,0.05460334571933761,0.05460317198769237,0.6854318060259194,-7.003218707217322,0.5943240528919558,0.8235294117647058,17,105,Envious
1.2496982496220386e-09,0.24690773861470008,0.007609749588698999,0.42494686414172955,0.3205356464051731,-8.65816796150185,0.7347703518377896,0.7647058823529411,17,106,Pessimist
0.7058823919736591,0.0,0.0,3.8276131396341225e-15,0.29411760802633724,-11.037222032805374,0.9366673818775716,0.6470588235294118,17,107,Undefined
0.28571416243841863,0.3571429148256355,0.3571429227359447,1.1805945218830438e-16,1.1144954588111072e-15,-9.802286033618428,0.8318652617692031,0.6470588235294118,17,108,Undefined
0.5000003432462053,0.14999970077537875,7.106521724168854e-17,0.2666662671672607,0.08333368881115515,-10.888999753454764,0.9240885849735491,0.6470588235294118,17,109,Undefined
5.928141248269428e-17,0.0,0.21654055856239598,0.35036764621552297,0.4330917952220811,-5.660533539370638,0.48037786270798066,0.8823529411764706,17,110,Envious
0.5454545580050042,7.421132407014382e-15,0.22727272219765157,0.22727271979733674,0.0,-10.604361884698754,0.8999329589909902,0.6470588235294118,17,111,Undefined
9.822284311669404e-10,0.37502089050906645,0.196404626128602,1.6628963393641728e-18,0.42857448238010315,-10.072862647748842,0.8548275876154663,0.6470588235294118,17,112,Envious
2.3207690425593476e-09,0.2596339125100484,0.02487884837317242,4.558293813438954e-15,0.7154872367960056,-6.438226103707536,0.5463762865847491,0.8235294117647058,17,113,Envious
4.159895376843508e-10,0.6247383564174701,1.3448499343154675e-14,9.556917305126483e-23,0.3752616431665268,-10.585014147767787,0.8982910246308297,0.6470588235294118,17,114,Trustful
3.177345218092394e-15,0.0,0.29653504911610373,0.13564212168631037,0.5678228291975826,-3.7529951930223837,0.3184957384384418,0.8823529411764706,17,115,Envious
6.583624814367318e-18,2.8856819723852747e-16,0.5352326810826075,0.14932582392430185,0.31544149499309043,-7.573236576412149,0.6426982854275717,0.7647058823529411,17,116,Optimist
2.2105397808802913e-16,0.44444444409308,0.555555555906919,0.0,9.05774217728151e-16,-6.182654197375911,0.5246873264756212,0.7647058823529411,17,117,Optimist
0.5000006250163107,8.051680979586359e-16,0.4166671451007511,0.08333222988293731,0.0,-10.227308671618534,0.8679345589520442,0.7058823529411765,17,118,Undefined
2.029162226216375e-20,0.42856004242966367,0.57143995660198,2.3285663022829267e-19,9.683563677763624e-10,-4.780356742496583,0.4056821744752906,0.8235294117647058,17,119,Optimist
2.195795910887929e-09,0.12462722433764498,0.0004628993407095057,7.549588655249705e-21,0.8749098741258496,-6.028327968807015,0.5115905214970659,0.8823529411764706,17,120,Envious
3.2500969239237214e-15,0.23076924084290082,0.0,0.0,0.769230759157096,-7.022653855055195,0.5959734053275231,0.8235294117647058,17,121,Envious
1.606768430057562e-09,0.19974166245638098,0.05153967599210499,3.700052928515589e-14,0.7487186599447087,-7.253384376905527,0.6155542158954758,0.8235294117647058,17,122,Envious
0.31859622354422246,0.32348151362629923,0.18263942122861732,0.1752828416008608,9.43990955841928e-17,-10.088127172235778,0.8561230025436328,0.7058823529411765,17,123,Undefined
4.09594786857196e-17,0.4545508964522668,0.0,0.21212004955421837,0.3333290539935148,-9.48864413190824,0.8052482255214224,0.6470588235294118,17,124,Trustful
4.833090626153021e-10,0.5000534559907444,0.299939518062282,2.7093505973989678e-24,0.2000070254636646,-9.433483983213014,0.8005670918168754,0.6470588235294118,17,125,Trustful
0.0,0.6666664388739617,0.3333334635887473,9.753729082653618e-08,0.0,-5.728627519654062,0.4861566184532329,0.8235294117647058,17,126,Trustful
0.4000009244341755,0.3833328854766887,0.21666619008913549,0.0,3.5649922684038993e-16,-10.652331309592592,0.9040038561326746,0.6470588235294118,17,127,Undefined
0.9999999999998017,0.0,8.890110869685826e-14,8.806844142838941e-14,2.134403764841836e-14,-11.783502069519662,1.0000000000000502,0.4117647058823529,17,128,Undefined
0.6666666382044981,0.2666665557994706,4.497469552006574e-16,0.0,0.06666680599603088,-8.63965917497733,0.9587994959008176,0.6153846153846154,13,129,Undefined
3.134405005596086e-09,0.5000125808360278,0.49998741602956714,0.0,8.905242700807762e-17,-6.931471813467398,0.7692307701039266,0.6153846153846154,13,130,Trustful
2.1675504861341029e-16,0.6666668164538176,0.3333331804926272,3.053554824635879e-09,1.3765406395560135e-16,-5.728627518180554,0.635743270121472,0.7692307692307693,13,131,Trustful
0.0,0.0,9.217626661949513e-14,0.0,0.9999999999999079,-1.2999999638834896e-08,1.4426950008081094e-09,1.0,13,132,Envious
0.0,0.7469458597357177,0.12652475639929472,2.1931981256986264e-15,0.12652938386498538,-6.727112327870601,0.7465516611478406,0.7692307692307693,13,133,Trustful
2.9226621123256615e-14,6.464273560879835e-14,0.5000000596045979,0.4999999403953083,0.0,-2.7725887312398094,0.3076923086910997,0.8461538461538461,13,134,Optimist
0.0,6.503011181284503e-15,5.987150685856022e-15,0.16666677829640772,0.8333332217035798,-2.7033672631981043,0.24375840901984214,0.9375,16,135,Envious
0.16666610522906342,0.0,0.0,0.1666685256332173,0.6666653691377193,-5.6913723751822145,0.5131821688454888,0.875,16,136,Envious
0.22222199085148986,0.4603177646352362,0.3174602445132736,1.1269603956628973e-16,0.0,-7.919845595491706,0.7141201228263865,0.75,16,137,Trustful
0.25000014456795105,2.1436083024730865e-14,7.381559882460892e-15,5.1924439312452955e-15,0.749999855432015,-6.028322580103625,0.5435644431996538,0.875,16,138,Envious
0.0,0.0,5.6371574075328906e-14,1.8177126470671049e-13,0.999999999999762,-1.5999999555489098e-08,1.4426950008081088e-09,1.0,16,139,Envious
1.0354397820819436e-16,4.585752678400449e-16,0.15151525793436724,0.3181817545897258,0.5303029874759064,-6.6178299051091525,0.5967193990967283,0.8125,16,140,Envious
4.808071181572395e-17,0.0,0.20000021508616406,0.200000220066762,0.5999995648470738,-5.004024242383358,0.42466358582203667,0.8823529411764706,17,141,Envious
0.09030353577412173,0.15484893567741587,0.22857436105597112,1.958699342209236e-15,0.5262731674924893,-9.784380968489602,0.8303457589063707,0.7058823529411765,17,142,Envious
0.33333463773024763,0.37878705323975803,0.28787830902999434,0.0,2.6183482465524938e-17,-10.282468876450928,0.8726156974206392,0.6470588235294118,17,143,Undefined
0.0,1.974199082899998e-14,4.762062636048608e-15,0.20000003429794833,0.7999999657020272,-2.502012129690964,0.21233179363230514,0.9411764705882353,17,144,Envious
0.1111143617804255,0.11111422473641488,0.2592571378277202,0.25925713782771986,0.25925713782771964,-2.703367253682908,0.6500224217649914,0.8333333333333334,6,145,Undefined
2.1485353914108255e-14,0.28570584992910025,0.46432176263046,2.263441535515169e-09,0.24997238517697673,-6.437227712962578,0.5462915587390657,0.8235294117647058,17,146,Optimist
0.17862796653362253,0.5470501355420003,4.0901865770194547e-16,0.030304559708342116,0.24401733821603452,-9.119842017832614,0.9397964894869935,0.6428571428571429,14,147,Trustful
1.3810346704325253e-16,0.4208306394928779,0.07149408582216013,0.5076752746849619,0.0,-7.545724858514488,0.6403635196053781,0.7058823529411765,17,148,Pessimist
0.35294138596261776,0.0,1.6455360717920697e-16,3.107374248320291e-16,0.6470586140373817,-7.921987368338366,0.6722948170756924,0.8235294117647058,17,149,Envious
0.5714287252061807,0.285711744546411,0.14285953024740802,1.367449990047342e-16,0.0,-8.968243853086992,0.9241743523093953,0.6428571428571429,14,150,Undefined
0.9999999999999372,0.0,1.0574874309554337e-14,0.0,5.226374888422786e-14,-11.090354888959334,1.0000000000000189,0.375,16,151,Undefined
3.860800568132577e-14,7.674416657718602e-13,0.0,0.0,0.999999999999194,-1.6999999527707167e-08,1.4426950008081088e-09,1.0,17,152,Envious
0.5333329399736152,5.163748639258906e-15,5.970877970247174e-15,0.3999996208256932,0.06666743920068038,-10.608270076159721,0.8502499239603565,0.7222222222222222,18,153,Undefined
4.752903204638818e-15,0.0,0.42857671508197753,0.5714232849180179,0.0,-4.780356744302718,0.38314427603809126,0.8333333333333334,18,154,Pessimist
0.22222282807330143,5.267474621089081e-14,0.7777771719266457,0.0,0.0,-6.278977725182936,0.5032583347763159,0.8888888888888888,18,155,Optimist
0.4444444331911479,8.91986679830979e-16,0.0,6.662227532345544e-16,0.5555555668088504,-9.534711583037799,0.7642045065086217,0.7777777777777778,18,156,Envious
4.253824695938961e-17,0.2537784444350603,0.2957232782774812,0.2462208849036796,0.2042773923837788,-7.660285007393924,0.6139697328868494,0.7777777777777778,18,157,Undefined
0.0,0.0,2.1385671011834909e-13,1.2143064331833578e-13,0.9999999999996647,-1.6999999527707167e-08,1.4426950008081088e-09,1.0,17,158,Envious
1.0,0.0,0.0,0.0,0.0,-12.476649250079015,1.0,0.6666666666666666,18,159,Undefined
0.2500048589761991,0.7499951410236947,0.0,1.0634445797920932e-13,0.0,-6.028322580535553,0.5435644432386001,0.875,16,160,Trustful
0.0,0.3622914532899837,0.041676990919171604,0.1920629754974519,0.4039685802933928,-7.941665520695328,0.7160875914441261,0.75,16,161,Envious
0.5333359669598183,0.46666403304018017,0.0,0.0,1.477889533842137e-15,-8.69872757133802,0.8366407419475639,0.7333333333333333,15,162,Undefined
1.988077430656872e-09,0.42586812094163823,0.0710511346472424,0.17357456199924715,0.3295061804237948,-9.531855184226085,0.808915306162043,0.6470588235294118,17,163,Trustful
0.0,0.228973159676925,0.1710307153919221,0.05551079534122531,0.5444853295899277,-7.845421018621404,0.6288083331806189,0.7777777777777778,18,164,Envious
0.5555555983893657,0.0,9.488429193824774e-16,1.7950711853368854e-15,0.44444440161063153,-10.635160432960514,0.8524051786494808,0.7222222222222222,18,165,Undefined
2.1939779274368316e-09,0.1179544728006762,0.3941842777681422,0.40321062280151926,0.08465062443568434,-7.303405083740035,0.5853659053286108,0.7777777777777778,18,166,Pessimist
4.262685366123379e-17,0.5833321778497469,1.104407011859176e-15,0.0,0.41666782215025194,-8.15031919393127,0.8398875059104841,0.6428571428571429,14,169,Trustful
6.245663286148566e-10,0.1692870874531878,0.61983619771608,0.0,0.2108767142061661,-5.207326815980236,0.4695365358564252,0.875,16,170,Optimist
0.7757586732829702,2.6998666973962476e-16,0.08271702929440795,0.05880632915522082,0.08271796826740092,-10.922358378685256,0.9848520167338274,0.625,16,171,Undefined
0.4615380089363113,9.721820652111232e-17,0.43589736173554006,7.090131636639484e-17,0.1025646293281485,-8.932196355942116,0.80540221168526,0.75,16,172,Undefined
0.7499998066964216,0.0,1.837520410895014e-14,0.0,0.25000019330356,-10.58501181052846,0.9544340029250323,0.625,16,173,Undefined
0.492856874274276,0.0,0.08569218519340656,0.34315520246215114,0.07829573807016627,-9.75970154120117,0.8800170633779564,0.6875,16,174,Undefined
2.9005449691985014e-12,0.2000000288946421,0.5499999741149525,0.0,0.24999999698750486,-7.00069327764142,0.6312415921523737,0.8125,16,175,Optimist
1.5753273812015746e-15,0.4999997168463494,0.4999998160859227,4.6706772261663576e-07,3.652890996015349e-15,-6.931471807600947,0.6250000001804716,0.8125,16,176,Optimist
0.0,0.33333331509505415,0.1666666524838587,1.0168285915496207e-15,0.5000000324210863,-8.501216239893115,0.7665414069261574,0.6875,16,177,Envious
1.081835973845861e-09,0.12675113586801837,0.54386323683439,0.0,0.3293856262157557,-4.923920672715557,0.44398224601608643,0.875,16,178,Optimist
5.190292640122042e-14,3.114730695585538e-13,0.0,5.3790305543082984e-14,0.9999999999995828,-1.5999999555489098e-08,1.4426950008081088e-09,1.0,16,179,Envious
5.773591907223846e-16,0.4285712360955526,0.0,0.5714287627298271,1.1746197186650335e-09,-4.780356739861529,0.4310373101423975,0.8125,16,180,Pessimist
0.5454487828736474,1.3790035194478911e-16,0.1272718440011504,1.2173557517938804e-17,0.327279373125202,-9.81053713676317,0.8846008297290773,0.6875,16,181,Undefined
2.304432123163191e-16,0.6666666618320168,1.763162294339025e-08,0.3333333205363588,1.388624683754847e-15,-3.8190850147688815,0.39355535796717284,0.8571428571428571,14,186,Trustful
0.3499523366196881,2.8273553203533863e-15,0.10969265183157052,0.19634917582663383,0.3440058357221047,-8.03155338990582,0.8276487318751479,0.7142857142857143,14,187,Undefined
4.625460197057577e-16,0.7499872963064481,0.2500126987078483,5.69823023291055e-17,4.985703154253111e-09,-4.498681179674045,0.46358750203258975,0.8571428571428571,14,188,Trustful
8.995582057025331e-14,3.409772464380012e-13,1.8735013540549517e-14,0.4999999403951304,0.5000000596044201,-4.158883093359714,0.3750000009016882,0.8125,16,190,Envious
1.5682105978262983e-09,0.366863249371215,0.21946628364102264,0.41366972813964975,7.372799020010609e-07,-7.0531865730775145,0.6359748307152221,0.75,16,191,Pessimist
1.928916728244004e-15,0.7777805005778602,0.22221949873392377,6.882137355002297e-10,4.793852387447596e-16,-4.767355797827068,0.4298650354798974,0.875,16,192,Trustful
0.0,0.5469166369558568,0.03317481945331681,0.41990854359082647,0.0,-6.176030802879324,0.5568830632307178,0.75,16,193,Trustful
0.0,0.19999935249951414,4.800276151953079e-09,0.8000006427002094,1.6457186553541554e-16,-2.502012141698434,0.2256025318170191,0.9375,16,194,Pessimist
2.0242475013597984e-15,0.7999999889292492,0.20000001107074378,0.0,5.115045898927995e-15,-5.004024241381883,0.4512050598456125,0.875,16,195,Trustful
0.0,0.9999999999987672,5.062616992289571e-13,2.0078383400341422e-13,5.258016244623554e-13,-1.5999999555489098e-08,1.4426950008081088e-09,1.0,16,196,Trustful
1.957785592530052e-16,0.4534164614729669,0.3073571159826774,0.23922642254435553,0.0,-8.199582789610247,0.7393435892455748,0.75,16,197,Trustful
8.944398075420359e-16,0.41990627099487726,0.03317609594310345,0.5469176330620183,0.0,-6.176030802813084,0.556883063224745,0.75,16,198,Pessimist
6.638260419133796e-13,0.7143695236748048,0.2856304742669904,2.057541075092558e-09,1.2613608074696358e-24,-4.187887247043826,0.4027896108741507,0.8666666666666667,15,199,Trustful
2.0627943797531152e-13,0.9999999999997937,0.0,0.0,0.0,-1.4999999583271035e-08,1.4426950008081094e-09,1.0,15,200,Trustful
4.599528121618111e-16,0.5000167483671198,0.49998324940284217,2.2300373751026348e-09,2.979027901165233e-16,-5.545177455198471,0.5333333343642743,0.7333333333333333,15,201,Trustful
0.0526445706550351,0.0984302740880242,0.3025180375348305,0.006901507129498413,0.5395056105926119,-7.794353900168399,0.7496583812470999,0.7333333333333333,15,202,Envious
7.421783134808123e-16,0.0,0.19999934105413014,0.4999996029169587,0.3000010560289104,-3.8883064868182458,0.3739760323992714,0.8666666666666667,15,203,Pessimist
4.996003610813196e-15,1.0103029524088907e-14,0.5000000298023148,0.49999997019766995,0.0,-5.545177451479553,0.5333333340065902,0.7333333333333333,15,204,Optimist
0.0,0.0,0.0,0.9999999999999969,3.053113317719171e-15,-1.4999999583271035e-08,1.4426950008081094e-09,1.0,15,205,Pessimist
2.1692111903901554e-15,0.0,0.33333810834843597,3.2523055330231014e-15,0.6666618916515585,-3.819085019076686,0.36731833451701784,0.8666666666666667,15,206,Envious
2.9998536996900374e-15,0.0,0.7500000004880581,0.2499999995119277,1.118906432717087e-14,-4.498681163950511,0.43268166705146616,0.8666666666666667,15,207,Optimist
1.2061651240928121e-11,0.5680199543959498,0.4319800443189848,1.2730036554059138e-09,2.8858282191041254e-16,-4.780522574785972,0.45978908076676406,0.8,15,208,Trustful
8.12291153857709e-17,0.372110778767076,0.04327994942870337,0.5846092718042202,4.710510046171451e-16,-6.719268941698067,0.646257065372469,0.7333333333333333,15,209,Pessimist
9.350759182126e-10,0.44443623512594255,7.667846603703385e-17,0.05556888359783384,0.4999948803411478,-8.95524291505344,0.8613123029002415,0.6,15,210,Envious
0.0,2.5276688913869334e-16,0.5555540164664641,0.4444459835335354,2.0144777798942795e-16,-6.182654195419081,0.5946456364841635,0.7333333333333333,15,211,Optimist
4.576492587554377e-10,0.8749997319934522,0.12500026754889762,0.0,9.701290499574414e-16,-3.014161297054117,0.289901037046628,0.9333333333333333,15,212,Trustful
2.6183098588088074e-09,0.8999922969157491,7.625526230582025e-15,0.10000770046593305,2.157306977447282e-16,-3.2508297437555376,0.31266373000603026,0.9333333333333333,15,213,Trustful
0.0,6.352386344971379e-16,0.40000001601888857,0.5999999743369232,9.644187641695874e-09,-6.7301166750925745,0.6473003967840117,0.7333333333333333,15,214,Pessimist
2.444650995504607e-10,0.14341725085823406,0.2574461378106141,0.0,0.5991366110866867,-6.235889275078658,0.5997657688459102,0.8,15,215,Envious
5.374905448333527e-13,0.5714664808245276,6.40302391768642e-09,0.42853351277191104,6.190961028718264e-17,-4.780356758980421,0.45977313265740605,0.8,15,216,Trustful
1.058674168676748e-09,8.717285604675775e-07,0.333327301613384,0.33332798334027774,0.33334384225910363,-7.114921879796398,0.6843108341529763,0.6666666666666666,15,217,Undefined
0.8000041097310453,0.0,2.7830033199824046e-14,0.0,0.1999958902689268,-10.09517500527105,0.970950594467384,0.6,15,218,Undefined
0.053694335586933366,0.6398216944369645,0.0,0.16666331290079103,0.13982065707531122,-8.431994767977734,0.8109864691042108,0.7333333333333333,15,219,Trustful
0.0,0.363752542918824,0.6362251906820845,2.2264978810464476e-05,1.4202811569986942e-09,-7.210300723017604,0.6934843397610403,0.7333333333333333,15,220,Optimist
0.0,0.20643947807256094,0.3207792920945484,0.47278122840445347,1.4284372137401307e-09,-6.539348607712333,0.6289523871327154,0.8,15,221,Pessimist
1.0616712464746504e-15,0.0,0.24999827345007775,6.201495497444459e-16,0.7500017265499206,-2.2493405895070318,0.2163408342501368,0.9333333333333333,15,222,Envious
0.7196033725339952,0.01937660746443253,0.05937108970325545,0.20164893029831418,2.6776801991003808e-15,-10.070431591896385,0.9685707811493643,0.6,15,223,Undefined
9.076073226309252e-15,7.12124803570081e-13,0.0,0.0,0.9999999999992788,-1.4999999583271035e-08,1.4426950008081094e-09,1.0,15,224,Envious
0.0,0.0,1.798561299892721e-14,0.0,0.999999999999982,-1.4999999583271035e-08,1.4426950008081094e-09,1.0,15,225,Envious
4.412060895345558e-10,0.14271800637778628,0.2568319485487403,0.3561372140489548,0.24431283058331252,-7.622174831243378,0.7330982553215664,0.7333333333333333,15,226,Undefined
1.4747069573113796e-15,0.35714283427663107,0.0,3.868238759670401e-15,0.6428571657233635,-9.124591857417192,0.8776002281887733,0.6666666666666666,15,227,Envious
2.6770663897465527e-09,0.2520959271143601,0.015543954928754374,4.224533236803913e-16,0.7323601152798187,-6.751336219523019,0.6957228059485644,0.7857142857142857,14,228,Envious
0.0,1.9048948565630032e-15,0.3999996372402612,0.33333287206586515,0.2666674906938718,-5.274600845933528,0.5435457487926452,0.7857142857142857,14,229,Undefined
4.678204375686114e-16,0.0,0.5324651678537465,0.30097344812335675,0.16656138402289627,-5.148190540899292,0.5305192116362056,0.7857142857142857,14,230,Optimist
0.22222638847356171,3.4680916992380073e-16,0.24444350052836974,0.28888661046969866,0.2444435005283697,-6.50454719783168,0.6702912846814263,0.7857142857142857,14,231,Undefined
0.07243824417373104,0.17846840639200623,0.017185932419383914,0.18297654667185365,0.5489308703430252,-8.130167015902632,0.8378108311029822,0.7142857142857143,14,232,Envious
5.974820336822028e-17,0.22347348805685546,0.5530540521509788,0.2234724597921652,4.75196550101223e-16,-4.698699123404966,0.6778789923965663,0.7,10,233,Optimist
0.6666667134391431,0.041666631913281266,0.0,0.29166665464757563,0.0,-9.111590915032744,0.9389462162661909,0.6428571428571429,14,234,Undefined
0.7142869069599069,2.090883889638293e-16,0.28571309304009257,0.0,1.5482407023092986e-16,-9.124591856427987,0.9402859586717484,0.6428571428571429,14,235,Undefined
0.20000062821784967,0.3999998375198203,0.39999953426232965,2.482762725825326e-16,0.0,-6.02341845615993,0.620711138278642,0.7857142857142857,14,236,Undefined
0.444445494610475,4.904717228770911e-15,0.17777701095990794,0.0,0.3777774944296122,-8.13241412657298,0.8380423950615851,0.7142857142857143,14,237,Undefined
0.0,0.04380049532269495,0.16326843914327374,0.7929310655340313,3.555566373406742e-17,-5.197420618110108,0.5355923536543932,0.8571428571428571,14,238,Pessimist
1.7381545262231812e-09,0.4293505748420982,0.2363384008215276,1.7938353711192325e-16,0.33431102259821954,-6.6899143611054335,0.689393305195619,0.7142857142857143,14,239,Trustful
2.4868885049551665e-08,0.19896516052961072,0.050849481395090976,0.05071046684412446,0.6994748663622888,-7.000711552278721,0.7214208456547563,0.7857142857142857,14,240,Envious
1.6598409222706045e-09,0.11105767901343094,0.3888839424707698,1.2745559357219057e-19,0.5000583768559583,-5.912077743203601,0.6092375172478464,0.7857142857142857,14,241,Envious
3.1922625452034446e-16,0.0,0.42857113023672583,4.49218756798909e-15,0.5714288697632693,-4.780356739904563,0.49261406873860325,0.7857142857142857,14,242,Envious
0.0,0.10000012378041692,0.0,0.0,0.899999876219583,-3.2508297369153345,0.3607658415555482,0.9230769230769231,13,245,Envious
1.3584407491771003e-14,3.627939475794508e-14,0.5876957409042315,0.0473808616982166,0.36492339739750207,-3.357172943269019,0.37256744282006304,0.8461538461538461,13,246,Optimist
0.0,0.0,2.0011770018868046e-14,0.0,0.99999999999998,-1.2999999638834896e-08,1.4426950008081094e-09,1.0,13,247,Envious
9.171580993343883e-17,0.14121328878963157,0.06501624783129036,0.7937704633790778,2.0732083311238499e-16,-5.362001100190527,0.5950563381912338,0.8461538461538461,13,248,Pessimist
0.0,0.15999991951289805,0.3999980382885354,0.1400024954362139,0.2999995467623527,-5.314818275293904,0.5898201514609653,0.8461538461538461,13,249,Undefined
1.2906342661267393e-14,2.5424107263915984e-14,7.327471962526003e-15,0.9999999999999543,0.0,-1.2999999638834896e-08,1.4426950008081094e-09,1.0,13,250,Pessimist
3.597654398047882e-10,0.1111045719961845,0.22226770433417123,0.0,0.6666277233098789,-5.049031380656394,0.5603240410896719,0.8461538461538461,13,251,Envious
1.857677097866029e-16,0.38157093761720107,0.1846808017563957,0.43374826062640287,2.622119148503023e-16,-6.026107759912503,0.6687565985452514,0.7692307692307693,13,252,Pessimist
0.0,1.3701021482378442e-16,0.7403124012164884,0.1298437906885339,0.1298438080949776,-2.2278070427065737,0.2472343209669447,0.9230769230769231,13,253,Optimist
0.0,4.137556723697528e-16,0.5714283382603073,0.42857166173969236,0.0,-4.780356738904077,0.5305074585305423,0.7692307692307693,13,254,Optimist
0.0,0.3750015032642714,4.021707026565859e-17,0.6249984967357285,0.0,-5.292505910302424,0.5873440023591412,0.7692307692307693,13,255,Pessimist
0.0,0.0,0.1999993649229133,6.863359199859658e-15,0.8000006350770797,-2.502012125697216,0.27766465276826363,0.9230769230769231,13,256,Envious
0.6666663205007343,2.5469264284400096e-16,0.0,0.16665751605157947,0.16667616344768593,-5.205379371236897,0.9387218756036477,0.625,8,257,Undefined
4.409393681068024e-10,0.25179371336767775,0.18840695443044583,0.3276147960011989,0.23218453575973824,-7.0280639840079875,0.7799502351368196,0.6923076923076923,13,258,Undefined
3.8043972364182645e-10,0.1428360701250055,4.82148581967246e-15,0.1071290019407241,0.750034927553826,-5.120154835201215,0.5276301420948887,0.8571428571428571,14,259,Envious
7.479067335608553e-16,0.800003245555134,3.582584302514122e-09,0.19999675086228083,2.7584367218431076e-23,-2.50201213339461,0.25783146407803,0.9285714285714286,14,261,Trustful
3.947273245002546e-15,6.938654417167144e-15,0.12500018253017345,7.451854583249154e-15,0.8749998174698083,-3.0141612980527115,0.2717822223212555,0.9375,16,263,Envious
0.0,8.51533473988744e-16,0.3070356112576061,0.06738222220489358,0.6255821665374995,-3.802336884073822,0.39182946903160687,0.8571428571428571,14,266,Envious
1.597313143109259e-16,5.83658962657733e-15,0.24999992655328737,0.6000001442758508,0.14999992917085578,-5.61439892052179,0.506241592513071,0.8125,16,270,Pessimist
8.588266087799647e-17,0.627430821033476,0.08281912486618145,0.28975005410034244,0.0,-5.687099914827605,0.5860536317258451,0.7857142857142857,14,272,Trustful
1.8001130312747454e-16,0.0,0.5000038602738234,0.166668027339154,0.33332811238702253,-4.089661620417316,0.4214381813349989,0.8571428571428571,14,275,Optimist
1.1219765798534176e-15,0.2222234592979501,0.11111246890810812,0.0,0.6666640717939406,-6.676898298488625,0.6880520045535355,0.7857142857142857,14,276,Envious
1.8872176663886934e-09,0.6666662743039243,7.36533279772997e-10,2.565922945772057e-16,0.3333337230723245,-7.638170021541887,0.7871107151103734,0.7142857142857143,14,277,Trustful
0.28571540034053927,0.0,0.0,0.19047470106381514,0.5238098985956455,-6.6898992378084285,0.7424218811102367,0.7692307692307693,13,278,Envious
1.7920793418753754e-16,0.0,6.816582680398315e-16,0.3333348813593716,0.6666651186406276,-3.8190850168012274,0.4238288472671134,0.8461538461538461,13,279,Envious
1.5604330172357787e-09,0.857132426415664,0.14286757202390238,6.5673691569801e-16,7.048769967305678e-17,-2.8708142371281427,0.3185930356321695,0.9230769230769231,13,280,Trustful
7.575365692042724e-16,0.0,0.20000241587282813,0.0,0.7999975841271711,-2.5020121247821328,0.3008033737222701,0.9166666666666666,12,281,Envious
3.699818229562964e-14,2.3225865675155947e-13,0.0,0.0,0.9999999999997307,-1.2999999638834896e-08,1.4426950008081094e-09,1.0,13,282,Envious
0.11641935042609591,0.1640112993602075,0.0,0.02777926464430679,0.6917900855693899,-7.016696370035262,0.778688696651805,0.7692307692307693,13,283,Envious
1.410971559755772e-16,0.0,8.807418167565004e-16,0.5714282687730642,0.42857173122693476,-4.780356738904609,0.5305074585306013,0.7692307692307693,13,284,Pessimist
4.873695421772696e-10,0.4006389427172581,4.812489740095857e-17,0.45538657528913423,0.14397448150623793,-6.235912345774645,0.6920399858974879,0.7692307692307693,13,285,Pessimist
0.20000350213915818,2.994994931313577e-13,0.5666615855355622,0.0,0.23333491232498013,-5.160372239046607,0.5726802644933552,0.8461538461538461,13,286,Optimist
5.455339875099184e-09,0.33333168052210954,0.0,0.6666683140225498,9.663878518596087e-16,-5.728627525619129,0.6357432709469792,0.7692307692307693,13,287,Pessimist
1.4137063814010115e-10,0.5454545450566932,0.0,3.1760673839543857e-16,0.45454545480193587,-7.5791016252432435,0.8411024868563008,0.6153846153846154,13,288,Trustful
1.788215188979711e-09,0.09091512070981617,1.794595060176076e-16,2.4890955815294334e-16,0.9090848775019683,-3.3509970752619003,0.37188206634721266,0.9230769230769231,13,289,Envious
1.385657764664405e-08,0.22222944360895489,8.020014825882497e-16,5.173394109634114e-16,0.7777705425344661,-4.767355799807487,0.68778405705355,0.8,10,290,Envious
7.059678573284993e-15,0.09090908650503289,1.392645619982829e-14,1.0067095985932082e-14,0.9090909134949361,-3.3509970728416776,0.37188206607862473,0.9230769230769231,13,291,Envious
4.840051661291798e-16,4.974369905707665e-06,0.3333271915840594,0.6666678340460327,1.7515095538008614e-15,-5.7286275160452576,0.6357432698845041,0.7692307692307693,13,292,Pessimist
0.15384619393888124,1.3970865717289226e-14,0.0,0.0,0.8461538060611048,-3.525461849544235,0.3912435636292847,0.9230769230769231,13,293,Envious
2.0794859275563252e-10,0.25000236713104906,0.4999998605950274,0.0,0.24999777206597507,-6.7480217365913555,0.7488721150147138,0.7692307692307693,13,294,Optimist
0.0,0.5628385392587139,0.021097199040010086,0.4160642617012756,3.7525493269143774e-16,-4.778597474759284,0.5303122214799801,0.7692307692307693,13,295,Trustful
0.0,1.0168150666985845e-14,0.0,0.4999999936154271,0.5000000063845627,-2.7725887312397814,0.3076923086910966,0.8461538461538461,13,296,Envious
0.0438704404344093,0.4118016126531287,0.3603742157032863,0.13252660618922843,0.051427125019947076,-7.964261808253643,0.8838462319314538,0.6153846153846154,13,297,Trustful
0.3333333830959514,0.0,0.5476190227031272,0.11904759420092131,0.0,-6.891254373294643,0.7647675776812741,0.7692307692307693,13,298,Optimist
6.545435374551515e-19,0.5555558195232531,1.5788328339685276e-09,0.44444417889791415,5.286822124385414e-18,-6.182654192403426,0.6861295802239833,0.6923076923076923,13,299,Trustful
0.0,3.2164699787476273e-15,0.1999993947620893,1.4756753972658364e-16,0.8000006052379075,-2.5020121256966634,0.27766465276820235,0.9230769230769231,13,300,Envious
2.87087899820223e-16,0.0,0.29999978995525417,0.19999997984089937,0.5000002302038461,-3.8883064848110487,0.4315108063917922,0.8461538461538461,13,301,Envious
8.245517028859607e-10,0.1995032930289673,0.05199423056691636,0.13590911983220036,0.6125933557473644,-6.6609520364212855,0.7392094208110948,0.7692307692307693,13,302,Envious
9.388076221505861e-11,0.49999999268612255,0.0,0.25000000360999725,0.25000000360999947,-6.931471807599454,0.8333333335737827,0.5833333333333334,12,303,Trustful
0.0,5.517731562097026e-15,0.24999946656887528,8.395387878726157e-16,0.7500005334311184,-2.2493405874782684,0.24962403929424348,0.9230769230769231,13,304,Envious
5.583975940280072e-10,0.24998819723746302,0.08332895649604229,0.5000218865755669,0.1666609591325303,-6.408223668172467,0.7111625005369,0.7692307692307693,13,305,Pessimist
2.770915207771049e-09,4.9976354909920026e-18,0.24541467941256015,0.39089027435647844,0.36369504346004616,-7.003088126327828,0.7771785008278108,0.6153846153846154,13,306,Undefined
4.494979624254075e-09,0.25001397099817585,0.37497584583355437,3.463668743161629e-17,0.37501017867329006,-7.5418464898381785,0.836968040771952,0.6923076923076923,13,307,Undefined
0.0,2.1427304375265278e-14,1.981748098955882e-14,0.0,0.9999999999999587,-1.7999999499925237e-08,1.4426950008081088e-09,1.0,18,308,Envious
0.0,0.38461533875734943,0.0,8.032906764787445e-16,0.6153846612426499,-8.661619756390849,0.6942264371450527,0.7222222222222222,18,309,Envious
0.0,0.0,0.44721363691143123,0.27639409368655043,0.27639226940201844,-5.274600847933911,0.42275780477683195,0.8888888888888888,18,310,Optimist
9.80185820636436e-16,0.0,9.742798876737969e-16,0.666666673177022,0.33333332682297606,-3.819085021768877,0.3060986123132932,0.8888888888888888,18,311,Pessimist
0.0,0.20055072975629837,0.5522612363068735,0.24718803393682817,6.9349738136779745e-19,-9.451052466192706,0.7574992513420904,0.7222222222222222,18,312,Optimist
4.986462870255898e-10,0.16730376956019347,0.1666112431713373,0.03238531176917786,0.6336996750006451,-7.114934421594608,0.6415425378927954,0.8125,16,313,Envious
0.27974189774714125,0.05978901690433766,0.6003763464986251,0.06009273884989586,0.0,-7.612168303700295,0.6863773413850355,0.8125,16,314,Optimist
8.583190615150712e-16,0.2075179019894348,0.020059023667751683,0.334774002599742,0.4376490717430706,-7.4083585226825,0.6680001313625956,0.8125,16,315,Envious
4.770729399373418e-15,0.0,0.0,0.3333333669820684,0.6666666330179267,-1.9095425178844458,0.17218047005740716,0.9375,16,316,Envious
1.2194203546908925e-16,0.3749996028019458,0.0,0.6250003961773588,1.0206952622749588e-09,-5.29250591066886,0.4772170019498432,0.8125,16,317,Pessimist
1.97232078678159e-09,0.5429760662215107,0.12575543730234623,7.214230064454174e-16,0.3312684945038217,-9.488809157136432,0.8555911196839072,0.625,16,318,Trustful
1.9734214262710555e-14,1.256772463875575e-13,0.0,3.230749001658943e-14,0.9999999999998224,-8.999999749962618e-09,1.4426950008081088e-09,1.0,9,319,Envious
0.8750009137327149,0.12499908626726194,0.0,0.0,2.317739641703709e-14,-10.965027316430328,0.9886994082891284,0.5625,16,320,Undefined
0.0,0.4160243693245016,0.3677833163531586,0.03686391201994146,0.1793284023023985,-8.521116860394535,0.7683358148329081,0.75,16,321,Trustful
0.4928561403202383,0.0,0.3431561813914942,0.08569273404596468,0.07829494424230285,-9.75970154120844,0.8800170633786119,0.6875,16,322,Undefined
2.6219862869591374e-09,0.29059848928913373,0.5401529698183158,8.245136436811637e-18,0.16924853827056413,-6.891803557448668,0.6214231759445069,0.8125,16,323,Optimist
0.5000004814256399,0.0,0.499999518574359,0.0,1.2129105228866889e-15,-8.997362313903409,0.8112781244593561,0.75,16,324,Undefined
0.0,6.455328188949016e-15,0.25000002512702946,0.399999962591482,0.3500000122814822,-5.614398920521537,0.5062415925130481,0.8125,16,325,Undefined
0.0,0.0,1.6726768875705269e-15,0.8333329797560959,0.1666670202439025,-2.703367261200527,0.27858103867397,0.9285714285714286,14,326,Pessimist
0.7500003818278645,0.12499890755550538,0.0,0.12500071061662996,0.0,-10.837683349757047,0.9772170014637113,0.5625,16,327,Undefined
1.208374013022807e-09,0.19999987830202254,0.022233385317028048,4.6708446030210725e-20,0.7777667351725754,-7.269367914384408,0.6554675650299833,0.8125,16,328,Envious
1.0337466799177511e-09,0.273528122721646,0.326725935304612,1.4272708449141955e-20,0.39974594093999527,-9.810555573551866,0.7863133263516032,0.7222222222222222,18,329,Undefined
3.0976486012372395e-17,2.672482134424641e-15,0.11111135028598049,9.73450096384033e-15,0.8888886497140072,-3.1394888715899043,0.2516291681093802,0.9444444444444444,18,330,Envious
0.0,0.0,6.01185767834486e-14,0.0,0.9999999999999398,-1.7999999499925237e-08,1.4426950008081088e-09,1.0,18,331,Envious
0.0,4.932864474490024e-16,0.9000000485765626,0.099999951423437,0.0,-3.2508297419144228,0.26055310819079375,0.9444444444444444,18,332,Optimist
0.0,0.31941864312291307,0.217059888100375,0.28058389716838594,0.18293757160832597,-9.311425168264723,0.7463081618813443,0.7222222222222222,18,333,Undefined
0.23770757797721295,0.2578563986113397,0.14319784742778602,0.3612381759836613,0.0,-9.346399748703817,0.749111364867825,0.7777777777777778,18,334,Undefined
5.466883714127515e-10,0.170452350946011,0.16100922295195016,3.1083782638996934e-14,0.6685384255553194,-8.432371724250894,0.6758522705282823,0.7777777777777778,18,335,Envious
0.11111112125522479,1.3327005821320398e-15,0.0,1.278779735259252e-15,0.8888888787447726,-3.8620647931753522,0.30954342915033006,0.9444444444444444,18,336,Envious
1.3033683493201282e-09,0.1111228531748546,3.1370472501540055e-13,0.2639333811010506,0.6249437644204128,-8.431994829105609,0.6758220624862247,0.7777777777777778,18,337,Envious
2.653144412461874e-10,0.5294060189128507,1.6504061771943575e-14,9.006967196275868e-20,0.47059398082181836,-11.754073321617446,0.9420857384079309,0.5555555555555556,18,338,Trustful
5.745453179328777e-16,0.18182099322137962,0.8181790067786172,2.1524463153786244e-15,4.508051997974948e-16,-5.215532450928444,0.4180234890305516,0.8888888888888888,18,339,Optimist
4.575646907940433e-09,0.16663964006504411,0.0,0.6667097018321206,0.1666506535271883,-5.406734539148294,0.45883935923719527,0.8823529411764706,17,340,Pessimist
0.0,0.1250015958695573,0.07499799373035757,0.0,0.8000004104000852,-5.516173409838203,0.5305437348704759,0.8666666666666667,15,341,Envious
1.249039019185927e-16,0.36363552110414676,1.5599506482549595e-15,0.0,0.6363644788958515,-7.210299514932196,0.8001741041166752,0.6923076923076923,13,342,Envious
0.1666657206282771,1.3845498911865111e-15,0.0,0.2499996994338893,0.5833345799378321,-5.35157430158,0.5147126470558857,0.8666666666666667,15,343,Envious
0.0,3.8046994924213557e-16,0.38009427821608993,0.12863883544826502,0.4912668863356446,-6.341055598884945,0.6098806311008338,0.7333333333333333,15,344,Envious
0.5000015704370897,6.112189747387031e-16,3.239914575774855e-15,0.41666594894766057,0.0833324806152459,-8.657564240329913,0.8326816663801061,0.7333333333333333,15,345,Undefined
0.0,0.0,0.17942381874542623,0.29904182887454905,0.5215343523800249,-4.524709171417535,0.43518503220459254,0.8666666666666667,15,346,Envious
0.1333334876237551,0.0,5.4125998252612175e-15,6.735980385128796e-15,0.8666665123762326,-3.6739504019204934,0.353359335021514,0.9333333333333333,15,347,Envious
6.843271316770859e-10,0.28570763906630564,0.04797141588763492,3.055593226462661e-16,0.666320944361732,-8.006973745635682,0.7701080876904485,0.7333333333333333,15,348,Envious
0.0,0.0,0.500000132292823,0.28571428912911884,0.2142855785780582,-6.960475846336724,0.6694562657158268,0.7333333333333333,15,349,Optimist
1.8152146452620205e-14,1.1274314815067779e-13,0.0,0.0,0.999999999999869,-1.4999999583271035e-08,1.4426950008081094e-09,1.0,15,350,Envious
4.1604565990107395e-16,1.879090486052352e-16,0.4545458812636924,0.5454541187363041,2.983716917246677e-15,-7.579101627247286,0.7289554888015422,0.6666666666666666,15,351,Pessimist
0.0,0.17325821176732187,0.4322822493672607,0.3944595388654175,0.0,-6.757542820958201,0.6499382344260809,0.8,15,352,Optimist
0.0,0.0,0.428576215563508,0.42857621556350567,0.14284756887298627,-4.087209560670853,0.3931064642835866,0.8666666666666667,15,353,Optimist
2.557434376821271e-09,0.6671832872775866,1.0254333916653031e-21,0.08275070658594316,0.2500660035790358,-6.068429246093173,0.5836595186216115,0.8,15,354,Trustful
0.0,0.7499942584147199,4.289505261079334e-05,0.2499628465326694,0.0,-4.498681167926778,0.4326816674339022,0.8666666666666667,15,355,Trustful
1.4811312340582828e-16,0.31776046609993047,0.24643559968720302,0.4358039342128664,0.0,-6.801268314363507,0.6541437379258314,0.8,15,356,Pessimist
0.0,1.281947743003991e-15,0.46352221284251227,0.319414472852367,0.2170633143051193,-5.946366835002368,0.5719195962776346,0.8,15,357,Optimist
0.6666670376682672,7.628988586694224e-15,0.0,0.0,0.33333296233172516,-9.547712524423389,0.9182958340546047,0.6666666666666666,15,358,Undefined
0.13333376410402986,2.869265045039589e-14,0.0,0.8666662358959413,2.5324929870187697e-16,-3.6739504019254636,0.353359335021992,0.9333333333333333,15,359,Pessimist
0.033481067241805385,0.09437129345679011,0.0,0.03174537998092186,0.8404022593204827,-6.010303090629623,0.5419396539431854,0.875,16,360,Envious
0.0,0.16840703983390914,0.2169540647140632,0.3073194477260137,0.30731944772601383,-7.940013157545909,0.7159386004365377,0.75,16,361,Undefined
7.941822108037418e-10,0.11134189675287737,0.0,0.05520611678696099,0.8334519856659794,-5.842858844818721,0.5268414675021367,0.875,16,362,Envious
0.2302639222761582,0.44736806229805404,0.0,1.4006917980623347e-15,0.3223680154257863,-10.96502731642336,0.9886994082885,0.5625,16,363,Trustful
5.073719222536066e-14,1.188604770163482e-12,2.2354340600823566e-13,0.0,0.9999999999985372,-1.5999999555489098e-08,1.4426950008081088e-09,1.0,16,365,Envious
0.9999999999996432,0.0,9.531264666405905e-14,1.5487611193519205e-13,1.0680345496892813e-13,-11.090354888960148,1.0000000000000921,0.4375,16,366,Undefined
6.752290381810927e-10,0.22403708795769922,0.028547096919420093,5.074066167232161e-24,0.7474158144476517,-7.0168527044291995,0.6326986624580199,0.8125,16,367,Envious
0.1428571947542737,8.135839469928802e-15,0.42856668342832105,0.0,0.4285761218173972,-4.988755328822826,0.4498282858188176,0.875,16,368,Envious
1.2018164241567312e-14,7.382983113757286e-15,0.9999999999999807,0.0,0.0,-1.5999999555489098e-08,1.4426950008081088e-09,1.0,16,369,Optimist
1.2007502045260384e-15,0.777777903501248,1.519008217554993e-08,0.2222220813086672,1.3162995497683958e-15,-4.767355796689332,0.4298650353773095,0.875,16,370,Trustful
1.180105271701969e-08,0.20000098466819416,0.04999821048548589,0.0,0.7500007930452672,-7.000693292371931,0.6312415934806009,0.8125,16,371,Envious
1.285638262515306e-13,1.0936529459820943e-12,0.0,0.0,0.9999999999987779,-1.5999999555489098e-08,1.4426950008081088e-09,1.0,16,372,Envious
1.113397779020768e-15,0.0,7.878348380736354e-16,0.2857142565031868,0.7142857434968112,-4.187887129096815,0.37761524955941833,0.875,16,373,Envious
2.0520479258836842e-15,0.0,0.7142856282940477,0.2857143717059502,0.0,-4.187887129096924,0.37761524955942816,0.875,16,374,Optimist
6.580846978464626e-14,4.2765790908554603e-13,0.0,0.0,0.9999999999995066,-1.5999999555489098e-08,1.4426950008081088e-09,1.0,16,375,Envious
0.18181745281520836,2.0554138990684888e-14,0.30909085517913787,7.624306855618238e-15,0.5090916920056255,-6.716055405898734,0.6055762392766011,0.8125,16,376,Envious
0.20000001659616054,0.0,0.0,0.06666675324967057,0.733333230154169,-5.954196987112546,0.5368806541114548,0.875,16,377,Envious
0.0,0.0,2.2679080835520707e-13,2.0008994461298344e-13,0.9999999999995732,-1.5999999555489098e-08,1.4426950008081088e-09,1.0,16,378,Envious
9.086357140917624e-10,0.363543773375991,9.050474449933505e-16,0.3864154087994225,0.2500408169159499,-9.45964031593418,0.7581875651328639,0.7222222222222222,18,379,Undefined
1.9116624681142044e-09,0.2727327540728757,0.22726904583370539,1.1225103624907129e-18,0.49999819818175634,-9.218067527438196,0.7388255726897042,0.7222222222222222,18,380,Envious
0.599999883294611,0.0,0.033333596321177175,0.09999867048581754,0.26666784989839437,-11.38324386050013,0.912363859265182,0.6666666666666666,18,381,Undefined
0.0,0.0,1.998401444325225e-14,8.382183835919694e-15,0.9999999999999716,-1.7999999499925237e-08,1.4426950008081088e-09,1.0,18,382,Envious
3.613554152490585e-18,0.4545426275923272,8.099222927041376e-10,0.5454573715977503,2.4550152146029175e-16,-7.579101629529555,0.6074629075175417,0.7222222222222222,18,383,Pessimist
0.33333738422790093,0.5833303138521271,4.816161575452169e-16,0.0,0.08333230191997151,-9.45138898874376,0.7575262235318433,0.7777777777777778,18,384,Trustful
6.000477240657897e-09,0.2956376454084735,0.3538262165666363,0.271061273424867,0.0794748585995461,-10.121808214603842,0.8112601397798964,0.6666666666666666,18,385,Undefined
1.8281556098719404e-09,0.2687544567001684,0.22656089274519453,7.609591930537042e-15,0.5046846487264738,-10.08527634227821,0.8083321202777533,0.7222222222222222,18,387,Envious
2.988062322849798e-12,0.8889784092160198,4.483709265780706e-09,0.11102158629727785,4.948914634490744e-15,-3.139489234143182,0.2516291971679255,0.9444444444444444,18,388,Trustful
5.6113440874495e-11,0.6292451901073142,0.37075480904384717,8.853634010651278e-15,7.927163550179843e-10,-7.211497326196093,0.5779995238826179,0.7777777777777778,18,389,Trustful
0.22222149230994995,2.885423843362041e-15,0.3333336177079887,2.657741595005721e-15,0.4444448899820559,-9.322143051969398,0.7471671973074309,0.7222222222222222,18,390,Envious
0.0,0.18296055833910937,0.38494433933822075,0.43209510232266984,9.405833066208371e-17,-8.011188840768737,0.6420945784556701,0.7777777777777778,18,391,Pessimist
2.0738528322683386e-15,0.3636364923429506,0.6363635033395936,4.317451722276109e-09,1.9607199838085846e-15,-7.210299517920262,0.5779035198793137,0.7777777777777778,18,392,Optimist
0.0,0.16666649033748426,0.08333321173760344,3.711425342478324e-07,0.749999926782378,-7.656075086873329,0.6136323089169828,0.8333333333333334,18,393,Envious
0.0,3.7381029986419074e-16,0.4285713573230839,5.926191243273366e-16,0.5714286426769153,-4.7803567429033755,0.40568217450981275,0.8235294117647058,17,394,Envious
0.1259656510926078,0.3814616507182433,0.33333339101301274,8.555240290340511e-16,0.15923930717613544,-10.95000998089503,0.8776402831734398,0.6666666666666666,18,395,Undefined
0.24999942142822767,0.0,0.16071566144279076,0.0,0.5892849171289817,-7.202048410171607,0.6926906350397881,0.8,15,396,Envious
1.9175375531374808e-09,0.36996679989341147,2.127340831666718e-22,0.428199893000574,0.20183330518847697,-7.795004230593812,0.7497209298124122,0.7333333333333333,15,397,Pessimist
0.0,0.18471287670329492,0.3771265655965269,0.43816055624125155,1.4589264668507326e-09,-7.278106090923912,0.7000058376293125,0.7333333333333333,15,398,Pessimist
0.2857142828782403,1.3844584116282088e-15,1.0511636100262031e-14,0.23214290138041938,0.48214281574132845,-8.163320133282843,0.7851454315650793,0.7333333333333333,15,399,Envious
7.759291938913508e-09,0.09090917016582797,0.0,0.0,0.9090908220748801,-3.3509970863605587,0.32229779190171626,0.9333333333333333,15,400,Envious
5.182196169260223e-17,0.2857120752412555,0.214296916533706,2.4691136600085023e-09,0.4999910057559248,-8.346770206251142,0.8027895989332182,0.6666666666666666,15,401,Envious
0.39999993710066006,1.549703358802615e-14,0.6000000628993245,0.0,0.0,-7.50603635307298,0.7219280948873779,0.8,15,402,Optimist
0.6666673604085205,0.08333279040243638,2.3512143837792214e-15,1.6595747128964058e-16,0.2499998491890407,-10.059861696784514,0.9675541721319901,0.6,15,403,Undefined
1.0042409352954916e-09,0.49993538065448717,1.1254611473462612e-20,0.16669938220947209,0.33336523613179986,-9.364262535798098,0.9006516747985484,0.6,15,404,Trustful
0.0,0.0,0.5555555646254913,3.253820432240225e-17,0.4444444353745086,-6.18265419537591,0.5946456364800113,0.7333333333333333,15,405,Optimist
4.569438669318324e-15,0.0,0.7500040379048971,0.0,0.24999596209509825,-2.2493405896491514,0.21634083426380582,0.9333333333333333,15,406,Optimist
0.7272710433749132,1.582636592714929e-15,0.1363694917663808,0.0,0.13635946485870443,-9.98288823537303,0.9601508900614297,0.6,15,407,Undefined
2.2012046808288411e-10,0.6923077319150451,4.202191138143562e-15,4.181022390282994e-21,0.30769226786483017,-8.024143008494505,0.7717594217159247,0.7333333333333333,15,408,Trustful
3.819137078460571e-10,0.2013541978498046,0.6535581906706398,7.369847367035682e-15,0.14508761109763466,-5.372995889234398,0.5167729682743502,0.8666666666666667,15,409,Optimist
0.3333326864138681,0.1666667575668903,8.307461977444947e-16,2.7867434786643316e-15,0.5000005560192381,-8.431994767854503,0.8109864690923586,0.7333333333333333,15,410,Envious
1.4969028733286464e-09,0.16497720176872552,3.8676301506005865e-22,0.2611074354616015,0.57391536127277,-7.483874443912239,0.7712106104905597,0.7142857142857143,14,411,Envious
0.0,0.4000002516428824,1.5557236458219742e-15,0.0,0.5999997483571161,-10.095175006140826,0.9102661823915988,0.625,16,412,Envious
1.2525857612030272e-15,0.5384614649737867,0.0,3.715345571353367e-15,0.4615385350262083,-8.972413791244598,0.8090285550895203,0.625,16,413,Trustful
1.3381164086835634e-09,0.29554461444110236,0.2138182870847434,3.718896720025453e-15,0.49063709713603426,-6.962812497307533,0.6278259412815799,0.75,16,414,Envious
0.0,0.3132832735498432,6.547219417204793e-15,0.1501450885290103,0.5365716379211399,-8.017471976013907,0.7229229412663438,0.6875,16,415,Envious
1.5668348990987388e-08,0.3846029281868974,1.0466730609740558e-25,0.0,0.6153970561447536,-8.661619779149142,0.7810047438402641,0.6875,16,416,Envious
0.0,0.32092134830071006,0.1330679925374248,0.23721386178326131,0.30879679737860394,-6.623656912158949,0.7350705369016631,0.6923076923076923,13,417,Undefined
1.3872938948592e-09,0.37500582194623766,0.2916615829133908,1.409035970684885e-16,0.3333325937530774,-9.111590917618715,0.82157793946609,0.6875,16,418,Undefined
4.607418826719073e-17,0.05703470022764805,0.3186038046777696,0.6243614950945823,0.0,-5.714550247568562,0.5152720814423727,0.8125,16,419,Pessimist
0.6666608647364187,0.0,0.16667115359070828,0.0,0.16666798167287317,-10.410758742025028,0.9387218755631832,0.625,16,420,Undefined
3.4056189609654877e-15,0.0,9.129156785271595e-15,0.3333333764017359,0.6666666235982516,-1.9095425178844507,0.1721804700574076,0.9375,16,421,Envious
1.3131641815289311e-09,0.5001245685832226,0.28571383687868496,0.21416159322492828,3.7536843380154236e-18,-5.57418155029012,0.5026152549761445,0.8125,16,422,Trustful
8.992806499463768e-15,3.3306690738754696e-15,2.3869795029440866e-15,1.5654144647214707e-14,0.9999999999999696,-1.5999999555489098e-08,1.4426950008081088e-09,1.0,16,423,Envious
5.539847752153446e-14,0.12500305018468907,0.8749969458899396,3.92530892126556e-09,6.8196957644660105e-15,-3.0141612966357094,0.27178222219348663,0.9375,16,424,Optimist
0.19999746275738206,1.557766642357181e-14,0.400001284135489,0.40000125310711326,0.0,-7.409712817363697,0.6681222460013747,0.75,16,425,Optimist
4.0181116909606935e-10,0.27241695241934083,2.986543304328556e-22,0.060105546511772585,0.6674775006670755,-10.264575366474054,0.822702887669063,0.7222222222222222,18,426,Envious
0.0,0.0,0.28571429607057414,0.7142857039294177,8.269275094708198e-15,-4.187887131096822,0.3356579997686719,0.8888888888888888,18,427,Pessimist
0.0,0.4253228861962793,0.11430716768251016,0.4603699461212102,3.859378333761582e-16,-8.878896121038984,0.711641077910622,0.7777777777777778,18,428,Pessimist
1.2513198660450298e-16,0.5454518242031046,0.4545481693058488,6.4910466394204344e-09,0.0,-7.579101642851295,0.6074629085852755,0.7222222222222222,18,429,Trustful
0.0,0.29455788890002216,8.99882780155413e-17,0.1346607577780803,0.5707813533218975,-9.415993138075697,0.7546892558525732,0.7222222222222222,18,431,Envious
0.28571421043519324,0.675324575282639,0.0,0.03896121428216775,0.0,-8.086346671655814,0.6481184578948233,0.8333333333333334,18,432,Trustful
0.2472890402448314,0.2392854383926509,0.024899816741864533,0.4885257046206527,3.49613272495686e-16,-8.302872557877425,0.7486570665239265,0.75,16,434,Pessimist
4.453954768546934e-16,3.737409933120556e-15,0.4285710465061623,0.14285790698767706,0.42857104650615657,-2.870814237035548,0.25885684144278864,0.9375,16,435,Optimist
1.4025318356634687e-09,0.749873479492499,0.04996643779116204,1.229681964401892e-14,0.2001600813137946,-7.000694019302994,0.6312416590268409,0.8125,16,436,Trustful
1.0440821595273955e-08,0.5000036267246037,0.4999963628345743,0.0,4.497765583227841e-16,-4.158883135722066,0.3750000047214354,0.8125,16,437,Trustful
0.7500000946918056,0.0,3.118029922796747e-16,1.8119051181306172e-16,0.24999990530819383,-10.585011810527792,0.9544340029249722,0.625,16,438,Undefined
0.0,0.9999999999999749,2.5118795932143536e-14,0.0,0.0,-1.4999999583271035e-08,1.4426950008081094e-09,1.0,15,439,Trustful
0.0,0.47922696303851325,0.0,0.20276381023265252,0.31800922672883425,-8.725025305637734,0.8391700493382848,0.6666666666666666,15,440,Trustful
0.49999900901303856,0.2500005779256181,0.16666663353131156,6.893154124755495e-18,0.0833337795300317,-9.704060527841978,0.9333333333335974,0.6,15,441,Undefined
7.860529832448689e-16,0.0,8.197150344144887e-18,0.42857037201403964,0.5714296279859596,-4.780356740919255,0.4597731309202891,0.8,15,442,Envious
0.0,0.0,1.193489751472029e-14,0.0,0.999999999999988,-1.4999999583271035e-08,1.4426950008081094e-09,1.0,15,443,Envious
2.3504577956197634e-14,0.8571075050382001,0.14289249292355388,2.0382177829405614e-09,4.757168588070661e-15,-2.8708142708319,0.2761139674561632,0.9333333333333333,15,444,Trustful
3.3263829881021575e-16,0.4444439869319781,0.5555560123849661,6.830554492455303e-10,6.862256825850368e-18,-6.18265419476497,0.5946456364212513,0.7333333333333333,15,445,Optimist
0.9333339356154507,0.06666606438454467,0.0,2.314934674846926e-15,2.4362216865831934e-15,-10.363849639710004,0.9967916319818996,0.5333333333333333,15,446,Undefined
0.0,0.7499999946254758,0.2500000053714786,2.822816854711139e-15,3.0428486986318313e-12,-4.498681163950471,0.4326816670514623,0.8666666666666667,15,447,Trustful
0.0,0.29653511545252204,0.5678216514401492,0.036798242574483706,0.09884499053284512,-5.662537692901142,0.544621003226354,0.8,15,448,Optimist
5.071265094740866e-09,0.14285834579806364,5.143348708937508e-15,0.1070618983548156,0.7500797507758505,-5.120154884534098,0.4924548040333831,0.8666666666666667,15,449,Envious
0.18181836318098146,0.0,0.0,0.1590908727694159,0.6590907640496027,-5.600337649317442,0.5386386235982686,0.8666666666666667,15,450,Envious
5.244353398734865e-24,7.628887170801496e-16,0.4986262890141925,0.5013737106066741,3.7913262026603555e-10,-5.5452076448993095,0.5333362379997202,0.7333333333333333,15,452,Pessimist
1.3401601468697352e-16,0.7142856929473366,0.28571430705266293,1.8907904344869843e-16,1.5682180459512421e-16,-4.1878871280968095,0.402789599433866,0.8666666666666667,15,453,Trustful
0.500001490956766,0.08333225185414117,0.0,0.16666674271512255,0.2499995144739703,-9.364262454256922,0.900651666955945,0.6666666666666666,15,454,Undefined
1.1430289418714167e-19,0.1999975843467322,1.6206094174195161e-09,0.30000354796515893,0.4999988660674995,-6.660895204967378,0.6406426986725008,0.7333333333333333,15,455,Envious
0.5333359359591766,0.4666640640408234,4.8165681512668534e-17,0.0,0.0,-8.698727571336459,0.8366407419474137,0.7333333333333333,15,456,Undefined
1.34496010067246e-17,0.22222240494860016,0.7777775856150076,9.436392237499052e-09,5.970970577897483e-17,-4.767355799889945,0.4585227047102974,0.8666666666666667,15,457,Optimist
0.9999999999997037,9.794942634755445e-14,1.141031713558505e-13,3.155808947497008e-14,5.276334924531057e-14,-10.39720770840043,1.0000000000001203,0.26666666666666666,15,458,Undefined
9.534432054258835e-17,0.04650196465311488,0.3056442640072643,0.6478537713396207,2.864545531526249e-17,-5.716952237844142,0.5498545761691204,0.8,15,459,Pessimist
2.972622148433856e-14,0.9999999999998357,2.2148949341271867e-14,7.061018436615994e-14,4.168887457467462e-14,-1.4999999583271035e-08,1.4426950008081094e-09,1.0,15,460,Trustful
7.271960811294764e-15,1.3461454173580003e-14,0.4999999701976681,0.0,0.5000000298023112,-4.158883092359682,0.40000000086561804,0.8,15,461,Envious
0.7499991536213317,0.05357123560001105,0.19642961077865148,5.7730833907619865e-15,1.766583306377908e-18,-10.072862638175668,0.9688045983767839,0.6,15,462,Undefined
0.0,2.775557561562888e-16,0.49999999999999917,0.5,5.551115123125776e-16,-6.931471810599452,0.6666666671475648,0.6666666666666666,15,463,Pessimist
0.606093008350081,0.04295941023674681,0.0,0.1607617330613288,0.19018584835184343,-9.876710522102188,0.9499387527021782,0.6666666666666666,15,464,Undefined
0.6666669429087266,0.16666652628974937,0.16666653080152388,0.0,1.9272036702784075e-16,-10.227308671603911,0.9836591668109104,0.5333333333333333,15,465,Undefined
5.041927785067081e-16,0.49999963687125093,1.9242984823846064e-16,0.0,0.5000003631287484,-8.31776616972251,0.8000000002888437,0.6,15,466,Envious
5.864013735821296e-16,0.0,0.571427275849152,0.42857272415084746,0.0,-4.780356742927287,0.4056821745118421,0.8235294117647058,17,467,Optimist
0.285715223984741,0.0,0.0,0.1571420371311727,0.5571427388840864,-8.97945724857708,0.7620363789645066,0.7647058823529411,17,468,Envious
0.40000003703080067,0.37142854594084035,1.4046605709366975e-15,0.22857141702835534,2.253394783865558e-15,-9.784380968285204,0.8303457588890246,0.7058823529411765,17,469,Undefined
0.9999999999990976,6.214473380339312e-14,3.1410984924207236e-13,4.4739212334832236e-13,7.868705687030796e-14,-11.78350206952239,1.0000000000002818,0.35294117647058826,17,470,Undefined
0.0,9.404199302542219e-16,0.6153843980071682,0.38461560199283085,1.4026137939061346e-16,-8.661619755392085,0.7350632863041199,0.7058823529411765,17,471,Optimist
3.3835674771020154e-09,0.5262553620788744,2.0490672002982366e-16,0.0563758105774599,0.4173688239600981,-9.566363620313066,0.8118438443744854,0.6470588235294118,17,472,Trustful
0.7058823809448429,0.2941176190551537,1.350513566266991e-15,2.1574801610502674e-15,0.0,-11.03722203280529,0.9366673818775646,0.6470588235294118,17,473,Undefined
0.0,0.0,2.842170943040311e-14,3.1641356201815963e-15,0.9999999999999685,-1.6999999527707167e-08,1.4426950008081088e-09,1.0,17,474,Envious
0.0,1.0573976101555578e-14,9.205066770686405e-18,0.2499997623050501,0.7500002376949392,-2.2493405914758355,0.19088897156426093,0.9411764705882353,17,475,Envious
4.8771735059808654e-15,0.0,0.20000054802149012,0.0,0.7999994519785049,-2.5020121296956317,0.21233179363270127,0.9411764705882353,17,476,Envious
6.012199349211128e-10,0.004935908997223547,0.4180314438196175,0.24020873883459773,0.33682390774734133,-7.310546633242834,0.6204052572921732,0.7058823529411765,17,477,Optimist
2.0815407081131095e-09,0.18176935193308072,2.936565394686511e-14,2.4011215925274954e-14,0.8182306459853251,-5.215532538044532,0.44261311342540444,0.8823529411764706,17,478,Envious
6.992448332630473e-10,0.14305909800974845,0.2858117429983705,1.697256701502201e-19,0.5711291582926364,-7.651173407878752,0.7358873288352124,0.7333333333333333,15,479,Envious
0.0,2.2736641998705194e-14,0.3999998190982951,0.6000001739019825,6.9996997257510805e-09,-3.365058350212943,0.346768071011015,0.8571428571428571,14,480,Pessimist
3.2524516154361427e-16,0.33333521557706025,0.6666647778575999,6.565339419629334e-09,4.632340670641277e-23,-5.728627534421354,0.5509775023339771,0.8,15,481,Optimist
2.416284696289299e-10,0.22223870149510117,0.11156009082662373,1.0349180732524516e-14,0.6662012074366362,-6.676899768196257,0.6421820122726273,0.8,15,482,Envious
5.180714217560312e-16,8.381012302857618e-17,0.24999930720046912,0.33333397621351774,0.41666671658601256,-6.4082236658479355,0.6163408335750741,0.8,15,483,Envious
0.0,0.0,2.263467191453375e-13,2.875755189533834e-13,0.9999999999994862,-1.4999999583271035e-08,1.4426950008081094e-09,1.0,15,484,Envious
1.2818363312779018e-09,0.1997593089914478,0.13362013312964965,0.0,0.6666205565970663,-6.913568568077514,0.6649447392007495,0.8,15,485,Envious
1.0144115047342207e-15,0.4000026643552003,0.5999973329566837,2.6881125808121673e-09,2.4661651960145127e-15,-6.730116673584707,0.6473003966389855,0.7333333333333333,15,486,Optimist
5.835280348519838e-17,0.21783355905305601,0.21783314731453096,0.5643332936324129,8.61487114692392e-17,-6.416537571042597,0.617140462228058,0.8,15,487,Pessimist
0.0,0.0,0.0,0.0,1.0,-1.4999999583271035e-08,1.4426950008081094e-09,1.0,15,488,Envious
8.481074219207464e-17,6.777531511984379e-09,0.7777774501893076,0.22222254303316047,5.443770057920259e-16,-4.767355794489806,0.4585227041909138,0.8666666666666667,15,489,Optimist
1.991660858269493e-09,0.7272687302516702,0.0,6.612006690078501e-17,0.27273126775666895,-6.445478805781842,0.6199240206170921,0.8,15,490,Trustful
2.93406335420433e-10,0.11111245748302177,7.207834613164245e-14,0.13887367911183218,0.7500138631116676,-5.388829445195612,0.518295834452009,0.8666666666666667,15,491,Envious
0.027091425893704443,0.8531206022254163,1.6927496053085675e-15,7.994739107384553e-15,0.11978797188086966,-5.890117008421337,0.56650950655368,0.8666666666666667,15,492,Trustful
1.7414294356926577e-16,0.1396021246988558,0.5479822455477732,0.31241562975337084,0.0,-6.624132029969639,0.637106828655396,0.7333333333333333,15,493,Optimist
0.8000000214934856,0.1999999785064884,2.6020038564505817e-14,0.0,0.0,-10.095175005139001,0.9709505944546836,0.6,15,494,Undefined
0.28155746950011784,0.275886456562104,0.08333740724682845,4.867559534691562e-16,0.35921866669094926,-12.309202275392742,0.9865791711115697,0.5555555555555556,18,495,Undefined
0.0,0.5106817611653077,0.41018030544726813,0.07913793338742421,0.0,-8.922429095739922,0.7151302338392991,0.6666666666666666,18,496,Trustful
0.0,0.04361547217438392,0.23488609873688038,0.7214984290887357,0.0,-6.434593419278884,0.5157308897850225,0.8333333333333334,18,497,Pessimist
8.113026812351116e-10,0.31570567759258694,0.30088127150240773,0.02860741043065308,0.3548056396630496,-11.015567125948035,0.88289467028804,0.6666666666666666,18,498,Undefined
0.0,2.976554408393982e-15,0.0,0.39999959205371816,0.6000004079462787,-3.3650583480480156,0.26970849950171555,0.8888888888888888,18,499,Envious
0.1049837298281456,0.28084152708146165,0.5000004616298139,2.6127239477827247e-16,0.1141742814605786,-10.341537272741524,0.8288713632529208,0.7222222222222222,18,500,Optimist
0.0,0.8333332606828117,0.1666667393171881,2.2262708116815915e-16,0.0,-5.406734512395884,0.4333482815798194,0.8888888888888888,18,501,Trustful
0.20000004367746654,0.15000000791239199,0.6499999484101301,1.2435952921938074e-16,1.1334731896426926e-14,-7.749510890865071,0.6211211628647806,0.8333333333333334,18,502,Optimist
0.49495466101309316,1.0861962539388023e-16,0.22415274406672614,0.22415275900685278,0.05673983591332793,-11.411204195386766,0.9146048724031013,0.6666666666666666,18,503,Undefined
0.0,1.0,0.0,0.0,0.0,-1.7999999499925237e-08,1.4426950008081088e-09,1.0,18,504,Trustful
0.5000020181193945,0.0,0.0,4.380904547549584e-14,0.49999798188056166,-8.997362313944867,0.8112781244630943,0.75,16,505,Undefined
0.7500000118746936,0.0,0.0,0.2499999881253053,1.0306951012074446e-15,-10.58501181052773,0.9544340029249665,0.625,16,506,Undefined
1.21394728929805e-24,0.6668070056163867,0.3331929941054972,2.2579451474058636e-26,2.7811599471323154e-10,-5.728627919533483,0.5509775393739343,0.8,15,507,Trustful
0.0,6.499759401488639e-15,0.6666665319971071,0.33333346800288627,0.0,-3.819085019768802,0.3443609386721112,0.875,16,508,Optimist
7.587550465071251e-16,0.3338277139235578,0.45809756002163177,0.2080747245991993,1.4556103801376542e-09,-7.05806201976049,0.6364144421372,0.8125,16,509,Optimist
0.0,0.16666613714625278,0.8333338628537097,3.7496963290310376e-14,0.0,-5.406734510408085,0.4875168165980601,0.875,16,510,Optimist
0.5454544028322176,3.7724052261980606e-15,2.535815050237929e-15,0.32727328005323875,0.1272723171145375,-9.81053713638791,0.8846008296952407,0.6875,16,511,Undefined
0.3207986321866802,0.015626586867541897,0.2799278680156016,0.08809285223343315,0.2955540606967432,-8.54720203133509,0.7706878740052006,0.6875,16,512,Undefined
7.240630959289163e-10,0.11359901543748042,0.08639750857568648,2.4348442097320124e-17,0.8000034752627699,-5.641779377590986,0.5087104456150087,0.875,16,513,Envious
1.74582570622304e-14,9.120482147295564e-14,6.0507154842070385e-15,0.0,0.9999999999998852,-1.5999999555489098e-08,1.4426950008081088e-09,1.0,16,514,Envious
1.0554824616176633e-18,0.12500029154015407,0.16071397598885498,5.91868485732474e-15,0.714285732470985,-7.202048411151422,0.6493974704381497,0.8125,16,515,Envious
1.4938275008171415e-16,0.2903168752916657,0.19602245890651765,0.09233669394641955,0.421323971855397,-7.9320996740529575,0.7152250539745728,0.75,16,516,Envious
0.0,9.828586121823052e-16,0.5714282763924268,0.42857172360757184,4.917234684942539e-16,-4.780356741904544,0.431037310326613,0.8125,16,517,Optimist
0.40000100950901785,0.0,0.0,0.1333342968336361,0.4666646936573461,-8.823109245187831,0.7955659970783782,0.75,16,518,Envious
0.0,0.2465454906192147,6.966441606272385e-14,0.20180999871353486,0.5516445106671808,-6.949024815544762,0.6683549093600515,0.7333333333333333,15,519,Envious
1.0238643495881014e-15,0.3333351691915799,0.0,1.794989509523196e-15,0.6666648308084174,-9.547712525535948,0.8609023445265096,0.6875,16,520,Envious
0.0,2.200491606638286e-15,0.5555555462677986,0.44444445373219926,0.0,-6.1826541963757995,0.557480284290169,0.75,16,521,Optimist
0.0,8.321983757463772e-15,0.1999999928277401,3.822111737422705e-07,0.7999996249610778,-2.502012123693104,0.22560253019350654,0.9375,16,522,Envious
1.9841787559065577e-18,0.0,0.5472474709279092,0.1472474910726478,0.3055050379994432,-6.180259345483405,0.5944153006091053,0.8,15,523,Optimist
7.681309279520658e-12,0.5714284678024802,0.0,0.0,0.42857153218983846,-9.56071346680691,0.9195462603948438,0.6,15,524,Trustful
8.071641652219889e-10,0.4999718500564915,0.10017285595508987,0.24967652560182116,0.15017876757943324,-8.386989180239269,0.8066578465547056,0.6666666666666666,15,525,Trustful
0.0,0.14640787135564134,0.0,0.2703149756977295,0.5832771529466292,-6.173467285361784,0.5937620425121131,0.8,15,526,Envious
1.590128393409207e-09,0.33333378093351346,0.666666217476358,2.627223434282727e-16,0.0,-5.728627519657388,0.590333036693554,0.7857142857142857,14,527,Optimist
1.63869818512529e-09,0.4444373485273662,0.355519586292352,5.462515476842985e-22,0.20004306354158372,-8.684666337958362,0.8352883371698562,0.6666666666666666,15,528,Trustful
0.09693453441163905,0.13581267396912905,0.08444961757516063,0.3031029038236436,0.37970027022042774,-8.869286768845525,0.8530450691757024,0.7333333333333333,15,529,Undefined
0.39999996177588204,3.152410990125792e-16,0.0,9.82391353324376e-16,0.6000000382241166,-7.506036353072845,0.7219280948873649,0.8,15,530,Envious
0.6000000043830332,3.52399587375668e-17,0.2999999960851087,0.0,0.09999999953185806,-9.473701355595278,0.9111774643053572,0.6666666666666666,15,531,Undefined
0.0,9.942755271982083e-15,1.3798906020035427e-15,0.33333342566626367,0.666666574333725,-1.9095425168844964,0.18365916796505952,0.9333333333333333,15,532,Envious
1.0843705222798765e-09,0.4929066640247977,0.07394417829305726,1.8793673771111286e-09,0.43314915471840704,-8.940142634912123,0.859859962948514,0.6,15,533,Trustful
1.332822741061661e-13,7.34523553091541e-13,0.999999999998666,4.662936703422721e-13,0.0,-1.4999999583271035e-08,1.4426950008081094e-09,1.0,15,534,Optimist
0.7999985702729523,7.16278165252548e-16,0.0,0.20000142972704682,2.2136697856722772e-16,-10.095175005154818,0.9709505944562048,0.6,15,536,Undefined
1.4567498949936213e-17,8.025305941261151e-17,0.624999986396193,0.3750000136038059,8.251878081947805e-16,-5.29250591226386,0.509031468899906,0.8,15,537,Optimist
1.41553435639704e-14,1.2215228828437987e-13,1.3897216710745059e-13,0.9999999999997247,0.0,-1.4999999583271035e-08,1.4426950008081094e-09,1.0,15,538,Pessimist
0.4999925585034423,0.17857817171870988,4.8925978286124e-16,0.32142926977784153,5.936942018731906e-15,-9.279037890279703,0.8924547965684878,0.6666666666666666,15,540,Undefined
0.0,1.8934465747604198e-17,0.2880366727796064,0.34564407918433043,0.3663192480360633,-7.485670758796938,0.6749712550902417,0.6875,16,541,Undefined
2.2457097731614343e-11,0.6587179766394868,0.341282022461666,8.763895605791682e-10,5.210322153678245e-16,-5.729897047902863,0.5166558784883608,0.8125,16,542,Trustful
2.976468941689093e-10,0.7142854507420021,5.189993897389311e-15,2.9564656641258223e-15,0.28571454896034276,-8.375774242196005,0.7552304976763557,0.75,16,543,Trustful
2.879797625196533e-09,0.21895450404840985,0.23398585407459413,0.2339838278676937,0.3130758111295048,-8.892821745073766,0.8018518644454663,0.75,16,544,Undefined
0.21913135121890753,0.33169027631144615,0.027923223233092986,0.1500707388615862,0.27118441037496716,-10.938099807352595,0.9862713968010072,0.5625,16,545,Undefined
6.171813365511036e-09,0.6363681872657941,1.7449610092909814e-15,0.3636318065623908,0.0,-7.210299528837776,0.6501414608486431,0.75,16,546,Trustful
5.109880364680305e-10,0.16321573922189359,0.4185450559925595,0.16083225696710823,0.25740694730745056,-7.951604069631232,0.7169837348980924,0.75,16,547,Optimist
7.004159200662359e-14,0.5714255394267309,3.897497485174337e-09,0.42857445667569954,1.9751992406198664e-15,-4.780356738957906,0.4310373100609192,0.8125,16,548,Trustful
0.0,0.0,0.49999896393846094,6.1799723891228696e-06,0.4999948560891499,-4.158883091461517,0.37500000073053075,0.875,16,549,Optimist
0.18362723223910646,0.27182089563774525,0.4363671244815212,2.1241824488607564e-15,0.10818474764162499,-9.712311630729614,0.8757439890763635,0.6875,16,551,Optimist
1.0736696031670347e-11,0.33672715487873145,0.6632728437157995,1.3947319390982982e-09,5.302690663979302e-16,-5.728859979109627,0.5165623676130444,0.8125,16,552,Optimist
6.940458794524618e-18,2.942668778405475e-16,0.13553483351814044,0.23718905231490645,0.6272761141669528,-5.173504278712931,0.4664868104323112,0.875,16,553,Envious
0.0,0.42034399628401486,0.36560940646024864,0.21404659725573646,7.707692533909341e-18,-7.79068829062178,0.802827668713697,0.7142857142857143,14,554,Trustful
0.8000000399796575,0.05454540886730719,6.9717824991832026e-15,0.1454545511530282,0.0,-10.944159958289575,0.9868178311574959,0.5625,16,555,Undefined
0.0,1.0,0.0,0.0,0.0,-1.5999999555489098e-08,1.4426950008081088e-09,1.0,16,556,Trustful
0.0,0.2666667039987605,0.0,5.226659774719718e-14,0.7333332960011871,-8.698727572271922,0.7843506956600497,0.75,16,557,Envious
1.9606445041301e-15,0.0,0.3333393823660164,0.6666606176339811,5.208615320305384e-16,-3.8190850212628438,0.32410441299466036,0.8823529411764706,17,558,Pessimist
0.0,0.07692363078211276,0.0,0.0,0.9230763692178873,-3.525461853572055,0.29918625488185985,0.9411764705882353,17,559,Envious
7.51403776818134e-16,9.356994564327785e-21,0.5714283986915925,0.42857158875441814,1.2553988724229147e-08,-4.780356747134511,0.40568217486888564,0.8235294117647058,17,560,Optimist
0.33333285821921665,1.1440142120332821e-06,0.0,0.4333306480433408,0.23333534972323045,-8.771792841493866,0.7444130607134418,0.7647058823529411,17,561,Pessimist
0.49999865193523807,0.4166675998865495,1.3798505523951454e-16,0.0,0.08333374817821233,-9.887510598019647,0.8915414066562509,0.6875,16,562,Undefined
7.79246072624717e-09,0.28571432528756224,7.862144627310418e-17,3.5030783976962625e-09,0.7142856634168986,-8.375774251882362,0.710805175105656,0.7647058823529411,17,563,Envious
0.44444853285592806,0.27777589862177204,0.27777556852229707,2.809628614833228e-15,0.0,-10.312533236107688,0.8751670916903045,0.6470588235294118,17,564,Undefined
1.6970523087104103e-09,0.10473879328511256,0.2302771607727793,2.156862419256769e-21,0.6649840442450557,-5.16160506917599,0.438036590372208,0.8823529411764706,17,565,Envious
6.151116217596384e-16,3.232479026018887e-16,0.33333331377964304,5.7895856455926474e-08,0.6666666283244996,-3.819085014768894,0.3935553579671741,0.8571428571428571,14,566,Envious
7.033621479748295e-10,0.7494468324508113,0.0006669068347279604,0.0,0.2498862600110984,-6.748025275196443,0.6490228400212861,0.8,15,567,Trustful
0.36856176445757005,0.0,0.3031012180117298,0.08445073573042451,0.24388628180027555,-8.869286768786145,0.8530450691699913,0.7333333333333333,15,568,Undefined
0.40000009118046465,0.5999999088195348,6.287864380647563e-17,0.0,7.656042819029542e-16,-7.506036353072922,0.7219280948873723,0.8,15,569,Trustful
0.4999973812362529,0.03571645629323039,0.46428616247051624,0.0,4.706318342852227e-16,-8.686568277096562,0.8354712650473732,0.7333333333333333,15,570,Undefined
0.25000163363694106,0.0,0.30356663219706725,9.32373210756062e-16,0.4464317341659908,-7.794518023205552,0.7496741665465532,0.7333333333333333,15,571,Envious
1.5699495376055501e-09,0.5838028332025632,0.24178874299142553,0.0757341258986477,0.09867429633741398,-7.982282391073411,0.7197499512860567,0.75,16,572,Trustful
7.748073338438644e-15,0.0,2.1700582865542948e-14,0.3333334797141573,0.6666665202858133,-1.9095425178845178,0.17218047005741366,0.9375,16,574,Envious
0.8750000104164798,4.4312867448787614e-16,0.1249999895835188,6.543727623024679e-16,2.351736156074729e-16,-10.965027316423335,0.9886994082884978,0.5625,16,575,Undefined
3.3306690738754586e-15,0.9999999999999967,0.0,0.0,0.0,-1.5999999555489098e-08,1.4426950008081088e-09,1.0,16,576,Trustful
4.980823872588809e-16,0.4809840919427157,0.36438364024210984,0.15463226781517397,0.0,-7.413264259078488,0.6684424739607457,0.8125,16,577,Trustful
0.614594494604389,0.27686490527425034,0.05427029312482089,0.05427030699653984,1.7866465956434957e-17,-10.526505129007944,0.9491585467195,0.625,16,578,Undefined
6.051453526505082e-19,0.8888718822844894,0.11112811685348159,1.629520906961499e-14,8.620126714921993e-10,-3.139488881794178,0.28308281504315613,0.9375,16,579,Trustful
4.8933079810349363e-14,2.6434410216322594e-13,0.0,3.2862601528901674e-14,0.9999999999996538,-1.5999999555489098e-08,1.4426950008081088e-09,1.0,16,580,Envious
