User_ID,n_decisions,match_Trustful,H_mismatch_Trustful,match_Optimist,H_mismatch_Optimist,match_Pessimist,H_mismatch_Pessimist,match_Envious,H_mismatch_Envious,phenotype_entropy,Age,Gender,kmeans_cluster,phenotype_kmeans
2,14,0.2857142857142857,0.863120568566631,0.7142857142857143,0.863120568566631,0.6428571428571429,0.9402859586706311,1.0,0.0,Envious,50,h,4,Envious
3,14,0.9285714285714286,0.3712323266408755,0.6428571428571429,0.9402859586706311,0.35714285714285715,0.9402859586706311,0.21428571428571427,0.74959525725948,Trustful,46,h,3,Trustful
4,14,0.6428571428571429,0.9402859586706311,0.5714285714285714,0.9852281360342515,0.7142857142857143,0.863120568566631,0.6428571428571429,0.9402859586706311,Pessimist,40,d,1,Pessimist
6,14,0.2857142857142857,0.863120568566631,0.5,1.0,0.5,1.0,0.8571428571428571,0.5916727785823275,Envious,11,h,0,Undefined
7,14,0.07142857142857142,0.3712323266408755,0.5714285714285714,0.9852281360342515,0.7142857142857143,0.863120568566631,1.0,0.0,Envious,40,h,4,Envious
8,14,0.5714285714285714,0.9852281360342515,0.7142857142857143,0.863120568566631,0.5,1.0,0.5,1.0,Optimist,11,h,2,Optimist
9,14,0.2857142857142857,0.863120568566631,0.5714285714285714,0.9852281360342515,0.7142857142857143,0.863120568566631,0.8571428571428571,0.5916727785823275,Envious,45,h,4,Envious
10,14,0.5,1.0,0.7142857142857143,0.863120568566631,0.5714285714285714,0.9852281360342515,0.7857142857142857,0.74959525725948,Envious,10,h,2,Optimist
11,14,0.5,1.0,0.5714285714285714,0.9852281360342515,0.5,1.0,0.7142857142857143,0.863120568566631,Envious,39,h,0,Undefined
19,14,0.5,1.0,0.7857142857142857,0.74959525725948,0.5,1.0,0.5714285714285714,0.9852281360342515,Optimist,53,d,2,Optimist
20,14,0.6428571428571429,0.9402859586706311,0.6428571428571429,0.9402859586706311,0.5714285714285714,0.9852281360342515,0.42857142857142855,0.9852281360342515,Undefined,69,h,2,Optimist
23,14,0.5714285714285714,0.9852281360342515,0.7142857142857143,0.863120568566631,0.42857142857142855,0.9852281360342515,0.5,1.0,Optimist,27,h,2,Optimist
24,14,0.35714285714285715,0.9402859586706311,0.5714285714285714,0.9852281360342515,0.7857142857142857,0.74959525725948,0.7142857142857143,0.863120568566631,Pessimist,33,h,1,Pessimist
25,14,0.5,1.0,0.8571428571428571,0.5916727785823275,0.6428571428571429,0.9402859586706311,0.5714285714285714,0.9852281360342515,Optimist,33,d,2,Optimist
27,13,0.46153846153846156,0.9957274520849255,0.8461538461538461,0.6193821946787638,0.3076923076923077,0.8904916402194913,0.6923076923076923,0.8904916402194913,Optimist,68,d,2,Optimist
28,14,0.9285714285714286,0.3712323266408755,0.35714285714285715,0.9402859586706311,0.5,1.0,0.14285714285714285,0.5916727785823273,Trustful,19,h,3,Trustful
29,14,0.6428571428571429,0.9402859586706311,0.6428571428571429,0.9402859586706311,0.42857142857142855,0.9852281360342515,0.5,1.0,Undefined,19,h,2,Optimist
30,14,0.21428571428571427,0.74959525725948,0.5,1.0,0.5714285714285714,0.9852281360342515,0.9285714285714286,0.3712323266408755,Envious,15,h,4,Envious
31,14,0.6428571428571429,0.9402859586706311,0.6428571428571429,0.9402859586706311,0.7857142857142857,0.74959525725948,0.5714285714285714,0.9852281360342515,Pessimist,15,h,1,Pessimist
32,17,0.8235294117647058,0.672294817075638,0.7058823529411765,0.8739810481273578,0.6470588235294118,0.9366673818775626,0.4117647058823529,0.9774178175281716,Trustful,45,h,3,Trustful
33,17,0.5294117647058824,0.9975025463691152,0.7647058823529411,0.7871265862012691,0.8235294117647058,0.672294817075638,0.6470588235294118,0.9366673818775626,Pessimist,40,h,1,Pessimist
34,17,0.5882352941176471,0.9774178175281716,0.8235294117647058,0.672294817075638,0.6470588235294118,0.9366673818775626,0.7058823529411765,0.8739810481273578,Optimist,33,h,2,Optimist
35,17,0.5882352941176471,0.9774178175281716,0.5294117647058824,0.9975025463691152,0.8235294117647058,0.672294817075638,0.5882352941176471,0.9774178175281716,Pessimist,35,d,1,Pessimist
37,17,0.5294117647058824,0.9975025463691152,0.47058823529411764,0.9975025463691152,0.7058823529411765,0.8739810481273578,0.5882352941176471,0.9774178175281716,Pessimist,27,d,1,Pessimist
38,17,0.23529411764705882,0.7871265862012691,0.5294117647058824,0.9975025463691152,0.7647058823529411,0.7871265862012691,0.8823529411764706,0.5225593745369408,Envious,28,h,4,Envious
40,17,0.35294117647058826,0.9366673818775626,0.5294117647058824,0.9975025463691152,0.7058823529411765,0.8739810481273578,0.7058823529411765,0.8739810481273578,Pessimist,10,d,1,Pessimist
41,17,0.47058823529411764,0.9975025463691152,0.6470588235294118,0.9366673818775626,0.7058823529411765,0.8739810481273578,0.7058823529411765,0.8739810481273578,Pessimist,10,d,1,Pessimist
42,17,0.4117647058823529,0.9774178175281716,0.5294117647058824,0.9975025463691152,0.7058823529411765,0.8739810481273578,0.7647058823529411,0.7871265862012691,Envious,10,h,1,Pessimist
43,17,0.35294117647058826,0.9366673818775626,0.8235294117647058,0.672294817075638,0.5882352941176471,0.9774178175281716,0.8823529411764706,0.5225593745369408,Envious,10,d,4,Envious
45,17,0.7058823529411765,0.8739810481273578,0.7058823529411765,0.8739810481273578,0.5294117647058824,0.9975025463691152,0.4117647058823529,0.9774178175281716,Trustful,50,h,3,Trustful
47,16,0.625,0.954434002924965,0.8125,0.6962122601251458,0.5625,0.9886994082884974,0.5,1.0,Optimist,45,h,2,Optimist
48,16,0.625,0.954434002924965,0.75,0.8112781244591328,0.8125,0.6962122601251458,0.75,0.8112781244591328,Pessimist,27,h,1,Pessimist
49,16,0.6875,0.8960382325345574,0.5,1.0,0.5,1.0,0.375,0.954434002924965,Trustful,32,h,3,Trustful
51,16,0.6875,0.8960382325345574,0.5,1.0,0.5,1.0,0.375,0.954434002924965,Trustful,10,d,3,Trustful
52,16,0.625,0.954434002924965,0.625,0.954434002924965,0.375,0.954434002924965,0.5625,0.9886994082884974,Undefined,30,d,3,Trustful
53,16,0.4375,0.9886994082884974,0.4375,0.9886994082884974,0.8125,0.6962122601251458,0.625,0.954434002924965,Pessimist,26,h,1,Pessimist
54,16,0.25,0.8112781244591328,0.625,0.954434002924965,0.625,0.954434002924965,0.875,0.5435644431995964,Envious,43,h,4,Envious
56,16,0.5,1.0,0.5625,0.9886994082884974,0.75,0.8112781244591328,0.75,0.8112781244591328,Pessimist,31,h,1,Pessimist
57,16,0.5625,0.9886994082884974,0.875,0.5435644431995964,0.5625,0.9886994082884974,0.6875,0.8960382325345574,Optimist,33,h,2,Optimist
58,16,0.3125,0.8960382325345574,0.625,0.954434002924965,0.4375,0.9886994082884974,0.8125,0.6962122601251458,Envious,10,d,0,Undefined
60,16,0.75,0.8112781244591328,0.75,0.8112781244591328,0.4375,0.9886994082884974,0.5,1.0,Trustful,17,h,2,Optimist
61,16,0.625,0.954434002924965,0.375,0.954434002924965,0.5625,0.9886994082884974,0.5,1.0,Undefined,16,h,3,Trustful
62,14,0.2857142857142857,0.863120568566631,0.7142857142857143,0.863120568566631,0.7857142857142857,0.74959525725948,0.8571428571428571,0.5916727785823275,Envious,40,h,4,Envious
63,14,0.5,1.0,0.5714285714285714,0.9852281360342515,0.5714285714285714,0.9852281360342515,0.5714285714285714,0.9852281360342515,Undefined,10,d,1,Pessimist
66,12,0.5,1.0,0.5,1.0,0.4166666666666667,0.9798687566511529,0.4166666666666667,0.9798687566511529,Undefined,45,d,3,Trustful
67,14,0.9285714285714286,0.3712323266408755,0.21428571428571427,0.74959525725948,0.42857142857142855,0.9852281360342515,0.07142857142857142,0.3712323266408755,Trustful,34,d,3,Trustful
69,14,0.35714285714285715,0.9402859586706311,0.8571428571428571,0.5916727785823275,0.7857142857142857,0.74959525725948,0.8571428571428571,0.5916727785823275,Optimist,10,d,4,Envious
71,15,0.4,0.9709505944546686,0.6666666666666666,0.9182958340544896,0.7333333333333333,0.8366407419411672,0.8666666666666667,0.5665095065529052,Envious,12,h,4,Envious
72,15,0.7333333333333333,0.8366407419411672,0.6666666666666666,0.9182958340544896,0.26666666666666666,0.8366407419411672,0.4,0.9709505944546686,Trustful,42,d,0,Undefined
73,15,0.8,0.7219280948873623,0.4,0.9709505944546686,0.2,0.7219280948873623,0.13333333333333333,0.5665095065529052,Trustful,11,h,3,Trustful
74,15,0.26666666666666666,0.8366407419411672,0.6,0.9709505944546686,0.9333333333333333,0.3533593350214213,1.0,0.0,Envious,46,d,4,Envious
75,15,0.5333333333333333,0.9967916319816366,0.5333333333333333,0.9967916319816366,0.6,0.9709505944546686,0.4666666666666667,0.9967916319816366,Undefined,10,h,3,Trustful
76,15,0.6,0.9709505944546686,0.6,0.9709505944546686,0.6666666666666666,0.9182958340544896,0.4666666666666667,0.9967916319816366,Pessimist,11,h,3,Trustful
77,15,0.06666666666666667,0.3533593350214213,0.7333333333333333,0.8366407419411672,0.7333333333333333,0.8366407419411672,1.0,0.0,Envious,11,h,4,Envious
78,15,0.4666666666666667,0.9967916319816366,0.8666666666666667,0.5665095065529052,0.8666666666666667,0.5665095065529052,1.0,0.0,Envious,10,h,4,Envious
79,15,0.2,0.7219280948873623,0.8,0.7219280948873623,0.8666666666666667,0.5665095065529052,0.9333333333333333,0.3533593350214213,Envious,10,d,4,Envious
80,15,0.5333333333333333,0.9967916319816366,0.6,0.9709505944546686,0.5333333333333333,0.9967916319816366,0.4666666666666667,0.9967916319816366,Undefined,35,d,2,Optimist
81,15,0.6666666666666666,0.9182958340544896,0.4666666666666667,0.9967916319816366,0.4666666666666667,0.9967916319816366,0.5333333333333333,0.9967916319816366,Trustful,40,h,2,Optimist
82,15,0.26666666666666666,0.8366407419411672,0.4,0.9709505944546686,0.3333333333333333,0.9182958340544896,0.5333333333333333,0.9967916319816366,Undefined,39,h,0,Undefined
83,15,0.8666666666666667,0.5665095065529052,0.4,0.9709505944546686,0.3333333333333333,0.9182958340544896,0.26666666666666666,0.8366407419411672,Trustful,53,h,3,Trustful
84,15,0.4,0.9709505944546686,0.6,0.9709505944546686,0.6666666666666666,0.9182958340544896,0.7333333333333333,0.8366407419411672,Envious,39,h,4,Envious
85,15,0.2,0.7219280948873623,0.9333333333333333,0.3533593350214213,0.6,0.9709505944546686,0.9333333333333333,0.3533593350214213,Optimist,38,d,4,Envious
86,18,0.3333333333333333,0.9182958340544896,0.5555555555555556,0.9910760598382222,0.6111111111111112,0.964078764808229,0.7777777777777778,0.7642045065086203,Envious,11,d,4,Envious
87,18,0.3888888888888889,0.964078764808229,0.5,1.0,0.6111111111111112,0.964078764808229,0.7777777777777778,0.7642045065086203,Envious,43,h,4,Envious
88,18,0.3888888888888889,0.964078764808229,0.6666666666666666,0.9182958340544896,0.5555555555555556,0.9910760598382222,0.6111111111111112,0.964078764808229,Optimist,10,h,0,Undefined
89,18,0.9444444444444444,0.3095434291503253,0.5555555555555556,0.9910760598382222,0.4444444444444444,0.9910760598382222,0.2777777777777778,0.8524051786494786,Trustful,49,h,3,Trustful
90,18,1.0,0.0,0.3333333333333333,0.9182958340544896,0.4444444444444444,0.9910760598382222,0.05555555555555555,0.3095434291503253,Trustful,10,h,3,Trustful
91,18,0.16666666666666666,0.6500224216483541,0.8888888888888888,0.5032583347756459,0.6111111111111112,0.964078764808229,0.9444444444444444,0.3095434291503253,Envious,10,h,4,Envious
92,18,0.3888888888888889,0.964078764808229,0.8333333333333334,0.6500224216483541,0.5,1.0,0.7222222222222222,0.8524051786494786,Optimist,10,h,2,Optimist
93,18,0.2222222222222222,0.7642045065086203,0.6666666666666666,0.9182958340544896,0.6666666666666666,0.9182958340544896,0.9444444444444444,0.3095434291503253,Envious,50,d,4,Envious
95,18,0.6111111111111112,0.964078764808229,0.6666666666666666,0.9182958340544896,0.5,1.0,0.5555555555555556,0.9910760598382222,Optimist,33,d,2,Optimist
96,18,0.4444444444444444,0.9910760598382222,0.7222222222222222,0.8524051786494786,0.5555555555555556,0.9910760598382222,0.6666666666666666,0.9182958340544896,Optimist,32,h,2,Optimist
97,18,0.5555555555555556,0.9910760598382222,0.6666666666666666,0.9182958340544896,0.6111111111111112,0.964078764808229,0.6666666666666666,0.9182958340544896,Optimist,36,h,2,Optimist
98,18,0.2222222222222222,0.7642045065086203,0.6666666666666666,0.9182958340544896,0.6111111111111112,0.964078764808229,0.8333333333333334,0.6500224216483541,Envious,32,d,4,Envious
99,18,0.4444444444444444,0.9910760598382222,0.6111111111111112,0.964078764808229,0.6111111111111112,0.964078764808229,0.3888888888888889,0.964078764808229,Undefined,34,h,2,Optimist
100,18,0.16666666666666666,0.6500224216483541,0.7222222222222222,0.8524051786494786,0.7222222222222222,0.8524051786494786,1.0,0.0,Envious,35,h,4,Envious
101,18,0.5,1.0,0.5555555555555556,0.9910760598382222,0.6666666666666666,0.9182958340544896,0.6111111111111112,0.964078764808229,Pessimist,19,h,1,Pessimist
102,18,0.4444444444444444,0.9910760598382222,0.6111111111111112,0.964078764808229,0.5555555555555556,0.9910760598382222,0.6666666666666666,0.9182958340544896,Envious,19,h,4,Envious
103,18,0.2222222222222222,0.7642045065086203,0.7777777777777778,0.7642045065086203,0.7222222222222222,0.8524051786494786,0.9444444444444444,0.3095434291503253,Envious,44,d,4,Envious
104,17,0.29411764705882354,0.873981048127358,0.7058823529411765,0.8739810481273578,0.8235294117647058,0.672294817075638,0.9411764705882353,0.3227569588973983,Envious,40,d,4,Envious
105,17,0.4117647058823529,0.9774178175281716,0.7058823529411765,0.8739810481273578,0.7058823529411765,0.8739810481273578,0.8235294117647058,0.672294817075638,Envious,41,h,4,Envious
106,17,0.4117647058823529,0.9774178175281716,0.5882352941176471,0.9774178175281716,0.7647058823529411,0.7871265862012691,0.7058823529411765,0.8739810481273578,Pessimist,32,h,1,Pessimist
107,17,0.29411764705882354,0.873981048127358,0.4117647058823529,0.9774178175281716,0.47058823529411764,0.9975025463691152,0.6470588235294118,0.9366673818775626,Undefined,64,h,0,Undefined
108,17,0.6470588235294118,0.9366673818775626,0.6470588235294118,0.9366673818775626,0.5294117647058824,0.9975025463691152,0.4117647058823529,0.9774178175281716,Undefined,30,d,2,Optimist
109,17,0.5294117647058824,0.9975025463691152,0.47058823529411764,0.9975025463691152,0.6470588235294118,0.9366673818775626,0.5882352941176471,0.9774178175281716,Undefined,57,d,1,Pessimist
111,17,0.47058823529411764,0.9975025463691152,0.6470588235294118,0.9366673818775626,0.6470588235294118,0.9366673818775626,0.5294117647058824,0.9975025463691152,Undefined,42,h,2,Optimist
112,17,0.5294117647058824,0.9975025463691152,0.6470588235294118,0.9366673818775626,0.5294117647058824,0.9975025463691152,0.5882352941176471,0.9774178175281716,Undefined,10,d,2,Optimist
114,17,0.6470588235294118,0.9366673818775626,0.35294117647058826,0.9366673818775626,0.4117647058823529,0.9774178175281716,0.4117647058823529,0.9774178175281716,Undefined,10,h,0,Undefined
115,17,0.47058823529411764,0.9975025463691152,0.7647058823529411,0.7871265862012691,0.8235294117647058,0.672294817075638,0.8823529411764706,0.5225593745369408,Envious,36,h,4,Envious
116,17,0.35294117647058826,0.9366673818775626,0.7647058823529411,0.7871265862012691,0.5294117647058824,0.9975025463691152,0.7058823529411765,0.8739810481273578,Optimist,37,d,2,Optimist
117,17,0.7058823529411765,0.8739810481273578,0.7647058823529411,0.7871265862012691,0.47058823529411764,0.9975025463691152,0.47058823529411764,0.9975025463691152,Optimist,36,d,2,Optimist
118,17,0.5294117647058824,0.9975025463691152,0.7058823529411765,0.8739810481273578,0.5294117647058824,0.9975025463691152,0.5294117647058824,0.9975025463691152,Optimist,10,h,2,Optimist
119,17,0.7647058823529411,0.7871265862012691,0.8235294117647058,0.672294817075638,0.5294117647058824,0.9975025463691152,0.5294117647058824,0.9975025463691152,Optimist,42,h,2,Optimist
120,17,0.17647058823529413,0.672294817075638,0.5294117647058824,0.9975025463691152,0.8235294117647058,0.672294817075638,0.8823529411764706,0.5225593745369408,Envious,29,d,4,Envious
121,17,0.4117647058823529,0.9774178175281716,0.5882352941176471,0.9774178175281716,0.6470588235294118,0.9366673818775626,0.8235294117647058,0.672294817075638,Envious,42,h,4,Envious
122,17,0.35294117647058826,0.9366673818775626,0.7058823529411765,0.8739810481273578,0.5294117647058824,0.9975025463691152,0.8235294117647058,0.672294817075638,Envious,29,h,4,Envious
123,17,0.6470588235294118,0.9366673818775626,0.6470588235294118,0.9366673818775626,0.5882352941176471,0.9774178175281716,0.5294117647058824,0.9975025463691152,Undefined,10,h,3,Trustful
124,17,0.5882352941176471,0.9774178175281716,0.5294117647058824,0.9975025463691152,0.6470588235294118,0.9366673818775626,0.5882352941176471,0.9774178175281716,Undefined,55,d,0,Undefined
125,17,0.6470588235294118,0.9366673818775626,0.6470588235294118,0.9366673818775626,0.47058823529411764,0.9975025463691152,0.47058823529411764,0.9975025463691152,Undefined,56,h,2,Optimist
126,17,0.8235294117647058,0.672294817075638,0.6470588235294118,0.9366673818775626,0.6470588235294118,0.9366673818775626,0.4117647058823529,0.9774178175281716,Trustful,31,h,2,Optimist
127,17,0.6470588235294118,0.9366673818775626,0.5294117647058824,0.9975025463691152,0.5294117647058824,0.9975025463691152,0.47058823529411764,0.9975025463691152,Undefined,34,d,3,Trustful
128,17,0.4117647058823529,0.9774178175281716,0.4117647058823529,0.9774178175281716,0.4117647058823529,0.9774178175281716,0.47058823529411764,0.9975025463691152,Undefined,10,h,0,Undefined
129,13,0.6153846153846154,0.9612366047228759,0.38461538461538464,0.9612366047228759,0.38461538461538464,0.9612366047228759,0.46153846153846156,0.9957274520849255,Undefined,31,h,0,Undefined
131,13,0.7692307692307693,0.779349837292085,0.5384615384615384,0.9957274520849255,0.5384615384615384,0.9957274520849255,0.38461538461538464,0.9612366047228759,Trustful,37,h,3,Trustful
135,16,0.0625,0.3372900666170139,0.6875,0.8960382325345574,0.6875,0.8960382325345574,0.9375,0.3372900666170139,Envious,16,d,4,Envious
136,16,0.1875,0.6962122601251458,0.625,0.954434002924965,0.75,0.8112781244591328,0.875,0.5435644431995964,Envious,18,h,4,Envious
137,16,0.75,0.8112781244591328,0.6875,0.8960382325345574,0.5625,0.9886994082884974,0.375,0.954434002924965,Trustful,25,h,2,Optimist
138,16,0.3125,0.8960382325345574,0.8125,0.6962122601251458,0.625,0.954434002924965,0.875,0.5435644431995964,Envious,24,h,4,Envious
139,16,0.3125,0.8960382325345574,0.75,0.8112781244591328,0.8125,0.6962122601251458,1.0,0.0,Envious,44,h,4,Envious
140,16,0.25,0.8112781244591328,0.5625,0.9886994082884974,0.6875,0.8960382325345574,0.8125,0.6962122601251458,Envious,45,h,4,Envious
143,17,0.6470588235294118,0.9366673818775626,0.5882352941176471,0.9774178175281716,0.5294117647058824,0.9975025463691152,0.4117647058823529,0.9774178175281716,Undefined,34,h,3,Trustful
144,17,0.4117647058823529,0.9774178175281716,0.7058823529411765,0.8739810481273578,0.7647058823529411,0.7871265862012691,0.9411764705882353,0.3227569588973983,Envious,36,h,4,Envious
146,17,0.6470588235294118,0.9366673818775626,0.8235294117647058,0.672294817075638,0.5294117647058824,0.9975025463691152,0.7058823529411765,0.8739810481273578,Optimist,40,d,3,Trustful
148,17,0.6470588235294118,0.9366673818775626,0.6470588235294118,0.9366673818775626,0.7058823529411765,0.8739810481273578,0.5294117647058824,0.9975025463691152,Pessimist,30,h,1,Pessimist
149,17,0.17647058823529413,0.672294817075638,0.5294117647058824,0.9975025463691152,0.7058823529411765,0.8739810481273578,0.8235294117647058,0.672294817075638,Envious,10,h,4,Envious
150,14,0.6428571428571429,0.9402859586706311,0.5714285714285714,0.9852281360342515,0.42857142857142855,0.9852281360342515,0.42857142857142855,0.9852281360342515,Undefined,45,h,3,Trustful
151,16,0.5,1.0,0.5,1.0,0.5,1.0,0.375,0.954434002924965,Undefined,50,h,0,Undefined
152,17,0.058823529411764705,0.3227569588973983,0.7647058823529411,0.7871265862012691,0.7058823529411765,0.8739810481273578,1.0,0.0,Envious,50,h,4,Envious
153,18,0.3888888888888889,0.964078764808229,0.4444444444444444,0.9910760598382222,0.7222222222222222,0.8524051786494786,0.6666666666666666,0.9182958340544896,Pessimist,40,h,1,Pessimist
154,18,0.3888888888888889,0.964078764808229,0.7777777777777778,0.7642045065086203,0.8333333333333334,0.6500224216483541,0.7777777777777778,0.7642045065086203,Pessimist,38,h,1,Pessimist
155,18,0.5,1.0,0.8888888888888888,0.5032583347756459,0.5555555555555556,0.9910760598382222,0.5555555555555556,0.9910760598382222,Optimist,39,h,2,Optimist
156,18,0.2777777777777778,0.8524051786494786,0.6111111111111112,0.964078764808229,0.6111111111111112,0.964078764808229,0.7777777777777778,0.7642045065086203,Envious,18,d,4,Envious
157,18,0.6111111111111112,0.964078764808229,0.7222222222222222,0.8524051786494786,0.7222222222222222,0.8524051786494786,0.7222222222222222,0.8524051786494786,Optimist,38,h,1,Pessimist
158,17,0.17647058823529413,0.672294817075638,0.8235294117647058,0.672294817075638,0.7647058823529411,0.7871265862012691,1.0,0.0,Envious,12,h,4,Envious
159,18,0.3333333333333333,0.9182958340544896,0.5,1.0,0.4444444444444444,0.9910760598382222,0.5,1.0,Undefined,39,d,0,Undefined
160,16,0.875,0.5435644431995964,0.5,1.0,0.4375,0.9886994082884974,0.3125,0.8960382325345574,Trustful,19,d,3,Trustful
161,16,0.5625,0.9886994082884974,0.6875,0.8960382325345574,0.6875,0.8960382325345574,0.6875,0.8960382325345574,Optimist,26,h,1,Pessimist
163,17,0.5882352941176471,0.9774178175281716,0.5882352941176471,0.9774178175281716,0.6470588235294118,0.9366673818775626,0.5882352941176471,0.9774178175281716,Undefined,50,d,1,Pessimist
164,18,0.5,1.0,0.7222222222222222,0.8524051786494786,0.6666666666666666,0.9182958340544896,0.7777777777777778,0.7642045065086203,Envious,14,d,1,Pessimist
165,18,0.3888888888888889,0.964078764808229,0.5,1.0,0.5,1.0,0.7222222222222222,0.8524051786494786,Envious,12,h,0,Undefined
166,18,0.3888888888888889,0.964078764808229,0.7777777777777778,0.7642045065086203,0.7777777777777778,0.7642045065086203,0.7777777777777778,0.7642045065086203,Optimist,51,h,2,Optimist
169,14,0.6428571428571429,0.9402859586706311,0.5,1.0,0.42857142857142855,0.9852281360342515,0.5,1.0,Undefined,26,d,0,Undefined
170,16,0.625,0.954434002924965,0.875,0.5435644431995964,0.5625,0.9886994082884974,0.6875,0.8960382325345574,Optimist,27,d,2,Optimist
171,16,0.375,0.954434002924965,0.5625,0.9886994082884974,0.5,1.0,0.5625,0.9886994082884974,Undefined,29,h,4,Envious
172,16,0.375,0.954434002924965,0.75,0.8112781244591328,0.5,1.0,0.6875,0.8960382325345574,Optimist,32,h,2,Optimist
173,16,0.25,0.8112781244591328,0.5,1.0,0.3125,0.8960382325345574,0.625,0.954434002924965,Undefined,26,h,0,Undefined
174,16,0.4375,0.9886994082884974,0.5625,0.9886994082884974,0.6875,0.8960382325345574,0.625,0.954434002924965,Pessimist,35,h,4,Envious
176,16,0.6875,0.8960382325345574,0.6875,0.8960382325345574,0.5625,0.9886994082884974,0.375,0.954434002924965,Trustful,26,h,2,Optimist
177,16,0.5,1.0,0.6875,0.8960382325345574,0.5,1.0,0.6875,0.8960382325345574,Optimist,27,d,2,Optimist
178,16,0.5,1.0,0.875,0.5435644431995964,0.75,0.8112781244591328,0.8125,0.6962122601251458,Optimist,26,h,2,Optimist
179,16,0.125,0.5435644431995964,0.8125,0.6962122601251458,0.5625,0.9886994082884974,1.0,0.0,Envious,27,d,4,Envious
180,16,0.75,0.8112781244591328,0.6875,0.8960382325345574,0.8125,0.6962122601251458,0.625,0.954434002924965,Pessimist,26,h,1,Pessimist
181,16,0.3125,0.8960382325345574,0.625,0.954434002924965,0.5,1.0,0.6875,0.8960382325345574,Envious,55,h,4,Envious
186,14,0.8571428571428571,0.5916727785823275,0.6428571428571429,0.9402859586706311,0.7142857142857143,0.863120568566631,0.2857142857142857,0.863120568566631,Trustful,31,h,3,Trustful
187,14,0.21428571428571427,0.74959525725948,0.5714285714285714,0.9852281360342515,0.6428571428571429,0.9402859586706311,0.7142857142857143,0.863120568566631,Envious,31,h,4,Envious
188,14,0.8571428571428571,0.5916727785823275,0.5714285714285714,0.9852281360342515,0.35714285714285715,0.9402859586706311,0.2857142857142857,0.863120568566631,Trustful,28,h,3,Trustful
190,16,0.3125,0.8960382325345574,0.625,0.954434002924965,0.8125,0.6962122601251458,0.8125,0.6962122601251458,Pessimist,14,d,4,Envious
191,16,0.6875,0.8960382325345574,0.625,0.954434002924965,0.75,0.8112781244591328,0.5625,0.9886994082884974,Pessimist,37,h,1,Pessimist
193,16,0.75,0.8112781244591328,0.5625,0.9886994082884974,0.6875,0.8960382325345574,0.375,0.954434002924965,Trustful,27,h,3,Trustful
195,16,0.875,0.5435644431995964,0.5,1.0,0.3125,0.8960382325345574,0.25,0.8112781244591328,Trustful,25,h,2,Optimist
196,16,1.0,0.0,0.25,0.8112781244591328,0.4375,0.9886994082884974,0.25,0.8112781244591328,Trustful,29,d,3,Trustful
197,16,0.6875,0.8960382325345574,0.625,0.954434002924965,0.5625,0.9886994082884974,0.4375,0.9886994082884974,Trustful,27,h,2,Optimist
198,16,0.6875,0.8960382325345574,0.5625,0.9886994082884974,0.75,0.8112781244591328,0.5625,0.9886994082884974,Pessimist,30,h,1,Pessimist
199,15,0.8666666666666667,0.5665095065529052,0.6666666666666666,0.9182958340544896,0.5333333333333333,0.9967916319816366,0.4,0.9709505944546686,Trustful,21,h,3,Trustful
200,15,1.0,0.0,0.5333333333333333,0.9967916319816366,0.3333333333333333,0.9182958340544896,0.13333333333333333,0.5665095065529052,Trustful,28,h,3,Trustful
201,15,0.7333333333333333,0.8366407419411672,0.7333333333333333,0.8366407419411672,0.6,0.9709505944546686,0.5333333333333333,0.9967916319816366,Trustful,27,h,2,Optimist
202,15,0.26666666666666666,0.8366407419411672,0.6666666666666666,0.9182958340544896,0.6666666666666666,0.9182958340544896,0.7333333333333333,0.8366407419411672,Envious,15,h,4,Envious
203,15,0.3333333333333333,0.9182958340544896,0.6666666666666666,0.9182958340544896,0.8666666666666667,0.5665095065529052,0.8666666666666667,0.5665095065529052,Pessimist,22,h,1,Pessimist
204,15,0.4666666666666667,0.9967916319816366,0.7333333333333333,0.8366407419411672,0.7333333333333333,0.8366407419411672,0.6666666666666666,0.9182958340544896,Optimist,48,h,1,Pessimist
205,15,0.4666666666666667,0.9967916319816366,0.4666666666666667,0.9967916319816366,1.0,0.0,0.6666666666666666,0.9182958340544896,Pessimist,34,d,1,Pessimist
207,15,0.4666666666666667,0.9967916319816366,0.8666666666666667,0.5665095065529052,0.6,0.9709505944546686,0.6,0.9709505944546686,Optimist,12,h,2,Optimist
208,15,0.8,0.7219280948873623,0.7333333333333333,0.8366407419411672,0.5333333333333333,0.9967916319816366,0.4666666666666667,0.9967916319816366,Trustful,11,h,3,Trustful
209,15,0.6,0.9709505944546686,0.6,0.9709505944546686,0.7333333333333333,0.8366407419411672,0.6,0.9709505944546686,Pessimist,11,h,1,Pessimist
210,15,0.5333333333333333,0.9967916319816366,0.5333333333333333,0.9967916319816366,0.6,0.9709505944546686,0.6,0.9709505944546686,Undefined,46,h,4,Envious
211,15,0.6,0.9709505944546686,0.7333333333333333,0.8366407419411672,0.6666666666666666,0.9182958340544896,0.6666666666666666,0.9182958340544896,Optimist,44,h,2,Optimist
212,15,0.9333333333333333,0.3533593350214213,0.5333333333333333,0.9967916319816366,0.6,0.9709505944546686,0.3333333333333333,0.9182958340544896,Trustful,34,d,3,Trustful
213,15,0.9333333333333333,0.3533593350214213,0.5333333333333333,0.9967916319816366,0.4,0.9709505944546686,0.2,0.7219280948873623,Trustful,28,h,3,Trustful
214,15,0.4,0.9709505944546686,0.6,0.9709505944546686,0.7333333333333333,0.8366407419411672,0.6666666666666666,0.9182958340544896,Pessimist,29,d,1,Pessimist
215,15,0.4,0.9709505944546686,0.7333333333333333,0.8366407419411672,0.6666666666666666,0.9182958340544896,0.8,0.7219280948873623,Envious,10,h,4,Envious
216,15,0.8,0.7219280948873623,0.6666666666666666,0.9182958340544896,0.7333333333333333,0.8366407419411672,0.5333333333333333,0.9967916319816366,Trustful,33,h,3,Trustful
217,15,0.4666666666666667,0.9967916319816366,0.6666666666666666,0.9182958340544896,0.6666666666666666,0.9182958340544896,0.7333333333333333,0.8366407419411672,Envious,40,h,1,Pessimist
218,15,0.4,0.9709505944546686,0.26666666666666666,0.8366407419411672,0.5333333333333333,0.9967916319816366,0.6,0.9709505944546686,Undefined,27,d,0,Undefined
220,15,0.5333333333333333,0.9967916319816366,0.7333333333333333,0.8366407419411672,0.5333333333333333,0.9967916319816366,0.6,0.9709505944546686,Optimist,26,h,2,Optimist
221,15,0.5333333333333333,0.9967916319816366,0.7333333333333333,0.8366407419411672,0.7333333333333333,0.8366407419411672,0.6666666666666666,0.9182958340544896,Optimist,27,d,1,Pessimist
222,15,0.2,0.7219280948873623,0.8,0.7219280948873623,0.5333333333333333,0.9967916319816366,0.9333333333333333,0.3533593350214213,Envious,28,h,4,Envious
223,15,0.4666666666666667,0.9967916319816366,0.5333333333333333,0.9967916319816366,0.6,0.9709505944546686,0.4666666666666667,0.9967916319816366,Undefined,14,h,0,Undefined
224,15,0.0,0.0,0.6,0.9709505944546686,0.6666666666666666,0.9182958340544896,1.0,0.0,Envious,33,d,4,Envious
225,15,0.13333333333333333,0.5665095065529052,0.8,0.7219280948873623,0.6666666666666666,0.9182958340544896,1.0,0.0,Envious,33,h,4,Envious
226,15,0.3333333333333333,0.9182958340544896,0.6666666666666666,0.9182958340544896,0.7333333333333333,0.8366407419411672,0.7333333333333333,0.8366407419411672,Pessimist,43,d,1,Pessimist
227,15,0.4,0.9709505944546686,0.6,0.9709505944546686,0.3333333333333333,0.9182958340544896,0.6666666666666666,0.9182958340544896,Envious,32,d,0,Undefined
228,14,0.35714285714285715,0.9402859586706311,0.6428571428571429,0.9402859586706311,0.6428571428571429,0.9402859586706311,0.7857142857142857,0.74959525725948,Envious,33,h,2,Optimist
229,14,0.42857142857142855,0.9852281360342515,0.7142857142857143,0.863120568566631,0.7142857142857143,0.863120568566631,0.7857142857142857,0.74959525725948,Envious,35,h,4,Envious
230,14,0.2857142857142857,0.863120568566631,0.7857142857142857,0.74959525725948,0.6428571428571429,0.9402859586706311,0.7142857142857143,0.863120568566631,Optimist,10,h,4,Envious
232,14,0.2857142857142857,0.863120568566631,0.5714285714285714,0.9852281360342515,0.6428571428571429,0.9402859586706311,0.7142857142857143,0.863120568566631,Envious,33,h,0,Undefined
235,14,0.5714285714285714,0.9852281360342515,0.6428571428571429,0.9402859586706311,0.42857142857142855,0.9852281360342515,0.42857142857142855,0.9852281360342515,Undefined,57,h,0,Undefined
237,14,0.42857142857142855,0.9852281360342515,0.6428571428571429,0.9402859586706311,0.5,1.0,0.7142857142857143,0.863120568566631,Envious,31,h,4,Envious
238,14,0.6428571428571429,0.9402859586706311,0.35714285714285715,0.9402859586706311,0.8571428571428571,0.5916727785823275,0.42857142857142855,0.9852281360342515,Pessimist,29,h,1,Pessimist
240,14,0.2857142857142857,0.863120568566631,0.6428571428571429,0.9402859586706311,0.6428571428571429,0.9402859586706311,0.7857142857142857,0.74959525725948,Envious,32,h,4,Envious
241,14,0.2857142857142857,0.863120568566631,0.7857142857142857,0.74959525725948,0.42857142857142855,0.9852281360342515,0.7857142857142857,0.74959525725948,Optimist,48,d,2,Optimist
242,14,0.35714285714285715,0.9402859586706311,0.7142857142857143,0.863120568566631,0.6428571428571429,0.9402859586706311,0.7857142857142857,0.74959525725948,Envious,48,h,4,Envious
246,13,0.38461538461538464,0.9612366047228759,0.8461538461538461,0.6193821946787638,0.6923076923076923,0.8904916402194913,0.7692307692307693,0.779349837292085,Optimist,20,h,4,Envious
247,13,0.23076923076923078,0.7793498372920853,0.7692307692307693,0.779349837292085,0.5384615384615384,0.9957274520849255,1.0,0.0,Envious,23,h,4,Envious
250,13,0.5384615384615384,0.9957274520849255,0.6923076923076923,0.8904916402194913,1.0,0.0,0.7692307692307693,0.779349837292085,Pessimist,45,h,1,Pessimist
251,13,0.23076923076923078,0.7793498372920853,0.7692307692307693,0.779349837292085,0.5384615384615384,0.9957274520849255,0.8461538461538461,0.6193821946787638,Envious,43,d,0,Undefined
253,13,0.5384615384615384,0.9957274520849255,0.9230769230769231,0.3912435636292555,0.7692307692307693,0.779349837292085,0.7692307692307693,0.779349837292085,Optimist,28,d,4,Envious
254,13,0.5384615384615384,0.9957274520849255,0.7692307692307693,0.779349837292085,0.6923076923076923,0.8904916402194913,0.6153846153846154,0.9612366047228759,Optimist,38,h,1,Pessimist
255,13,0.6153846153846154,0.9612366047228759,0.38461538461538464,0.9612366047228759,0.7692307692307693,0.779349837292085,0.46153846153846156,0.9957274520849255,Pessimist,28,h,1,Pessimist
256,13,0.23076923076923078,0.7793498372920853,0.6923076923076923,0.8904916402194913,0.6153846153846154,0.9612366047228759,0.9230769230769231,0.3912435636292555,Envious,10,h,4,Envious
258,13,0.5384615384615384,0.9957274520849255,0.6153846153846154,0.9612366047228759,0.6923076923076923,0.8904916402194913,0.6153846153846154,0.9612366047228759,Pessimist,10,d,1,Pessimist
259,14,0.35714285714285715,0.9402859586706311,0.6428571428571429,0.9402859586706311,0.7142857142857143,0.863120568566631,0.8571428571428571,0.5916727785823275,Envious,37,h,4,Envious
261,14,0.9285714285714286,0.3712323266408755,0.42857142857142855,0.9852281360342515,0.7142857142857143,0.863120568566631,0.2857142857142857,0.863120568566631,Trustful,36,h,3,Trustful
266,14,0.35714285714285715,0.9402859586706311,0.7142857142857143,0.863120568566631,0.7857142857142857,0.74959525725948,0.8571428571428571,0.5916727785823275,Envious,45,d,4,Envious
270,16,0.3125,0.8960382325345574,0.625,0.954434002924965,0.8125,0.6962122601251458,0.75,0.8112781244591328,Pessimist,14,h,1,Pessimist
272,14,0.7857142857142857,0.74959525725948,0.6428571428571429,0.9402859586706311,0.5714285714285714,0.9852281360342515,0.35714285714285715,0.9402859586706311,Trustful,40,d,3,Trustful
275,14,0.42857142857142855,0.9852281360342515,0.8571428571428571,0.5916727785823275,0.5714285714285714,0.9852281360342515,0.8571428571428571,0.5916727785823275,Optimist,46,d,4,Envious
276,14,0.35714285714285715,0.9402859586706311,0.7142857142857143,0.863120568566631,0.5714285714285714,0.9852281360342515,0.7857142857142857,0.74959525725948,Envious,45,h,4,Envious
277,14,0.7142857142857143,0.863120568566631,0.5,1.0,0.42857142857142855,0.9852281360342515,0.42857142857142855,0.9852281360342515,Trustful,49,d,3,Trustful
278,13,0.3076923076923077,0.8904916402194913,0.5384615384615384,0.9957274520849255,0.6153846153846154,0.9612366047228759,0.7692307692307693,0.779349837292085,Envious,10,h,4,Envious
279,13,0.3076923076923077,0.8904916402194913,0.6923076923076923,0.8904916402194913,0.6923076923076923,0.8904916402194913,0.8461538461538461,0.6193821946787638,Envious,24,d,4,Envious
280,13,0.9230769230769231,0.3912435636292555,0.5384615384615384,0.9957274520849255,0.46153846153846156,0.9957274520849255,0.23076923076923078,0.7793498372920853,Trustful,29,h,3,Trustful
281,12,0.16666666666666666,0.6500224216483541,0.6666666666666666,0.9182958340544896,0.75,0.8112781244591328,0.9166666666666666,0.41381685030363385,Envious,11,h,4,Envious
282,13,0.15384615384615385,0.6193821946787638,0.7692307692307693,0.779349837292085,0.6923076923076923,0.8904916402194913,1.0,0.0,Envious,49,h,4,Envious
284,13,0.46153846153846156,0.9957274520849255,0.6153846153846154,0.9612366047228759,0.7692307692307693,0.779349837292085,0.6923076923076923,0.8904916402194913,Pessimist,53,h,1,Pessimist
285,13,0.6923076923076923,0.8904916402194913,0.3076923076923077,0.8904916402194913,0.7692307692307693,0.779349837292085,0.38461538461538464,0.9612366047228759,Pessimist,52,d,3,Trustful
286,13,0.3076923076923077,0.8904916402194913,0.8461538461538461,0.6193821946787638,0.5384615384615384,0.9957274520849255,0.7692307692307693,0.779349837292085,Optimist,39,h,2,Optimist
287,13,0.5384615384615384,0.9957274520849255,0.3076923076923077,0.8904916402194913,0.7692307692307693,0.779349837292085,0.5384615384615384,0.9957274520849255,Pessimist,43,d,1,Pessimist
288,13,0.6153846153846154,0.9612366047228759,0.46153846153846156,0.9957274520849255,0.5384615384615384,0.9957274520849255,0.5384615384615384,0.9957274520849255,Undefined,48,h,0,Undefined
289,13,0.23076923076923078,0.7793498372920853,0.7692307692307693,0.779349837292085,0.6153846153846154,0.9612366047228759,0.9230769230769231,0.3912435636292555,Envious,10,h,4,Envious
291,13,0.23076923076923078,0.7793498372920853,0.6923076923076923,0.8904916402194913,0.8461538461538461,0.6193821946787638,0.9230769230769231,0.3912435636292555,Envious,16,h,4,Envious
292,13,0.5384615384615384,0.9957274520849255,0.5384615384615384,0.9957274520849255,0.7692307692307693,0.779349837292085,0.6153846153846154,0.9612366047228759,Pessimist,31,h,1,Pessimist
293,13,0.3076923076923077,0.8904916402194913,0.6153846153846154,0.9612366047228759,0.7692307692307693,0.779349837292085,0.9230769230769231,0.3912435636292555,Envious,16,h,4,Envious
297,13,0.6153846153846154,0.9612366047228759,0.6153846153846154,0.9612366047228759,0.46153846153846156,0.9957274520849255,0.38461538461538464,0.9612366047228759,Undefined,32,h,3,Trustful
298,13,0.5384615384615384,0.9957274520849255,0.7692307692307693,0.779349837292085,0.5384615384615384,0.9957274520849255,0.5384615384615384,0.9957274520849255,Optimist,12,h,2,Optimist
299,13,0.6923076923076923,0.8904916402194913,0.5384615384615384,0.9957274520849255,0.6153846153846154,0.9612366047228759,0.38461538461538464,0.9612366047228759,Trustful,33,d,3,Trustful
300,13,0.15384615384615385,0.6193821946787638,0.6923076923076923,0.8904916402194913,0.6923076923076923,0.8904916402194913,0.9230769230769231,0.3912435636292555,Envious,10,h,4,Envious
302,13,0.3076923076923077,0.8904916402194913,0.6153846153846154,0.9612366047228759,0.6923076923076923,0.8904916402194913,0.7692307692307693,0.779349837292085,Envious,59,h,1,Pessimist
304,13,0.3076923076923077,0.8904916402194913,0.7692307692307693,0.779349837292085,0.7692307692307693,0.779349837292085,0.9230769230769231,0.3912435636292555,Envious,50,h,4,Envious
305,13,0.5384615384615384,0.9957274520849255,0.5384615384615384,0.9957274520849255,0.7692307692307693,0.779349837292085,0.6153846153846154,0.9612366047228759,Pessimist,15,h,1,Pessimist
306,13,0.38461538461538464,0.9612366047228759,0.6153846153846154,0.9612366047228759,0.6153846153846154,0.9612366047228759,0.6923076923076923,0.8904916402194913,Envious,44,d,1,Pessimist
308,18,0.2777777777777778,0.8524051786494786,0.7222222222222222,0.8524051786494786,0.6666666666666666,0.9182958340544896,1.0,0.0,Envious,39,h,4,Envious
310,18,0.4444444444444444,0.9910760598382222,0.7777777777777778,0.7642045065086203,0.7777777777777778,0.7642045065086203,0.7777777777777778,0.7642045065086203,Optimist,38,h,4,Envious
311,18,0.5,1.0,0.6111111111111112,0.964078764808229,0.8888888888888888,0.5032583347756459,0.7777777777777778,0.7642045065086203,Pessimist,43,d,1,Pessimist
312,18,0.5,1.0,0.7222222222222222,0.8524051786494786,0.5555555555555556,0.9910760598382222,0.5555555555555556,0.9910760598382222,Optimist,10,h,2,Optimist
313,16,0.3125,0.8960382325345574,0.75,0.8112781244591328,0.625,0.954434002924965,0.8125,0.6962122601251458,Envious,41,h,4,Envious
314,16,0.6875,0.8960382325345574,0.8125,0.6962122601251458,0.5,1.0,0.5625,0.9886994082884974,Optimist,42,d,2,Optimist
315,16,0.4375,0.9886994082884974,0.4375,0.9886994082884974,0.75,0.8112781244591328,0.75,0.8112781244591328,Pessimist,11,h,1,Pessimist
316,16,0.5,1.0,0.75,0.8112781244591328,0.875,0.5435644431995964,0.9375,0.3372900666170139,Envious,43,d,4,Envious
317,16,0.6875,0.8960382325345574,0.25,0.8112781244591328,0.8125,0.6962122601251458,0.5,1.0,Pessimist,38,h,1,Pessimist
318,16,0.625,0.954434002924965,0.5625,0.9886994082884974,0.4375,0.9886994082884974,0.5,1.0,Undefined,36,h,3,Trustful
320,16,0.5625,0.9886994082884974,0.4375,0.9886994082884974,0.375,0.954434002924965,0.1875,0.6962122601251458,Undefined,14,h,3,Trustful
321,16,0.625,0.954434002924965,0.6875,0.8960382325345574,0.5625,0.9886994082884974,0.5,1.0,Optimist,41,d,2,Optimist
322,16,0.375,0.954434002924965,0.6875,0.8960382325345574,0.5625,0.9886994082884974,0.625,0.954434002924965,Optimist,68,h,2,Optimist
323,16,0.625,0.954434002924965,0.8125,0.6962122601251458,0.5,1.0,0.5625,0.9886994082884974,Optimist,11,h,2,Optimist
324,16,0.375,0.954434002924965,0.75,0.8112781244591328,0.375,0.954434002924965,0.625,0.954434002924965,Optimist,40,h,2,Optimist
325,16,0.25,0.8112781244591328,0.6875,0.8960382325345574,0.75,0.8112781244591328,0.8125,0.6962122601251458,Envious,48,h,1,Pessimist
326,14,0.6428571428571429,0.9402859586706311,0.5714285714285714,0.9852281360342515,0.9285714285714286,0.3712323266408755,0.6428571428571429,0.9402859586706311,Pessimist,46,h,1,Pessimist
328,16,0.3125,0.8960382325345574,0.5,1.0,0.625,0.954434002924965,0.8125,0.6962122601251458,Envious,42,h,4,Envious
329,18,0.4444444444444444,0.9910760598382222,0.7222222222222222,0.8524051786494786,0.4444444444444444,0.9910760598382222,0.6666666666666666,0.9182958340544896,Optimist,48,h,2,Optimist
330,18,0.2777777777777778,0.8524051786494786,0.5555555555555556,0.9910760598382222,0.6666666666666666,0.9182958340544896,0.9444444444444444,0.3095434291503253,Envious,38,h,4,Envious
331,18,0.2777777777777778,0.8524051786494786,0.6666666666666666,0.9182958340544896,0.6111111111111112,0.964078764808229,1.0,0.0,Envious,10,h,4,Envious
332,18,0.4444444444444444,0.9910760598382222,0.9444444444444444,0.3095434291503253,0.5,1.0,0.6666666666666666,0.9182958340544896,Optimist,10,h,2,Optimist
333,18,0.6111111111111112,0.964078764808229,0.6111111111111112,0.964078764808229,0.6666666666666666,0.9182958340544896,0.6111111111111112,0.964078764808229,Pessimist,39,h,1,Pessimist
334,18,0.7222222222222222,0.8524051786494786,0.6111111111111112,0.964078764808229,0.7222222222222222,0.8524051786494786,0.5555555555555556,0.9910760598382222,Trustful,13,h,1,Pessimist
335,18,0.3888888888888889,0.964078764808229,0.6111111111111112,0.964078764808229,0.6111111111111112,0.964078764808229,0.7777777777777778,0.7642045065086203,Envious,18,h,0,Undefined
336,18,0.16666666666666666,0.6500224216483541,0.7777777777777778,0.7642045065086203,0.5,1.0,0.9444444444444444,0.3095434291503253,Envious,13,h,4,Envious
337,18,0.2777777777777778,0.8524051786494786,0.3333333333333333,0.9182958340544896,0.6666666666666666,0.9182958340544896,0.7777777777777778,0.7642045065086203,Envious,15,h,0,Undefined
338,18,0.5555555555555556,0.9910760598382222,0.3333333333333333,0.9182958340544896,0.4444444444444444,0.9910760598382222,0.5,1.0,Undefined,13,h,0,Undefined
339,18,0.5,1.0,0.8888888888888888,0.5032583347756459,0.5555555555555556,0.9910760598382222,0.7222222222222222,0.8524051786494786,Optimist,50,d,2,Optimist
340,17,0.6470588235294118,0.9366673818775626,0.5882352941176471,0.9774178175281716,0.8823529411764706,0.5225593745369408,0.6470588235294118,0.9366673818775626,Pessimist,55,h,1,Pessimist
341,15,0.26666666666666666,0.8366407419411672,0.6666666666666666,0.9182958340544896,0.4,0.9709505944546686,0.8666666666666667,0.5665095065529052,Envious,39,h,0,Undefined
342,13,0.46153846153846156,0.9957274520849255,0.6153846153846154,0.9612366047228759,0.6153846153846154,0.9612366047228759,0.6923076923076923,0.8904916402194913,Envious,44,h,1,Pessimist
343,15,0.2,0.7219280948873623,0.6666666666666666,0.9182958340544896,0.8,0.7219280948873623,0.8666666666666667,0.5665095065529052,Envious,44,h,4,Envious
344,15,0.2,0.7219280948873623,0.7333333333333333,0.8366407419411672,0.4666666666666667,0.9967916319816366,0.8,0.7219280948873623,Envious,39,h,0,Undefined
345,15,0.4,0.9709505944546686,0.4666666666666667,0.9967916319816366,0.7333333333333333,0.8366407419411672,0.6666666666666666,0.9182958340544896,Pessimist,31,h,1,Pessimist
346,15,0.2,0.7219280948873623,0.6666666666666666,0.9182958340544896,0.8,0.7219280948873623,0.8666666666666667,0.5665095065529052,Envious,47,d,4,Envious
347,15,0.06666666666666667,0.3533593350214213,0.6666666666666666,0.9182958340544896,0.5333333333333333,0.9967916319816366,0.9333333333333333,0.3533593350214213,Envious,25,h,4,Envious
348,15,0.4,0.9709505944546686,0.6,0.9709505944546686,0.6,0.9709505944546686,0.7333333333333333,0.8366407419411672,Envious,11,h,1,Pessimist
349,15,0.3333333333333333,0.9182958340544896,0.7333333333333333,0.8366407419411672,0.5333333333333333,0.9967916319816366,0.7333333333333333,0.8366407419411672,Optimist,10,h,2,Optimist
350,15,0.26666666666666666,0.8366407419411672,0.7333333333333333,0.8366407419411672,0.8,0.7219280948873623,1.0,0.0,Envious,13,d,4,Envious
351,15,0.4666666666666667,0.9967916319816366,0.6,0.9709505944546686,0.6666666666666666,0.9182958340544896,0.6,0.9709505944546686,Pessimist,15,h,1,Pessimist
352,15,0.6666666666666666,0.9182958340544896,0.6666666666666666,0.9182958340544896,0.6666666666666666,0.9182958340544896,0.6,0.9709505944546686,Trustful,58,h,2,Optimist
353,15,0.3333333333333333,0.9182958340544896,0.8,0.7219280948873623,0.8,0.7219280948873623,0.8,0.7219280948873623,Optimist,44,h,1,Pessimist
354,15,0.8,0.7219280948873623,0.5333333333333333,0.9967916319816366,0.6666666666666666,0.9182958340544896,0.5333333333333333,0.9967916319816366,Trustful,56,d,3,Trustful
355,15,0.8666666666666667,0.5665095065529052,0.5333333333333333,0.9967916319816366,0.6,0.9709505944546686,0.26666666666666666,0.8366407419411672,Trustful,38,h,2,Optimist
356,15,0.6666666666666666,0.9182958340544896,0.6,0.9709505944546686,0.7333333333333333,0.8366407419411672,0.5333333333333333,0.9967916319816366,Pessimist,46,d,1,Pessimist
358,15,0.3333333333333333,0.9182958340544896,0.5333333333333333,0.9967916319816366,0.6,0.9709505944546686,0.6666666666666666,0.9182958340544896,Envious,59,d,1,Pessimist
359,15,0.4,0.9709505944546686,0.4666666666666667,0.9967916319816366,0.9333333333333333,0.3533593350214213,0.7333333333333333,0.8366407419411672,Pessimist,60,h,1,Pessimist
360,16,0.125,0.5435644431995964,0.625,0.954434002924965,0.5625,0.9886994082884974,0.875,0.5435644431995964,Envious,17,d,0,Undefined
362,16,0.1875,0.6962122601251458,0.5,1.0,0.625,0.954434002924965,0.875,0.5435644431995964,Envious,47,h,4,Envious
363,16,0.5625,0.9886994082884974,0.25,0.8112781244591328,0.3125,0.8960382325345574,0.4375,0.9886994082884974,Undefined,10,h,0,Undefined
365,16,0.1875,0.6962122601251458,0.5625,0.9886994082884974,0.6875,0.8960382325345574,1.0,0.0,Envious,46,d,4,Envious
366,16,0.5,1.0,0.4375,0.9886994082884974,0.375,0.954434002924965,0.4375,0.9886994082884974,Undefined,10,d,0,Undefined
367,16,0.375,0.954434002924965,0.6875,0.8960382325345574,0.625,0.954434002924965,0.8125,0.6962122601251458,Envious,33,h,4,Envious
368,16,0.1875,0.6962122601251458,0.875,0.5435644431995964,0.5,1.0,0.875,0.5435644431995964,Optimist,44,h,4,Envious
369,16,0.625,0.954434002924965,1.0,0.0,0.75,0.8112781244591328,0.75,0.8112781244591328,Optimist,40,d,2,Optimist
370,16,0.875,0.5435644431995964,0.5,1.0,0.5625,0.9886994082884974,0.1875,0.6962122601251458,Trustful,35,h,3,Trustful
372,16,0.0625,0.3372900666170139,0.75,0.8112781244591328,0.75,0.8112781244591328,1.0,0.0,Envious,55,h,4,Envious
373,16,0.1875,0.6962122601251458,0.75,0.8112781244591328,0.6875,0.8960382325345574,0.875,0.5435644431995964,Envious,12,h,4,Envious
374,16,0.4375,0.9886994082884974,0.875,0.5435644431995964,0.6875,0.8960382325345574,0.6875,0.8960382325345574,Optimist,29,d,2,Optimist
375,16,0.25,0.8112781244591328,0.6875,0.8960382325345574,0.6875,0.8960382325345574,1.0,0.0,Envious,37,d,4,Envious
376,16,0.375,0.954434002924965,0.75,0.8112781244591328,0.5625,0.9886994082884974,0.8125,0.6962122601251458,Envious,31,h,4,Envious
377,16,0.125,0.5435644431995964,0.5625,0.9886994082884974,0.625,0.954434002924965,0.875,0.5435644431995964,Envious,10,d,4,Envious
378,16,0.125,0.5435644431995964,0.6875,0.8960382325345574,0.6875,0.8960382325345574,1.0,0.0,Envious,42,d,4,Envious
379,18,0.5555555555555556,0.9910760598382222,0.5,1.0,0.7222222222222222,0.8524051786494786,0.6111111111111112,0.964078764808229,Pessimist,51,d,1,Pessimist
380,18,0.4444444444444444,0.9910760598382222,0.7222222222222222,0.8524051786494786,0.6111111111111112,0.964078764808229,0.7222222222222222,0.8524051786494786,Optimist,11,h,2,Optimist
381,18,0.3333333333333333,0.9182958340544896,0.6111111111111112,0.964078764808229,0.6111111111111112,0.964078764808229,0.6666666666666666,0.9182958340544896,Envious,45,h,0,Undefined
382,18,0.2777777777777778,0.8524051786494786,0.8333333333333334,0.6500224216483541,0.7222222222222222,0.8524051786494786,1.0,0.0,Envious,30,h,4,Envious
383,18,0.6666666666666666,0.9182958340544896,0.5,1.0,0.7222222222222222,0.8524051786494786,0.5,1.0,Pessimist,42,d,1,Pessimist
384,18,0.7777777777777778,0.7642045065086203,0.5,1.0,0.6111111111111112,0.964078764808229,0.4444444444444444,0.9910760598382222,Trustful,37,h,3,Trustful
385,18,0.5555555555555556,0.9910760598382222,0.6666666666666666,0.9182958340544896,0.6111111111111112,0.964078764808229,0.5555555555555556,0.9910760598382222,Optimist,35,h,1,Pessimist
388,18,0.9444444444444444,0.3095434291503253,0.5,1.0,0.5555555555555556,0.9910760598382222,0.16666666666666666,0.6500224216483541,Trustful,29,h,3,Trustful
389,18,0.7777777777777778,0.7642045065086203,0.6111111111111112,0.964078764808229,0.3333333333333333,0.9182958340544896,0.3333333333333333,0.9182958340544896,Trustful,41,h,2,Optimist
390,18,0.4444444444444444,0.9910760598382222,0.6666666666666666,0.9182958340544896,0.6111111111111112,0.964078764808229,0.7222222222222222,0.8524051786494786,Envious,36,h,4,Envious
391,18,0.5555555555555556,0.9910760598382222,0.7222222222222222,0.8524051786494786,0.7222222222222222,0.8524051786494786,0.5555555555555556,0.9910760598382222,Optimist,40,h,1,Pessimist
392,18,0.6111111111111112,0.964078764808229,0.7777777777777778,0.7642045065086203,0.5555555555555556,0.9910760598382222,0.5,1.0,Optimist,35,h,2,Optimist
393,18,0.2777777777777778,0.8524051786494786,0.7222222222222222,0.8524051786494786,0.6111111111111112,0.964078764808229,0.8333333333333334,0.6500224216483541,Envious,15,h,4,Envious
394,17,0.29411764705882354,0.873981048127358,0.7647058823529411,0.7871265862012691,0.47058823529411764,0.9975025463691152,0.8235294117647058,0.672294817075638,Envious,51,d,2,Optimist
395,18,0.6111111111111112,0.964078764808229,0.6666666666666666,0.9182958340544896,0.2777777777777778,0.8524051786494786,0.3888888888888889,0.964078764808229,Optimist,37,h,2,Optimist
396,15,0.26666666666666666,0.8366407419411672,0.6,0.9709505944546686,0.4666666666666667,0.9967916319816366,0.8,0.7219280948873623,Envious,34,h,4,Envious
397,15,0.6,0.9709505944546686,0.4666666666666667,0.9967916319816366,0.7333333333333333,0.8366407419411672,0.5333333333333333,0.9967916319816366,Pessimist,10,h,1,Pessimist
398,15,0.5333333333333333,0.9967916319816366,0.6666666666666666,0.9182958340544896,0.7333333333333333,0.8366407419411672,0.5333333333333333,0.9967916319816366,Pessimist,34,d,1,Pessimist
400,15,0.3333333333333333,0.9182958340544896,0.6666666666666666,0.9182958340544896,0.6666666666666666,0.9182958340544896,0.9333333333333333,0.3533593350214213,Envious,38,d,4,Envious
401,15,0.4666666666666667,0.9967916319816366,0.6666666666666666,0.9182958340544896,0.5333333333333333,0.9967916319816366,0.6666666666666666,0.9182958340544896,Optimist,34,h,2,Optimist
402,15,0.26666666666666666,0.8366407419411672,0.8,0.7219280948873623,0.4,0.9709505944546686,0.6666666666666666,0.9182958340544896,Optimist,37,d,2,Optimist
403,15,0.4666666666666667,0.9967916319816366,0.4666666666666667,0.9967916319816366,0.4666666666666667,0.9967916319816366,0.6,0.9709505944546686,Undefined,40,h,0,Undefined
404,15,0.6,0.9709505944546686,0.4,0.9709505944546686,0.6,0.9709505944546686,0.4666666666666667,0.9967916319816366,Undefined,43,d,3,Trustful
405,15,0.5333333333333333,0.9967916319816366,0.7333333333333333,0.8366407419411672,0.5333333333333333,0.9967916319816366,0.6666666666666666,0.9182958340544896,Optimist,47,d,4,Envious
406,15,0.4,0.9709505944546686,0.9333333333333333,0.3533593350214213,0.4666666666666667,0.9967916319816366,0.8,0.7219280948873623,Optimist,44,h,4,Envious
407,15,0.4,0.9709505944546686,0.6,0.9709505944546686,0.5333333333333333,0.9967916319816366,0.6,0.9709505944546686,Undefined,46,d,4,Envious
409,15,0.6666666666666666,0.9182958340544896,0.8666666666666667,0.5665095065529052,0.3333333333333333,0.9182958340544896,0.5333333333333333,0.9967916319816366,Optimist,23,d,2,Optimist
411,14,0.35714285714285715,0.9402859586706311,0.5,1.0,0.6428571428571429,0.9402859586706311,0.7142857142857143,0.863120568566631,Envious,13,h,4,Envious
412,16,0.4375,0.9886994082884974,0.5,1.0,0.4375,0.9886994082884974,0.625,0.954434002924965,Undefined,28,d,4,Envious
413,16,0.625,0.954434002924965,0.4375,0.9886994082884974,0.5,1.0,0.5625,0.9886994082884974,Undefined,43,h,0,Undefined
414,16,0.5625,0.9886994082884974,0.75,0.8112781244591328,0.625,0.954434002924965,0.75,0.8112781244591328,Optimist,10,h,4,Envious
415,16,0.5625,0.9886994082884974,0.5,1.0,0.625,0.954434002924965,0.6875,0.8960382325345574,Envious,36,h,1,Pessimist
416,16,0.5,1.0,0.5625,0.9886994082884974,0.5625,0.9886994082884974,0.6875,0.8960382325345574,Envious,41,d,0,Undefined
417,13,0.6153846153846154,0.9612366047228759,0.6153846153846154,0.9612366047228759,0.6923076923076923,0.8904916402194913,0.6153846153846154,0.9612366047228759,Pessimist,56,h,1,Pessimist
418,16,0.5625,0.9886994082884974,0.6875,0.8960382325345574,0.5,1.0,0.5625,0.9886994082884974,Optimist,12,d,2,Optimist
420,16,0.3125,0.8960382325345574,0.625,0.954434002924965,0.375,0.954434002924965,0.625,0.954434002924965,Undefined,10,d,0,Undefined
421,16,0.25,0.8112781244591328,0.625,0.954434002924965,0.875,0.5435644431995964,0.9375,0.3372900666170139,Envious,40,d,4,Envious
423,16,0.25,0.8112781244591328,0.6875,0.8960382325345574,0.8125,0.6962122601251458,1.0,0.0,Envious,33,d,4,Envious
424,16,0.5625,0.9886994082884974,0.9375,0.3372900666170139,0.5,1.0,0.5625,0.9886994082884974,Optimist,10,h,2,Optimist
425,16,0.5,1.0,0.75,0.8112781244591328,0.75,0.8112781244591328,0.6875,0.8960382325345574,Optimist,45,d,4,Envious
426,18,0.3333333333333333,0.9182958340544896,0.5,1.0,0.6111111111111112,0.964078764808229,0.7222222222222222,0.8524051786494786,Envious,36,d,0,Undefined
427,18,0.5,1.0,0.7222222222222222,0.8524051786494786,0.8888888888888888,0.5032583347756459,0.6111111111111112,0.964078764808229,Pessimist,45,h,1,Pessimist
428,18,0.6111111111111112,0.964078764808229,0.6111111111111112,0.964078764808229,0.6666666666666666,0.9182958340544896,0.3888888888888889,0.964078764808229,Pessimist,34,h,3,Trustful
429,18,0.7222222222222222,0.8524051786494786,0.6666666666666666,0.9182958340544896,0.5,1.0,0.4444444444444444,0.9910760598382222,Trustful,31,d,2,Optimist
431,18,0.4444444444444444,0.9910760598382222,0.6111111111111112,0.964078764808229,0.6666666666666666,0.9182958340544896,0.7222222222222222,0.8524051786494786,Envious,11,h,1,Pessimist
432,18,0.8333333333333334,0.6500224216483541,0.3888888888888889,0.964078764808229,0.4444444444444444,0.9910760598382222,0.2777777777777778,0.8524051786494786,Trustful,17,d,3,Trustful
434,16,0.625,0.954434002924965,0.625,0.954434002924965,0.75,0.8112781244591328,0.625,0.954434002924965,Pessimist,36,h,1,Pessimist
436,16,0.8125,0.6962122601251458,0.5625,0.9886994082884974,0.3125,0.8960382325345574,0.375,0.954434002924965,Trustful,30,h,3,Trustful
437,16,0.8125,0.6962122601251458,0.8125,0.6962122601251458,0.5,1.0,0.4375,0.9886994082884974,Trustful,31,d,2,Optimist
439,15,1.0,0.0,0.6,0.9709505944546686,0.4666666666666667,0.9967916319816366,0.13333333333333333,0.5665095065529052,Trustful,48,h,3,Trustful
440,15,0.6,0.9709505944546686,0.4666666666666667,0.9967916319816366,0.6,0.9709505944546686,0.5333333333333333,0.9967916319816366,Undefined,15,h,3,Trustful
441,15,0.6,0.9709505944546686,0.6,0.9709505944546686,0.5333333333333333,0.9967916319816366,0.5333333333333333,0.9967916319816366,Undefined,46,d,0,Undefined
442,15,0.4,0.9709505944546686,0.6,0.9709505944546686,0.7333333333333333,0.8366407419411672,0.8,0.7219280948873623,Envious,43,h,4,Envious
443,15,0.26666666666666666,0.8366407419411672,0.6666666666666666,0.9182958340544896,0.6,0.9709505944546686,1.0,0.0,Envious,10,h,4,Envious
444,15,0.9333333333333333,0.3533593350214213,0.6,0.9709505944546686,0.4,0.9709505944546686,0.06666666666666667,0.3533593350214213,Trustful,10,d,3,Trustful
445,15,0.6666666666666666,0.9182958340544896,0.7333333333333333,0.8366407419411672,0.5333333333333333,0.9967916319816366,0.5333333333333333,0.9967916319816366,Optimist,13,h,2,Optimist
446,15,0.5333333333333333,0.9967916319816366,0.3333333333333333,0.9182958340544896,0.4666666666666667,0.9967916319816366,0.4666666666666667,0.9967916319816366,Undefined,36,h,0,Undefined
447,15,0.8666666666666667,0.5665095065529052,0.6,0.9709505944546686,0.3333333333333333,0.9182958340544896,0.26666666666666666,0.8366407419411672,Trustful,40,h,3,Trustful
448,15,0.6,0.9709505944546686,0.8,0.7219280948873623,0.6666666666666666,0.9182958340544896,0.7333333333333333,0.8366407419411672,Optimist,32,h,2,Optimist
449,15,0.4,0.9709505944546686,0.6,0.9709505944546686,0.7333333333333333,0.8366407419411672,0.8666666666666667,0.5665095065529052,Envious,32,d,4,Envious
450,15,0.4666666666666667,0.9967916319816366,0.7333333333333333,0.8366407419411672,0.7333333333333333,0.8366407419411672,0.8666666666666667,0.5665095065529052,Envious,40,h,4,Envious
452,15,0.4666666666666667,0.9967916319816366,0.7333333333333333,0.8366407419411672,0.7333333333333333,0.8366407419411672,0.6666666666666666,0.9182958340544896,Optimist,27,h,1,Pessimist
454,15,0.4666666666666667,0.9967916319816366,0.5333333333333333,0.9967916319816366,0.6666666666666666,0.9182958340544896,0.6666666666666666,0.9182958340544896,Pessimist,29,d,0,Undefined
455,15,0.5333333333333333,0.9967916319816366,0.5333333333333333,0.9967916319816366,0.7333333333333333,0.8366407419411672,0.7333333333333333,0.8366407419411672,Pessimist,27,h,1,Pessimist
456,15,0.7333333333333333,0.8366407419411672,0.4666666666666667,0.9967916319816366,0.4,0.9709505944546686,0.26666666666666666,0.8366407419411672,Trustful,20,h,3,Trustful
457,15,0.5333333333333333,0.9967916319816366,0.8666666666666667,0.5665095065529052,0.6666666666666666,0.9182958340544896,0.7333333333333333,0.8366407419411672,Optimist,23,h,2,Optimist
458,15,0.3333333333333333,0.9182958340544896,0.3333333333333333,0.9182958340544896,0.4666666666666667,0.9967916319816366,0.4,0.9709505944546686,Undefined,23,h,0,Undefined
460,15,1.0,0.0,0.4666666666666667,0.9967916319816366,0.6666666666666666,0.9182958340544896,0.2,0.7219280948873623,Trustful,25,h,3,Trustful
461,15,0.3333333333333333,0.9182958340544896,0.8,0.7219280948873623,0.6666666666666666,0.9182958340544896,0.8,0.7219280948873623,Optimist,13,d,4,Envious
462,15,0.5333333333333333,0.9967916319816366,0.6,0.9709505944546686,0.3333333333333333,0.9182958340544896,0.4,0.9709505944546686,Undefined,55,d,0,Undefined
463,15,0.5333333333333333,0.9967916319816366,0.6666666666666666,0.9182958340544896,0.6666666666666666,0.9182958340544896,0.6,0.9709505944546686,Optimist,33,d,2,Optimist
464,15,0.4666666666666667,0.9967916319816366,0.4666666666666667,0.9967916319816366,0.6,0.9709505944546686,0.6,0.9709505944546686,Undefined,40,d,1,Pessimist
465,15,0.5333333333333333,0.9967916319816366,0.5333333333333333,0.9967916319816366,0.4,0.9709505944546686,0.4666666666666667,0.9967916319816366,Undefined,11,d,0,Undefined
466,15,0.6,0.9709505944546686,0.5333333333333333,0.9967916319816366,0.4,0.9709505944546686,0.6,0.9709505944546686,Undefined,57,h,0,Undefined
467,17,0.5294117647058824,0.9975025463691152,0.8235294117647058,0.672294817075638,0.7647058823529411,0.7871265862012691,0.7058823529411765,0.8739810481273578,Optimist,17,d,2,Optimist
469,17,0.7058823529411765,0.8739810481273578,0.5294117647058824,0.9975025463691152,0.6470588235294118,0.9366673818775626,0.47058823529411764,0.9975025463691152,Trustful,25,d,3,Trustful
470,17,0.47058823529411764,0.9975025463691152,0.4117647058823529,0.9774178175281716,0.35294117647058826,0.9366673818775626,0.47058823529411764,0.9975025463691152,Undefined,17,d,0,Undefined
471,17,0.47058823529411764,0.9975025463691152,0.7058823529411765,0.8739810481273578,0.5294117647058824,0.9975025463691152,0.5882352941176471,0.9774178175281716,Optimist,23,h,1,Pessimist
472,17,0.6470588235294118,0.9366673818775626,0.5294117647058824,0.9975025463691152,0.5882352941176471,0.9774178175281716,0.5294117647058824,0.9975025463691152,Undefined,32,h,1,Pessimist
474,17,0.058823529411764705,0.3227569588973983,0.7058823529411765,0.8739810481273578,0.6470588235294118,0.9366673818775626,1.0,0.0,Envious,27,d,4,Envious
475,17,0.29411764705882354,0.873981048127358,0.8823529411764706,0.5225593745369408,0.8235294117647058,0.672294817075638,0.9411764705882353,0.3227569588973983,Envious,29,h,4,Envious
476,17,0.23529411764705882,0.7871265862012691,0.7647058823529411,0.7871265862012691,0.6470588235294118,0.9366673818775626,0.9411764705882353,0.3227569588973983,Envious,33,d,4,Envious
477,17,0.47058823529411764,0.9975025463691152,0.7647058823529411,0.7871265862012691,0.5882352941176471,0.9774178175281716,0.7647058823529411,0.7871265862012691,Optimist,24,h,1,Pessimist
478,17,0.47058823529411764,0.9975025463691152,0.6470588235294118,0.9366673818775626,0.7058823529411765,0.8739810481273578,0.8823529411764706,0.5225593745369408,Envious,29,h,4,Envious
479,15,0.3333333333333333,0.9182958340544896,0.6666666666666666,0.9182958340544896,0.4666666666666667,0.9967916319816366,0.7333333333333333,0.8366407419411672,Envious,12,d,0,Undefined
480,14,0.2857142857142857,0.863120568566631,0.7857142857142857,0.74959525725948,0.8571428571428571,0.5916727785823275,0.7142857142857143,0.863120568566631,Pessimist,43,d,1,Pessimist
482,15,0.4,0.9709505944546686,0.7333333333333333,0.8366407419411672,0.4666666666666667,0.9967916319816366,0.8,0.7219280948873623,Envious,47,d,0,Undefined
485,15,0.3333333333333333,0.9182958340544896,0.7333333333333333,0.8366407419411672,0.4666666666666667,0.9967916319816366,0.8,0.7219280948873623,Envious,28,h,4,Envious
486,15,0.6,0.9709505944546686,0.7333333333333333,0.8366407419411672,0.5333333333333333,0.9967916319816366,0.5333333333333333,0.9967916319816366,Optimist,45,h,2,Optimist
487,15,0.6,0.9709505944546686,0.6,0.9709505944546686,0.8,0.7219280948873623,0.4666666666666667,0.9967916319816366,Pessimist,53,h,1,Pessimist
488,15,0.06666666666666667,0.3533593350214213,0.7333333333333333,0.8366407419411672,0.4666666666666667,0.9967916319816366,1.0,0.0,Envious,26,h,4,Envious
489,15,0.4666666666666667,0.9967916319816366,0.8666666666666667,0.5665095065529052,0.5333333333333333,0.9967916319816366,0.5333333333333333,0.9967916319816366,Optimist,42,d,2,Optimist
490,15,0.8,0.7219280948873623,0.5333333333333333,0.9967916319816366,0.5333333333333333,0.9967916319816366,0.4666666666666667,0.9967916319816366,Trustful,43,h,3,Trustful
491,15,0.26666666666666666,0.8366407419411672,0.5333333333333333,0.9967916319816366,0.7333333333333333,0.8366407419411672,0.8666666666666667,0.5665095065529052,Envious,12,h,4,Envious
492,15,0.8666666666666667,0.5665095065529052,0.4,0.9709505944546686,0.26666666666666666,0.8366407419411672,0.13333333333333333,0.5665095065529052,Trustful,42,h,3,Trustful
493,15,0.6666666666666666,0.9182958340544896,0.7333333333333333,0.8366407419411672,0.6,0.9709505944546686,0.5333333333333333,0.9967916319816366,Optimist,10,d,2,Optimist
494,15,0.6,0.9709505944546686,0.3333333333333333,0.9182958340544896,0.4666666666666667,0.9967916319816366,0.3333333333333333,0.9182958340544896,Undefined,10,h,3,Trustful
495,18,0.4444444444444444,0.9910760598382222,0.5555555555555556,0.9910760598382222,0.4444444444444444,0.9910760598382222,0.5555555555555556,0.9910760598382222,Undefined,29,h,0,Undefined
496,18,0.6666666666666666,0.9182958340544896,0.6111111111111112,0.964078764808229,0.5555555555555556,0.9910760598382222,0.3888888888888889,0.964078764808229,Trustful,38,d,3,Trustful
497,18,0.5,1.0,0.5555555555555556,0.9910760598382222,0.8333333333333334,0.6500224216483541,0.5555555555555556,0.9910760598382222,Pessimist,37,h,1,Pessimist
498,18,0.5,1.0,0.6666666666666666,0.9182958340544896,0.5,1.0,0.5555555555555556,0.9910760598382222,Optimist,36,h,2,Optimist
499,18,0.16666666666666666,0.6500224216483541,0.7222222222222222,0.8524051786494786,0.8333333333333334,0.6500224216483541,0.8888888888888888,0.5032583347756459,Envious,38,h,4,Envious
501,18,0.8888888888888888,0.5032583347756459,0.4444444444444444,0.9910760598382222,0.3333333333333333,0.9182958340544896,0.16666666666666666,0.6500224216483541,Trustful,32,d,3,Trustful
502,18,0.6111111111111112,0.964078764808229,0.8333333333333334,0.6500224216483541,0.5,1.0,0.5,1.0,Optimist,38,h,2,Optimist
503,18,0.4444444444444444,0.9910760598382222,0.6111111111111112,0.964078764808229,0.6111111111111112,0.964078764808229,0.6111111111111112,0.964078764808229,Undefined,35,d,1,Pessimist
504,18,1.0,0.0,0.3333333333333333,0.9182958340544896,0.3888888888888889,0.964078764808229,0.1111111111111111,0.5032583347756459,Trustful,39,h,3,Trustful
505,16,0.25,0.8112781244591328,0.625,0.954434002924965,0.3125,0.8960382325345574,0.75,0.8112781244591328,Envious,47,h,0,Undefined
506,16,0.4375,0.9886994082884974,0.375,0.954434002924965,0.625,0.954434002924965,0.5,1.0,Undefined,49,h,0,Undefined
507,15,0.8,0.7219280948873623,0.6,0.9709505944546686,0.4666666666666667,0.9967916319816366,0.3333333333333333,0.9182958340544896,Trustful,18,d,3,Trustful
508,16,0.625,0.954434002924965,0.875,0.5435644431995964,0.75,0.8112781244591328,0.6875,0.8960382325345574,Optimist,18,d,2,Optimist
509,16,0.6875,0.8960382325345574,0.75,0.8112781244591328,0.5625,0.9886994082884974,0.5,1.0,Optimist,12,d,1,Pessimist
510,16,0.375,0.954434002924965,0.875,0.5435644431995964,0.3125,0.8960382325345574,0.8125,0.6962122601251458,Optimist,13,d,2,Optimist
511,16,0.375,0.954434002924965,0.5,1.0,0.6875,0.8960382325345574,0.625,0.954434002924965,Pessimist,49,d,1,Pessimist
514,16,0.1875,0.6962122601251458,0.625,0.954434002924965,0.75,0.8112781244591328,1.0,0.0,Envious,45,h,4,Envious
515,16,0.25,0.8112781244591328,0.625,0.954434002924965,0.6875,0.8960382325345574,0.8125,0.6962122601251458,Envious,10,h,4,Envious
516,16,0.5625,0.9886994082884974,0.6875,0.8960382325345574,0.625,0.954434002924965,0.6875,0.8960382325345574,Optimist,48,h,2,Optimist
517,16,0.625,0.954434002924965,0.8125,0.6962122601251458,0.75,0.8112781244591328,0.6875,0.8960382325345574,Optimist,12,h,2,Optimist
518,16,0.25,0.8112781244591328,0.4375,0.9886994082884974,0.625,0.954434002924965,0.75,0.8112781244591328,Envious,10,h,1,Pessimist
519,15,0.5333333333333333,0.9967916319816366,0.5333333333333333,0.9967916319816366,0.6666666666666666,0.9182958340544896,0.7333333333333333,0.8366407419411672,Envious,11,h,1,Pessimist
520,16,0.375,0.954434002924965,0.4375,0.9886994082884974,0.4375,0.9886994082884974,0.6875,0.8960382325345574,Envious,45,d,0,Undefined
521,16,0.5,1.0,0.75,0.8112781244591328,0.6875,0.8960382325345574,0.625,0.954434002924965,Optimist,38,h,2,Optimist
522,16,0.25,0.8112781244591328,0.75,0.8112781244591328,0.6875,0.8960382325345574,0.9375,0.3372900666170139,Envious,37,d,4,Envious
523,15,0.4,0.9709505944546686,0.8,0.7219280948873623,0.5333333333333333,0.9967916319816366,0.7333333333333333,0.8366407419411672,Optimist,36,h,2,Optimist
524,15,0.6,0.9709505944546686,0.4666666666666667,0.9967916319816366,0.5333333333333333,0.9967916319816366,0.4666666666666667,0.9967916319816366,Undefined,43,h,1,Pessimist
525,15,0.6666666666666666,0.9182958340544896,0.5333333333333333,0.9967916319816366,0.6,0.9709505944546686,0.4666666666666667,0.9967916319816366,Trustful,44,h,1,Pessimist
526,15,0.4,0.9709505944546686,0.5333333333333333,0.9967916319816366,0.7333333333333333,0.8366407419411672,0.8,0.7219280948873623,Envious,24,d,1,Pessimist
527,14,0.5714285714285714,0.9852281360342515,0.7857142857142857,0.74959525725948,0.5,1.0,0.5714285714285714,0.9852281360342515,Optimist,45,h,2,Optimist
528,15,0.6,0.9709505944546686,0.6666666666666666,0.9182958340544896,0.4666666666666667,0.9967916319816366,0.4666666666666667,0.9967916319816366,Optimist,25,h,2,Optimist
529,15,0.3333333333333333,0.9182958340544896,0.5333333333333333,0.9967916319816366,0.6666666666666666,0.9182958340544896,0.6666666666666666,0.9182958340544896,Pessimist,40,h,1,Pessimist
530,15,0.26666666666666666,0.8366407419411672,0.6666666666666666,0.9182958340544896,0.5333333333333333,0.9967916319816366,0.8,0.7219280948873623,Envious,34,h,0,Undefined
531,15,0.4,0.9709505944546686,0.6666666666666666,0.9182958340544896,0.26666666666666666,0.8366407419411672,0.6,0.9709505944546686,Optimist,22,h,0,Undefined
533,15,0.6,0.9709505944546686,0.6,0.9709505944546686,0.5333333333333333,0.9967916319816366,0.5333333333333333,0.9967916319816366,Undefined,36,d,0,Undefined
534,15,0.2,0.7219280948873623,1.0,0.0,0.4,0.9709505944546686,0.9333333333333333,0.3533593350214213,Optimist,21,d,2,Optimist
536,15,0.4666666666666667,0.9967916319816366,0.3333333333333333,0.9182958340544896,0.6,0.9709505944546686,0.4666666666666667,0.9967916319816366,Undefined,19,d,0,Undefined
537,15,0.3333333333333333,0.9182958340544896,0.8,0.7219280948873623,0.6666666666666666,0.9182958340544896,0.7333333333333333,0.8366407419411672,Optimist,42,d,1,Pessimist
538,15,0.4,0.9709505944546686,0.4,0.9709505944546686,1.0,0.0,0.6666666666666666,0.9182958340544896,Pessimist,43,h,1,Pessimist
540,15,0.6,0.9709505944546686,0.4666666666666667,0.9967916319816366,0.6666666666666666,0.9182958340544896,0.3333333333333333,0.9182958340544896,Pessimist,44,d,3,Trustful
541,16,0.375,0.954434002924965,0.625,0.954434002924965,0.6875,0.8960382325345574,0.75,0.8112781244591328,Envious,47,d,1,Pessimist
543,16,0.75,0.8112781244591328,0.4375,0.9886994082884974,0.4375,0.9886994082884974,0.375,0.954434002924965,Trustful,47,h,3,Trustful
544,16,0.375,0.954434002924965,0.6875,0.8960382325345574,0.6875,0.8960382325345574,0.6875,0.8960382325345574,Optimist,18,d,1,Pessimist
545,16,0.5,1.0,0.5,1.0,0.5625,0.9886994082884974,0.5,1.0,Undefined,15,d,0,Undefined
546,16,0.75,0.8112781244591328,0.4375,0.9886994082884974,0.5625,0.9886994082884974,0.4375,0.9886994082884974,Trustful,21,d,3,Trustful
547,16,0.4375,0.9886994082884974,0.75,0.8112781244591328,0.625,0.954434002924965,0.6875,0.8960382325345574,Optimist,13,h,2,Optimist
548,16,0.8125,0.6962122601251458,0.5625,0.9886994082884974,0.75,0.8112781244591328,0.25,0.8112781244591328,Trustful,21,h,3,Trustful
549,16,0.1875,0.6962122601251458,0.8125,0.6962122601251458,0.75,0.8112781244591328,0.8125,0.6962122601251458,Optimist,23,h,4,Envious
552,16,0.625,0.954434002924965,0.8125,0.6962122601251458,0.4375,0.9886994082884974,0.4375,0.9886994082884974,Optimist,11,h,2,Optimist
553,16,0.3125,0.8960382325345574,0.5625,0.9886994082884974,0.75,0.8112781244591328,0.875,0.5435644431995964,Envious,26,d,4,Envious
554,14,0.6428571428571429,0.9402859586706311,0.6428571428571429,0.9402859586706311,0.5,1.0,0.35714285714285715,0.9402859586706311,Undefined,15,d,3,Trustful
555,16,0.5,1.0,0.375,0.954434002924965,0.5625,0.9886994082884974,0.5,1.0,Undefined,64,d,0,Undefined
556,16,1.0,0.0,0.3125,0.8960382325345574,0.4375,0.9886994082884974,0.0625,0.3372900666170139,Trustful,50,h,3,Trustful
557,16,0.3125,0.8960382325345574,0.5625,0.9886994082884974,0.4375,0.9886994082884974,0.75,0.8112781244591328,Envious,11,d,4,Envious
558,17,0.4117647058823529,0.9774178175281716,0.7647058823529411,0.7871265862012691,0.8823529411764706,0.5225593745369408,0.7647058823529411,0.7871265862012691,Pessimist,41,h,1,Pessimist
559,17,0.29411764705882354,0.873981048127358,0.8823529411764706,0.5225593745369408,0.5882352941176471,0.9774178175281716,0.9411764705882353,0.3227569588973983,Envious,42,d,4,Envious
560,17,0.4117647058823529,0.9774178175281716,0.8235294117647058,0.672294817075638,0.7647058823529411,0.7871265862012691,0.7647058823529411,0.7871265862012691,Optimist,28,h,1,Pessimist
561,17,0.5294117647058824,0.9975025463691152,0.6470588235294118,0.9366673818775626,0.7647058823529411,0.7871265862012691,0.7058823529411765,0.8739810481273578,Pessimist,38,d,1,Pessimist
562,16,0.6875,0.8960382325345574,0.5,1.0,0.5,1.0,0.4375,0.9886994082884974,Trustful,38,d,3,Trustful
563,17,0.4117647058823529,0.9774178175281716,0.6470588235294118,0.9366673818775626,0.5882352941176471,0.9774178175281716,0.7647058823529411,0.7871265862012691,Envious,35,h,4,Envious
565,17,0.35294117647058826,0.9366673818775626,0.8235294117647058,0.672294817075638,0.5882352941176471,0.9774178175281716,0.8823529411764706,0.5225593745369408,Envious,11,d,4,Envious
566,14,0.35714285714285715,0.9402859586706311,0.7142857142857143,0.863120568566631,0.7142857142857143,0.863120568566631,0.8571428571428571,0.5916727785823275,Envious,11,h,4,Envious
568,15,0.3333333333333333,0.9182958340544896,0.6666666666666666,0.9182958340544896,0.5333333333333333,0.9967916319816366,0.6666666666666666,0.9182958340544896,Optimist,41,h,4,Envious
569,15,0.8,0.7219280948873623,0.4666666666666667,0.9967916319816366,0.4666666666666667,0.9967916319816366,0.26666666666666666,0.8366407419411672,Trustful,46,d,3,Trustful
570,15,0.5333333333333333,0.9967916319816366,0.7333333333333333,0.8366407419411672,0.3333333333333333,0.9182958340544896,0.5333333333333333,0.9967916319816366,Optimist,42,d,2,Optimist
572,16,0.75,0.8112781244591328,0.625,0.954434002924965,0.4375,0.9886994082884974,0.375,0.954434002924965,Trustful,11,d,3,Trustful
574,16,0.3125,0.8960382325345574,0.75,0.8112781244591328,0.875,0.5435644431995964,0.9375,0.3372900666170139,Envious,10,h,4,Envious
575,16,0.4375,0.9886994082884974,0.5625,0.9886994082884974,0.4375,0.9886994082884974,0.5,1.0,Undefined,50,h,0,Undefined
576,16,1.0,0.0,0.375,0.954434002924965,0.375,0.954434002924965,0.0,0.0,Trustful,23,d,3,Trustful
577,16,0.6875,0.8960382325345574,0.625,0.954434002924965,0.625,0.954434002924965,0.375,0.954434002924965,Trustful,23,d,2,Optimist
578,16,0.625,0.954434002924965,0.5,1.0,0.5,1.0,0.4375,0.9886994082884974,Undefined,22,h,3,Trustful
579,16,0.9375,0.3372900666170139,0.5,1.0,0.375,0.954434002924965,0.125,0.5435644431995964,Trustful,26,h,3,Trustful
580,16,0.1875,0.6962122601251458,0.8125,0.6962122601251458,0.625,0.954434002924965,1.0,0.0,Envious,38,h,4,Envious
