User_ID,n_decisions,match_Trustful,H_mismatch_Trustful,match_Optimist,H_mismatch_Optimist,match_Pessimist,H_mismatch_Pessimist,match_Envious,H_mismatch_Envious,phenotype_entropy,Age,Gender
2,14,0.2857142857142857,0.863120568566631,0.7142857142857143,0.863120568566631,0.6428571428571429,0.9402859586706311,1.0,0.0,Envious,50,h
3,14,0.9285714285714286,0.3712323266408755,0.6428571428571429,0.9402859586706311,0.35714285714285715,0.9402859586706311,0.21428571428571427,0.74959525725948,Trustful,46,h
4,14,0.6428571428571429,0.9402859586706311,0.5714285714285714,0.9852281360342515,0.7142857142857143,0.863120568566631,0.6428571428571429,0.9402859586706311,Pessimist,40,d
5,14,0.6428571428571429,0.9402859586706311,0.8571428571428571,0.5916727785823275,0.5,1.0,0.5714285714285714,0.9852281360342515,Optimist,11,h
6,14,0.2857142857142857,0.863120568566631,0.5,1.0,0.5,1.0,0.8571428571428571,0.5916727785823275,Envious,11,h
7,14,0.07142857142857142,0.3712323266408755,0.5714285714285714,0.9852281360342515,0.7142857142857143,0.863120568566631,1.0,0.0,Envious,40,h
8,14,0.5714285714285714,0.9852281360342515,0.7142857142857143,0.863120568566631,0.5,1.0,0.5,1.0,Optimist,11,h
9,14,0.2857142857142857,0.863120568566631,0.5714285714285714,0.9852281360342515,0.7142857142857143,0.863120568566631,0.8571428571428571,0.5916727785823275,Envious,45,h
10,14,0.5,1.0,0.7142857142857143,0.863120568566631,0.5714285714285714,0.9852281360342515,0.7857142857142857,0.74959525725948,Envious,10,h
11,14,0.5,1.0,0.5714285714285714,0.9852281360342515,0.5,1.0,0.7142857142857143,0.863120568566631,Envious,39,h
18,14,0.42857142857142855,0.9852281360342515,0.5,1.0,0.7142857142857143,0.863120568566631,0.8571428571428571,0.5916727785823275,Envious,69,h
19,14,0.5,1.0,0.7857142857142857,0.74959525725948,0.5,1.0,0.5714285714285714,0.9852281360342515,Optimist,53,d
20,14,0.6428571428571429,0.9402859586706311,0.6428571428571429,0.9402859586706311,0.5714285714285714,0.9852281360342515,0.42857142857142855,0.9852281360342515,Undefined,69,h
22,14,0.21428571428571427,0.74959525725948,0.42857142857142855,0.9852281360342515,0.7142857142857143,0.863120568566631,0.8571428571428571,0.5916727785823275,Envious,30,d
23,14,0.5714285714285714,0.9852281360342515,0.7142857142857143,0.863120568566631,0.42857142857142855,0.9852281360342515,0.5,1.0,Optimist,27,h
24,14,0.35714285714285715,0.9402859586706311,0.5714285714285714,0.9852281360342515,0.7857142857142857,0.74959525725948,0.7142857142857143,0.863120568566631,Pessimist,33,h
25,14,0.5,1.0,0.8571428571428571,0.5916727785823275,0.6428571428571429,0.9402859586706311,0.5714285714285714,0.9852281360342515,Optimist,33,d
26,14,0.21428571428571427,0.74959525725948,0.5714285714285714,0.9852281360342515,0.5714285714285714,0.9852281360342515,1.0,0.0,Envious,66,d
27,13,0.46153846153846156,0.9957274520849255,0.8461538461538461,0.6193821946787638,0.3076923076923077,0.8904916402194913,0.6923076923076923,0.8904916402194913,Optimist,68,d
28,14,0.9285714285714286,0.3712323266408755,0.35714285714285715,0.9402859586706311,0.5,1.0,0.14285714285714285,0.5916727785823273,Trustful,19,h
29,14,0.6428571428571429,0.9402859586706311,0.6428571428571429,0.9402859586706311,0.42857142857142855,0.9852281360342515,0.5,1.0,Undefined,19,h
30,14,0.21428571428571427,0.74959525725948,0.5,1.0,0.5714285714285714,0.9852281360342515,0.9285714285714286,0.3712323266408755,Envious,15,h
31,14,0.6428571428571429,0.9402859586706311,0.6428571428571429,0.9402859586706311,0.7857142857142857,0.74959525725948,0.5714285714285714,0.9852281360342515,Pessimist,15,h
32,17,0.8235294117647058,0.672294817075638,0.7058823529411765,0.8739810481273578,0.6470588235294118,0.9366673818775626,0.4117647058823529,0.9774178175281716,Trustful,45,h
33,17,0.5294117647058824,0.9975025463691152,0.7647058823529411,0.7871265862012691,0.8235294117647058,0.672294817075638,0.6470588235294118,0.9366673818775626,Pessimist,40,h
34,17,0.5882352941176471,0.9774178175281716,0.8235294117647058,0.672294817075638,0.6470588235294118,0.9366673818775626,0.7058823529411765,0.8739810481273578,Optimist,33,h
35,17,0.5882352941176471,0.9774178175281716,0.5294117647058824,0.9975025463691152,0.8235294117647058,0.672294817075638,0.5882352941176471,0.9774178175281716,Pessimist,35,d
36,1,1.0,0.0,0.0,0.0,0.0,0.0,0.0,0.0,Trustful,44,h
37,17,0.5294117647058824,0.9975025463691152,0.47058823529411764,0.9975025463691152,0.7058823529411765,0.8739810481273578,0.5882352941176471,0.9774178175281716,Pessimist,27,d
38,17,0.23529411764705882,0.7871265862012691,0.5294117647058824,0.9975025463691152,0.7647058823529411,0.7871265862012691,0.8823529411764706,0.5225593745369408,Envious,28,h
40,17,0.35294117647058826,0.9366673818775626,0.5294117647058824,0.9975025463691152,0.7058823529411765,0.8739810481273578,0.7058823529411765,0.8739810481273578,Pessimist,10,d
41,17,0.47058823529411764,0.9975025463691152,0.6470588235294118,0.9366673818775626,0.7058823529411765,0.8739810481273578,0.7058823529411765,0.8739810481273578,Pessimist,10,d
42,17,0.4117647058823529,0.9774178175281716,0.5294117647058824,0.9975025463691152,0.7058823529411765,0.8739810481273578,0.7647058823529411,0.7871265862012691,Envious,10,h
43,17,0.35294117647058826,0.9366673818775626,0.8235294117647058,0.672294817075638,0.5882352941176471,0.9774178175281716,0.8823529411764706,0.5225593745369408,Envious,10,d
45,17,0.7058823529411765,0.8739810481273578,0.7058823529411765,0.8739810481273578,0.5294117647058824,0.9975025463691152,0.4117647058823529,0.9774178175281716,Trustful,50,h
47,16,0.625,0.954434002924965,0.8125,0.6962122601251458,0.5625,0.9886994082884974,0.5,1.0,Optimist,45,h
48,16,0.625,0.954434002924965,0.75,0.8112781244591328,0.8125,0.6962122601251458,0.75,0.8112781244591328,Pessimist,27,h
49,16,0.6875,0.8960382325345574,0.5,1.0,0.5,1.0,0.375,0.954434002924965,Trustful,32,h
51,16,0.6875,0.8960382325345574,0.5,1.0,0.5,1.0,0.375,0.954434002924965,Trustful,10,d
52,16,0.625,0.954434002924965,0.625,0.954434002924965,0.375,0.954434002924965,0.5625,0.9886994082884974,Undefined,30,d
53,16,0.4375,0.9886994082884974,0.4375,0.9886994082884974,0.8125,0.6962122601251458,0.625,0.954434002924965,Pessimist,26,h
54,16,0.25,0.8112781244591328,0.625,0.954434002924965,0.625,0.954434002924965,0.875,0.5435644431995964,Envious,43,h
55,16,0.4375,0.9886994082884974,0.5625,0.9886994082884974,0.8125,0.6962122601251458,0.9375,0.3372900666170139,Envious,12,h
56,16,0.5,1.0,0.5625,0.9886994082884974,0.75,0.8112781244591328,0.75,0.8112781244591328,Pessimist,31,h
57,16,0.5625,0.9886994082884974,0.875,0.5435644431995964,0.5625,0.9886994082884974,0.6875,0.8960382325345574,Optimist,33,h
58,16,0.3125,0.8960382325345574,0.625,0.954434002924965,0.4375,0.9886994082884974,0.8125,0.6962122601251458,Envious,10,d
59,16,0.3125,0.8960382325345574,0.5625,0.9886994082884974,0.75,0.8112781244591328,0.8125,0.6962122601251458,Envious,14,d
60,16,0.75,0.8112781244591328,0.75,0.8112781244591328,0.4375,0.9886994082884974,0.5,1.0,Trustful,17,h
61,16,0.625,0.954434002924965,0.375,0.954434002924965,0.5625,0.9886994082884974,0.5,1.0,Undefined,16,h
62,14,0.2857142857142857,0.863120568566631,0.7142857142857143,0.863120568566631,0.7857142857142857,0.74959525725948,0.8571428571428571,0.5916727785823275,Envious,40,h
63,14,0.5,1.0,0.5714285714285714,0.9852281360342515,0.5714285714285714,0.9852281360342515,0.5714285714285714,0.9852281360342515,Undefined,10,d
64,14,0.5714285714285714,0.9852281360342515,0.42857142857142855,0.9852281360342515,0.6428571428571429,0.9402859586706311,0.42857142857142855,0.9852281360342515,Undefined,37,h
65,14,0.2857142857142857,0.863120568566631,0.5,1.0,0.7857142857142857,0.74959525725948,0.7857142857142857,0.74959525725948,Pessimist,40,h
66,12,0.5,1.0,0.5,1.0,0.4166666666666667,0.9798687566511529,0.4166666666666667,0.9798687566511529,Undefined,45,d
67,14,0.9285714285714286,0.3712323266408755,0.21428571428571427,0.74959525725948,0.42857142857142855,0.9852281360342515,0.07142857142857142,0.3712323266408755,Trustful,34,d
68,14,0.7857142857142857,0.74959525725948,0.5,1.0,0.42857142857142855,0.9852281360342515,0.21428571428571427,0.74959525725948,Trustful,72,h
69,14,0.35714285714285715,0.9402859586706311,0.8571428571428571,0.5916727785823275,0.7857142857142857,0.74959525725948,0.8571428571428571,0.5916727785823275,Optimist,10,d
70,14,0.8571428571428571,0.5916727785823275,0.5,1.0,0.21428571428571427,0.74959525725948,0.21428571428571427,0.74959525725948,Trustful,50,h
71,15,0.4,0.9709505944546686,0.6666666666666666,0.9182958340544896,0.7333333333333333,0.8366407419411672,0.8666666666666667,0.5665095065529052,Envious,12,h
72,15,0.7333333333333333,0.8366407419411672,0.6666666666666666,0.9182958340544896,0.26666666666666666,0.8366407419411672,0.4,0.9709505944546686,Trustful,42,d
73,15,0.8,0.7219280948873623,0.4,0.9709505944546686,0.2,0.7219280948873623,0.13333333333333333,0.5665095065529052,Trustful,11,h
74,15,0.26666666666666666,0.8366407419411672,0.6,0.9709505944546686,0.9333333333333333,0.3533593350214213,1.0,0.0,Envious,46,d
75,15,0.5333333333333333,0.9967916319816366,0.5333333333333333,0.9967916319816366,0.6,0.9709505944546686,0.4666666666666667,0.9967916319816366,Undefined,10,h
76,15,0.6,0.9709505944546686,0.6,0.9709505944546686,0.6666666666666666,0.9182958340544896,0.4666666666666667,0.9967916319816366,Pessimist,11,h
77,15,0.06666666666666667,0.3533593350214213,0.7333333333333333,0.8366407419411672,0.7333333333333333,0.8366407419411672,1.0,0.0,Envious,11,h
78,15,0.4666666666666667,0.9967916319816366,0.8666666666666667,0.5665095065529052,0.8666666666666667,0.5665095065529052,1.0,0.0,Envious,10,h
79,15,0.2,0.7219280948873623,0.8,0.7219280948873623,0.8666666666666667,0.5665095065529052,0.9333333333333333,0.3533593350214213,Envious,10,d
80,15,0.5333333333333333,0.9967916319816366,0.6,0.9709505944546686,0.5333333333333333,0.9967916319816366,0.4666666666666667,0.9967916319816366,Undefined,35,d
81,15,0.6666666666666666,0.9182958340544896,0.4666666666666667,0.9967916319816366,0.4666666666666667,0.9967916319816366,0.5333333333333333,0.9967916319816366,Trustful,40,h
82,15,0.26666666666666666,0.8366407419411672,0.4,0.9709505944546686,0.3333333333333333,0.9182958340544896,0.5333333333333333,0.9967916319816366,Undefined,39,h
83,15,0.8666666666666667,0.5665095065529052,0.4,0.9709505944546686,0.3333333333333333,0.9182958340544896,0.26666666666666666,0.8366407419411672,Trustful,53,h
84,15,0.4,0.9709505944546686,0.6,0.9709505944546686,0.6666666666666666,0.9182958340544896,0.7333333333333333,0.8366407419411672,Envious,39,h
85,15,0.2,0.7219280948873623,0.9333333333333333,0.3533593350214213,0.6,0.9709505944546686,0.9333333333333333,0.3533593350214213,Optimist,38,d
86,18,0.3333333333333333,0.9182958340544896,0.5555555555555556,0.9910760598382222,0.6111111111111112,0.964078764808229,0.7777777777777778,0.7642045065086203,Envious,11,d
87,18,0.3888888888888889,0.964078764808229,0.5,1.0,0.6111111111111112,0.964078764808229,0.7777777777777778,0.7642045065086203,Envious,43,h
88,18,0.3888888888888889,0.964078764808229,0.6666666666666666,0.9182958340544896,0.5555555555555556,0.9910760598382222,0.6111111111111112,0.964078764808229,Optimist,10,h
89,18,0.9444444444444444,0.3095434291503253,0.5555555555555556,0.9910760598382222,0.4444444444444444,0.9910760598382222,0.2777777777777778,0.8524051786494786,Trustful,49,h
90,18,1.0,0.0,0.3333333333333333,0.9182958340544896,0.4444444444444444,0.9910760598382222,0.05555555555555555,0.3095434291503253,Trustful,10,h
91,18,0.16666666666666666,0.6500224216483541,0.8888888888888888,0.5032583347756459,0.6111111111111112,0.964078764808229,0.9444444444444444,0.3095434291503253,Envious,10,h
92,18,0.3888888888888889,0.964078764808229,0.8333333333333334,0.6500224216483541,0.5,1.0,0.7222222222222222,0.8524051786494786,Optimist,10,h
93,18,0.2222222222222222,0.7642045065086203,0.6666666666666666,0.9182958340544896,0.6666666666666666,0.9182958340544896,0.9444444444444444,0.3095434291503253,Envious,50,d
95,18,0.6111111111111112,0.964078764808229,0.6666666666666666,0.9182958340544896,0.5,1.0,0.5555555555555556,0.9910760598382222,Optimist,33,d
96,18,0.4444444444444444,0.9910760598382222,0.7222222222222222,0.8524051786494786,0.5555555555555556,0.9910760598382222,0.6666666666666666,0.9182958340544896,Optimist,32,h
97,18,0.5555555555555556,0.9910760598382222,0.6666666666666666,0.9182958340544896,0.6111111111111112,0.964078764808229,0.6666666666666666,0.9182958340544896,Optimist,36,h
98,18,0.2222222222222222,0.7642045065086203,0.6666666666666666,0.9182958340544896,0.6111111111111112,0.964078764808229,0.8333333333333334,0.6500224216483541,Envious,32,d
99,18,0.4444444444444444,0.9910760598382222,0.6111111111111112,0.964078764808229,0.6111111111111112,0.964078764808229,0.3888888888888889,0.964078764808229,Undefined,34,h
100,18,0.16666666666666666,0.6500224216483541,0.7222222222222222,0.8524051786494786,0.7222222222222222,0.8524051786494786,1.0,0.0,Envious,35,h
101,18,0.5,1.0,0.5555555555555556,0.9910760598382222,0.6666666666666666,0.9182958340544896,0.6111111111111112,0.964078764808229,Pessimist,19,h
102,18,0.4444444444444444,0.9910760598382222,0.6111111111111112,0.964078764808229,0.5555555555555556,0.9910760598382222,0.6666666666666666,0.9182958340544896,Envious,19,h
103,18,0.2222222222222222,0.7642045065086203,0.7777777777777778,0.7642045065086203,0.7222222222222222,0.8524051786494786,0.9444444444444444,0.3095434291503253,Envious,44,d
104,17,0.29411764705882354,0.873981048127358,0.7058823529411765,0.8739810481273578,0.8235294117647058,0.672294817075638,0.9411764705882353,0.3227569588973983,Envious,40,d
105,17,0.4117647058823529,0.9774178175281716,0.7058823529411765,0.8739810481273578,0.7058823529411765,0.8739810481273578,0.8235294117647058,0.672294817075638,Envious,41,h
106,17,0.4117647058823529,0.9774178175281716,0.5882352941176471,0.9774178175281716,0.7647058823529411,0.7871265862012691,0.7058823529411765,0.8739810481273578,Pessimist,32,h
107,17,0.29411764705882354,0.873981048127358,0.4117647058823529,0.9774178175281716,0.47058823529411764,0.9975025463691152,0.6470588235294118,0.9366673818775626,Undefined,64,h
108,17,0.6470588235294118,0.9366673818775626,0.6470588235294118,0.9366673818775626,0.5294117647058824,0.9975025463691152,0.4117647058823529,0.9774178175281716,Undefined,30,d
109,17,0.5294117647058824,0.9975025463691152,0.47058823529411764,0.9975025463691152,0.6470588235294118,0.9366673818775626,0.5882352941176471,0.9774178175281716,Undefined,57,d
110,17,0.5882352941176471,0.9774178175281716,0.6470588235294118,0.9366673818775626,0.7647058823529411,0.7871265862012691,0.8235294117647058,0.672294817075638,Envious,46,d
111,17,0.47058823529411764,0.9975025463691152,0.6470588235294118,0.9366673818775626,0.6470588235294118,0.9366673818775626,0.5294117647058824,0.9975025463691152,Undefined,42,h
112,17,0.5294117647058824,0.9975025463691152,0.6470588235294118,0.9366673818775626,0.5294117647058824,0.9975025463691152,0.5882352941176471,0.9774178175281716,Undefined,10,d
113,17,0.5294117647058824,0.9975025463691152,0.6470588235294118,0.9366673818775626,0.7647058823529411,0.7871265862012691,0.8235294117647058,0.672294817075638,Envious,11,h
114,17,0.6470588235294118,0.9366673818775626,0.35294117647058826,0.9366673818775626,0.4117647058823529,0.9774178175281716,0.4117647058823529,0.9774178175281716,Undefined,10,h
115,17,0.47058823529411764,0.9975025463691152,0.7647058823529411,0.7871265862012691,0.8235294117647058,0.672294817075638,0.8823529411764706,0.5225593745369408,Envious,36,h
116,17,0.35294117647058826,0.9366673818775626,0.7647058823529411,0.7871265862012691,0.5294117647058824,0.9975025463691152,0.7058823529411765,0.8739810481273578,Optimist,37,d
117,17,0.7058823529411765,0.8739810481273578,0.7647058823529411,0.7871265862012691,0.47058823529411764,0.9975025463691152,0.47058823529411764,0.9975025463691152,Optimist,36,d
118,17,0.5294117647058824,0.9975025463691152,0.7058823529411765,0.8739810481273578,0.5294117647058824,0.9975025463691152,0.5294117647058824,0.9975025463691152,Optimist,10,h
119,17,0.7647058823529411,0.7871265862012691,0.8235294117647058,0.672294817075638,0.5294117647058824,0.9975025463691152,0.5294117647058824,0.9975025463691152,Optimist,42,h
120,17,0.17647058823529413,0.672294817075638,0.5294117647058824,0.9975025463691152,0.8235294117647058,0.672294817075638,0.8823529411764706,0.5225593745369408,Envious,29,d
121,17,0.4117647058823529,0.9774178175281716,0.5882352941176471,0.9774178175281716,0.6470588235294118,0.9366673818775626,0.8235294117647058,0.672294817075638,Envious,42,h
122,17,0.35294117647058826,0.9366673818775626,0.7058823529411765,0.8739810481273578,0.5294117647058824,0.9975025463691152,0.8235294117647058,0.672294817075638,Envious,29,h
123,17,0.6470588235294118,0.9366673818775626,0.6470588235294118,0.9366673818775626,0.5882352941176471,0.9774178175281716,0.5294117647058824,0.9975025463691152,Undefined,10,h
124,17,0.5882352941176471,0.9774178175281716,0.5294117647058824,0.9975025463691152,0.6470588235294118,0.9366673818775626,0.5882352941176471,0.9774178175281716,Undefined,55,d
125,17,0.6470588235294118,0.9366673818775626,0.6470588235294118,0.9366673818775626,0.47058823529411764,0.9975025463691152,0.47058823529411764,0.9975025463691152,Undefined,56,h
126,17,0.8235294117647058,0.672294817075638,0.6470588235294118,0.9366673818775626,0.6470588235294118,0.9366673818775626,0.4117647058823529,0.9774178175281716,Trustful,31,h
127,17,0.6470588235294118,0.9366673818775626,0.5294117647058824,0.9975025463691152,0.5294117647058824,0.9975025463691152,0.47058823529411764,0.9975025463691152,Undefined,34,d
128,17,0.4117647058823529,0.9774178175281716,0.4117647058823529,0.9774178175281716,0.4117647058823529,0.9774178175281716,0.47058823529411764,0.9975025463691152,Undefined,10,h
129,13,0.6153846153846154,0.9612366047228759,0.38461538461538464,0.9612366047228759,0.38461538461538464,0.9612366047228759,0.46153846153846156,0.9957274520849255,Undefined,31,h
130,13,0.6153846153846154,0.9612366047228759,0.6153846153846154,0.9612366047228759,0.5384615384615384,0.9957274520849255,0.5384615384615384,0.9957274520849255,Undefined,37,h
131,13,0.7692307692307693,0.779349837292085,0.5384615384615384,0.9957274520849255,0.5384615384615384,0.9957274520849255,0.38461538461538464,0.9612366047228759,Trustful,37,h
132,13,0.15384615384615385,0.6193821946787638,0.7692307692307693,0.779349837292085,0.5384615384615384,0.9957274520849255,1.0,0.0,Envious,36,h
133,13,0.7692307692307693,0.779349837292085,0.3076923076923077,0.8904916402194913,0.3076923076923077,0.8904916402194913,0.3076923076923077,0.8904916402194913,Trustful,46,h
134,13,0.38461538461538464,0.9612366047228759,0.8461538461538461,0.6193821946787638,0.8461538461538461,0.6193821946787638,0.7692307692307693,0.779349837292085,Optimist,16,h
135,16,0.0625,0.3372900666170139,0.6875,0.8960382325345574,0.6875,0.8960382325345574,0.9375,0.3372900666170139,Envious,16,d
136,16,0.1875,0.6962122601251458,0.625,0.954434002924965,0.75,0.8112781244591328,0.875,0.5435644431995964,Envious,18,h
137,16,0.75,0.8112781244591328,0.6875,0.8960382325345574,0.5625,0.9886994082884974,0.375,0.954434002924965,Trustful,25,h
138,16,0.3125,0.8960382325345574,0.8125,0.6962122601251458,0.625,0.954434002924965,0.875,0.5435644431995964,Envious,24,h
139,16,0.3125,0.8960382325345574,0.75,0.8112781244591328,0.8125,0.6962122601251458,1.0,0.0,Envious,44,h
140,16,0.25,0.8112781244591328,0.5625,0.9886994082884974,0.6875,0.8960382325345574,0.8125,0.6962122601251458,Envious,45,h
141,17,0.11764705882352941,0.5225593745369408,0.7058823529411765,0.8739810481273578,0.7058823529411765,0.8739810481273578,0.8823529411764706,0.5225593745369408,Envious,35,h
142,17,0.29411764705882354,0.873981048127358,0.6470588235294118,0.9366673818775626,0.5882352941176471,0.9774178175281716,0.7058823529411765,0.8739810481273578,Envious,33,h
143,17,0.6470588235294118,0.9366673818775626,0.5882352941176471,0.9774178175281716,0.5294117647058824,0.9975025463691152,0.4117647058823529,0.9774178175281716,Undefined,34,h
144,17,0.4117647058823529,0.9774178175281716,0.7058823529411765,0.8739810481273578,0.7647058823529411,0.7871265862012691,0.9411764705882353,0.3227569588973983,Envious,36,h
145,6,0.16666666666666666,0.6500224216483541,0.8333333333333334,0.6500224216483541,0.8333333333333334,0.6500224216483541,0.8333333333333334,0.6500224216483541,Optimist,34,h
146,17,0.6470588235294118,0.9366673818775626,0.8235294117647058,0.672294817075638,0.5294117647058824,0.9975025463691152,0.7058823529411765,0.8739810481273578,Optimist,40,d
147,14,0.6428571428571429,0.9402859586706311,0.35714285714285715,0.9402859586706311,0.42857142857142855,0.9852281360342515,0.35714285714285715,0.9402859586706311,Undefined,13,h
148,17,0.6470588235294118,0.9366673818775626,0.6470588235294118,0.9366673818775626,0.7058823529411765,0.8739810481273578,0.5294117647058824,0.9975025463691152,Pessimist,30,h
149,17,0.17647058823529413,0.672294817075638,0.5294117647058824,0.9975025463691152,0.7058823529411765,0.8739810481273578,0.8235294117647058,0.672294817075638,Envious,10,h
150,14,0.6428571428571429,0.9402859586706311,0.5714285714285714,0.9852281360342515,0.42857142857142855,0.9852281360342515,0.42857142857142855,0.9852281360342515,Undefined,45,h
151,16,0.5,1.0,0.5,1.0,0.5,1.0,0.375,0.954434002924965,Undefined,50,h
152,17,0.058823529411764705,0.3227569588973983,0.7647058823529411,0.7871265862012691,0.7058823529411765,0.8739810481273578,1.0,0.0,Envious,50,h
153,18,0.3888888888888889,0.964078764808229,0.4444444444444444,0.9910760598382222,0.7222222222222222,0.8524051786494786,0.6666666666666666,0.9182958340544896,Pessimist,40,h
154,18,0.3888888888888889,0.964078764808229,0.7777777777777778,0.7642045065086203,0.8333333333333334,0.6500224216483541,0.7777777777777778,0.7642045065086203,Pessimist,38,h
155,18,0.5,1.0,0.8888888888888888,0.5032583347756459,0.5555555555555556,0.9910760598382222,0.5555555555555556,0.9910760598382222,Optimist,39,h
156,18,0.2777777777777778,0.8524051786494786,0.6111111111111112,0.964078764808229,0.6111111111111112,0.964078764808229,0.7777777777777778,0.7642045065086203,Envious,18,d
157,18,0.6111111111111112,0.964078764808229,0.7222222222222222,0.8524051786494786,0.7222222222222222,0.8524051786494786,0.7222222222222222,0.8524051786494786,Optimist,38,h
158,17,0.17647058823529413,0.672294817075638,0.8235294117647058,0.672294817075638,0.7647058823529411,0.7871265862012691,1.0,0.0,Envious,12,h
159,18,0.3333333333333333,0.9182958340544896,0.5,1.0,0.4444444444444444,0.9910760598382222,0.5,1.0,Undefined,39,d
160,16,0.875,0.5435644431995964,0.5,1.0,0.4375,0.9886994082884974,0.3125,0.8960382325345574,Trustful,19,d
161,16,0.5625,0.9886994082884974,0.6875,0.8960382325345574,0.6875,0.8960382325345574,0.6875,0.8960382325345574,Optimist,26,h
162,15,0.7333333333333333,0.8366407419411672,0.4,0.9709505944546686,0.26666666666666666,0.8366407419411672,0.2,0.7219280948873623,Trustful,70,h
163,17,0.5882352941176471,0.9774178175281716,0.5882352941176471,0.9774178175281716,0.6470588235294118,0.9366673818775626,0.5882352941176471,0.9774178175281716,Undefined,50,d
164,18,0.5,1.0,0.7222222222222222,0.8524051786494786,0.6666666666666666,0.9182958340544896,0.7777777777777778,0.7642045065086203,Envious,14,d
165,18,0.3888888888888889,0.964078764808229,0.5,1.0,0.5,1.0,0.7222222222222222,0.8524051786494786,Envious,12,h
166,18,0.3888888888888889,0.964078764808229,0.7777777777777778,0.7642045065086203,0.7777777777777778,0.7642045065086203,0.7777777777777778,0.7642045065086203,Optimist,51,h
168,4,0.0,0.0,0.75,0.8112781244591328,0.5,1.0,1.0,0.0,Envious,12,h
169,14,0.6428571428571429,0.9402859586706311,0.5,1.0,0.42857142857142855,0.9852281360342515,0.5,1.0,Undefined,26,d
170,16,0.625,0.954434002924965,0.875,0.5435644431995964,0.5625,0.9886994082884974,0.6875,0.8960382325345574,Optimist,27,d
171,16,0.375,0.954434002924965,0.5625,0.9886994082884974,0.5,1.0,0.5625,0.9886994082884974,Undefined,29,h
172,16,0.375,0.954434002924965,0.75,0.8112781244591328,0.5,1.0,0.6875,0.8960382325345574,Optimist,32,h
173,16,0.25,0.8112781244591328,0.5,1.0,0.3125,0.8960382325345574,0.625,0.954434002924965,Undefined,26,h
174,16,0.4375,0.9886994082884974,0.5625,0.9886994082884974,0.6875,0.8960382325345574,0.625,0.954434002924965,Pessimist,35,h
175,16,0.625,0.954434002924965,0.8125,0.6962122601251458,0.4375,0.9886994082884974,0.5625,0.9886994082884974,Optimist,38,d
176,16,0.6875,0.8960382325345574,0.6875,0.8960382325345574,0.5625,0.9886994082884974,0.375,0.954434002924965,Trustful,26,h
177,16,0.5,1.0,0.6875,0.8960382325345574,0.5,1.0,0.6875,0.8960382325345574,Optimist,27,d
178,16,0.5,1.0,0.875,0.5435644431995964,0.75,0.8112781244591328,0.8125,0.6962122601251458,Optimist,26,h
179,16,0.125,0.5435644431995964,0.8125,0.6962122601251458,0.5625,0.9886994082884974,1.0,0.0,Envious,27,d
180,16,0.75,0.8112781244591328,0.6875,0.8960382325345574,0.8125,0.6962122601251458,0.625,0.954434002924965,Pessimist,26,h
181,16,0.3125,0.8960382325345574,0.625,0.954434002924965,0.5,1.0,0.6875,0.8960382325345574,Envious,55,h
186,14,0.8571428571428571,0.5916727785823275,0.6428571428571429,0.9402859586706311,0.7142857142857143,0.863120568566631,0.2857142857142857,0.863120568566631,Trustful,31,h
187,14,0.21428571428571427,0.74959525725948,0.5714285714285714,0.9852281360342515,0.6428571428571429,0.9402859586706311,0.7142857142857143,0.863120568566631,Envious,31,h
188,14,0.8571428571428571,0.5916727785823275,0.5714285714285714,0.9852281360342515,0.35714285714285715,0.9402859586706311,0.2857142857142857,0.863120568566631,Trustful,28,h
190,16,0.3125,0.8960382325345574,0.625,0.954434002924965,0.8125,0.6962122601251458,0.8125,0.6962122601251458,Pessimist,14,d
191,16,0.6875,0.8960382325345574,0.625,0.954434002924965,0.75,0.8112781244591328,0.5625,0.9886994082884974,Pessimist,37,h
192,16,0.875,0.5435644431995964,0.5625,0.9886994082884974,0.375,0.954434002924965,0.3125,0.8960382325345574,Trustful,27,d
193,16,0.75,0.8112781244591328,0.5625,0.9886994082884974,0.6875,0.8960382325345574,0.375,0.954434002924965,Trustful,27,h
194,16,0.75,0.8112781244591328,0.5,1.0,0.9375,0.3372900666170139,0.625,0.954434002924965,Pessimist,29,h
195,16,0.875,0.5435644431995964,0.5,1.0,0.3125,0.8960382325345574,0.25,0.8112781244591328,Trustful,25,h
196,16,1.0,0.0,0.25,0.8112781244591328,0.4375,0.9886994082884974,0.25,0.8112781244591328,Trustful,29,d
197,16,0.6875,0.8960382325345574,0.625,0.954434002924965,0.5625,0.9886994082884974,0.4375,0.9886994082884974,Trustful,27,h
198,16,0.6875,0.8960382325345574,0.5625,0.9886994082884974,0.75,0.8112781244591328,0.5625,0.9886994082884974,Pessimist,30,h
199,15,0.8666666666666667,0.5665095065529052,0.6666666666666666,0.9182958340544896,0.5333333333333333,0.9967916319816366,0.4,0.9709505944546686,Trustful,21,h
200,15,1.0,0.0,0.5333333333333333,0.9967916319816366,0.3333333333333333,0.9182958340544896,0.13333333333333333,0.5665095065529052,Trustful,28,h
201,15,0.7333333333333333,0.8366407419411672,0.7333333333333333,0.8366407419411672,0.6,0.9709505944546686,0.5333333333333333,0.9967916319816366,Trustful,27,h
202,15,0.26666666666666666,0.8366407419411672,0.6666666666666666,0.9182958340544896,0.6666666666666666,0.9182958340544896,0.7333333333333333,0.8366407419411672,Envious,15,h
203,15,0.3333333333333333,0.9182958340544896,0.6666666666666666,0.9182958340544896,0.8666666666666667,0.5665095065529052,0.8666666666666667,0.5665095065529052,Pessimist,22,h
204,15,0.4666666666666667,0.9967916319816366,0.7333333333333333,0.8366407419411672,0.7333333333333333,0.8366407419411672,0.6666666666666666,0.9182958340544896,Optimist,48,h
205,15,0.4666666666666667,0.9967916319816366,0.4666666666666667,0.9967916319816366,1.0,0.0,0.6666666666666666,0.9182958340544896,Pessimist,34,d
206,15,0.13333333333333333,0.5665095065529052,0.7333333333333333,0.8366407419411672,0.7333333333333333,0.8366407419411672,0.8666666666666667,0.5665095065529052,Envious,45,d
207,15,0.4666666666666667,0.9967916319816366,0.8666666666666667,0.5665095065529052,0.6,0.9709505944546686,0.6,0.9709505944546686,Optimist,12,h
208,15,0.8,0.7219280948873623,0.7333333333333333,0.8366407419411672,0.5333333333333333,0.9967916319816366,0.4666666666666667,0.9967916319816366,Trustful,11,h
209,15,0.6,0.9709505944546686,0.6,0.9709505944546686,0.7333333333333333,0.8366407419411672,0.6,0.9709505944546686,Pessimist,11,h
210,15,0.5333333333333333,0.9967916319816366,0.5333333333333333,0.9967916319816366,0.6,0.9709505944546686,0.6,0.9709505944546686,Undefined,46,h
211,15,0.6,0.9709505944546686,0.7333333333333333,0.8366407419411672,0.6666666666666666,0.9182958340544896,0.6666666666666666,0.9182958340544896,Optimist,44,h
212,15,0.9333333333333333,0.3533593350214213,0.5333333333333333,0.9967916319816366,0.6,0.9709505944546686,0.3333333333333333,0.9182958340544896,Trustful,34,d
213,15,0.9333333333333333,0.3533593350214213,0.5333333333333333,0.9967916319816366,0.4,0.9709505944546686,0.2,0.7219280948873623,Trustful,28,h
214,15,0.4,0.9709505944546686,0.6,0.9709505944546686,0.7333333333333333,0.8366407419411672,0.6666666666666666,0.9182958340544896,Pessimist,29,d
215,15,0.4,0.9709505944546686,0.7333333333333333,0.8366407419411672,0.6666666666666666,0.9182958340544896,0.8,0.7219280948873623,Envious,10,h
216,15,0.8,0.7219280948873623,0.6666666666666666,0.9182958340544896,0.7333333333333333,0.8366407419411672,0.5333333333333333,0.9967916319816366,Trustful,33,h
217,15,0.4666666666666667,0.9967916319816366,0.6666666666666666,0.9182958340544896,0.6666666666666666,0.9182958340544896,0.7333333333333333,0.8366407419411672,Envious,40,h
218,15,0.4,0.9709505944546686,0.26666666666666666,0.8366407419411672,0.5333333333333333,0.9967916319816366,0.6,0.9709505944546686,Undefined,27,d
219,15,0.7333333333333333,0.8366407419411672,0.3333333333333333,0.9182958340544896,0.5333333333333333,0.9967916319816366,0.26666666666666666,0.8366407419411672,Trustful,34,d
220,15,0.5333333333333333,0.9967916319816366,0.7333333333333333,0.8366407419411672,0.5333333333333333,0.9967916319816366,0.6,0.9709505944546686,Optimist,26,h
221,15,0.5333333333333333,0.9967916319816366,0.7333333333333333,0.8366407419411672,0.7333333333333333,0.8366407419411672,0.6666666666666666,0.9182958340544896,Optimist,27,d
222,15,0.2,0.7219280948873623,0.8,0.7219280948873623,0.5333333333333333,0.9967916319816366,0.9333333333333333,0.3533593350214213,Envious,28,h
223,15,0.4666666666666667,0.9967916319816366,0.5333333333333333,0.9967916319816366,0.6,0.9709505944546686,0.4666666666666667,0.9967916319816366,Undefined,14,h
224,15,0.0,0.0,0.6,0.9709505944546686,0.6666666666666666,0.9182958340544896,1.0,0.0,Envious,33,d
225,15,0.13333333333333333,0.5665095065529052,0.8,0.7219280948873623,0.6666666666666666,0.9182958340544896,1.0,0.0,Envious,33,h
226,15,0.3333333333333333,0.9182958340544896,0.6666666666666666,0.9182958340544896,0.7333333333333333,0.8366407419411672,0.7333333333333333,0.8366407419411672,Pessimist,43,d
227,15,0.4,0.9709505944546686,0.6,0.9709505944546686,0.3333333333333333,0.9182958340544896,0.6666666666666666,0.9182958340544896,Envious,32,d
228,14,0.35714285714285715,0.9402859586706311,0.6428571428571429,0.9402859586706311,0.6428571428571429,0.9402859586706311,0.7857142857142857,0.74959525725948,Envious,33,h
229,14,0.42857142857142855,0.9852281360342515,0.7142857142857143,0.863120568566631,0.7142857142857143,0.863120568566631,0.7857142857142857,0.74959525725948,Envious,35,h
230,14,0.2857142857142857,0.863120568566631,0.7857142857142857,0.74959525725948,0.6428571428571429,0.9402859586706311,0.7142857142857143,0.863120568566631,Optimist,10,h
231,14,0.5714285714285714,0.9852281360342515,0.7857142857142857,0.74959525725948,0.7142857142857143,0.863120568566631,0.7857142857142857,0.74959525725948,Optimist,10,h
232,14,0.2857142857142857,0.863120568566631,0.5714285714285714,0.9852281360342515,0.6428571428571429,0.9402859586706311,0.7142857142857143,0.863120568566631,Envious,33,h
233,10,0.6,0.9709505944546686,0.7,0.8812908992306927,0.6,0.9709505944546686,0.6,0.9709505944546686,Optimist,16,h
234,14,0.5,1.0,0.5714285714285714,0.9852281360342515,0.6428571428571429,0.9402859586706311,0.5714285714285714,0.9852281360342515,Undefined,25,d
235,14,0.5714285714285714,0.9852281360342515,0.6428571428571429,0.9402859586706311,0.42857142857142855,0.9852281360342515,0.42857142857142855,0.9852281360342515,Undefined,57,h
236,14,0.7857142857142857,0.74959525725948,0.7857142857142857,0.74959525725948,0.5,1.0,0.5,1.0,Trustful,27,d
237,14,0.42857142857142855,0.9852281360342515,0.6428571428571429,0.9402859586706311,0.5,1.0,0.7142857142857143,0.863120568566631,Envious,31,h
238,14,0.6428571428571429,0.9402859586706311,0.35714285714285715,0.9402859586706311,0.8571428571428571,0.5916727785823275,0.42857142857142855,0.9852281360342515,Pessimist,29,h
239,14,0.6428571428571429,0.9402859586706311,0.7142857142857143,0.863120568566631,0.5714285714285714,0.9852281360342515,0.6428571428571429,0.9402859586706311,Optimist,24,d
240,14,0.2857142857142857,0.863120568566631,0.6428571428571429,0.9402859586706311,0.6428571428571429,0.9402859586706311,0.7857142857142857,0.74959525725948,Envious,32,h
241,14,0.2857142857142857,0.863120568566631,0.7857142857142857,0.74959525725948,0.42857142857142855,0.9852281360342515,0.7857142857142857,0.74959525725948,Optimist,48,d
242,14,0.35714285714285715,0.9402859586706311,0.7142857142857143,0.863120568566631,0.6428571428571429,0.9402859586706311,0.7857142857142857,0.74959525725948,Envious,48,h
245,13,0.3076923076923077,0.8904916402194913,0.7692307692307693,0.779349837292085,0.46153846153846156,0.9957274520849255,0.9230769230769231,0.3912435636292555,Envious,19,d
246,13,0.38461538461538464,0.9612366047228759,0.8461538461538461,0.6193821946787638,0.6923076923076923,0.8904916402194913,0.7692307692307693,0.779349837292085,Optimist,20,h
247,13,0.23076923076923078,0.7793498372920853,0.7692307692307693,0.779349837292085,0.5384615384615384,0.9957274520849255,1.0,0.0,Envious,23,h
248,13,0.23076923076923078,0.7793498372920853,0.6153846153846154,0.9612366047228759,0.8461538461538461,0.6193821946787638,0.7692307692307693,0.779349837292085,Pessimist,17,h
249,13,0.6153846153846154,0.9612366047228759,0.7692307692307693,0.779349837292085,0.6923076923076923,0.8904916402194913,0.6923076923076923,0.8904916402194913,Optimist,23,h
250,13,0.5384615384615384,0.9957274520849255,0.6923076923076923,0.8904916402194913,1.0,0.0,0.7692307692307693,0.779349837292085,Pessimist,45,h
251,13,0.23076923076923078,0.7793498372920853,0.7692307692307693,0.779349837292085,0.5384615384615384,0.9957274520849255,0.8461538461538461,0.6193821946787638,Envious,43,d
252,13,0.6153846153846154,0.9612366047228759,0.6923076923076923,0.8904916402194913,0.6923076923076923,0.8904916402194913,0.6153846153846154,0.9612366047228759,Optimist,43,h
253,13,0.5384615384615384,0.9957274520849255,0.9230769230769231,0.3912435636292555,0.7692307692307693,0.779349837292085,0.7692307692307693,0.779349837292085,Optimist,28,d
254,13,0.5384615384615384,0.9957274520849255,0.7692307692307693,0.779349837292085,0.6923076923076923,0.8904916402194913,0.6153846153846154,0.9612366047228759,Optimist,38,h
255,13,0.6153846153846154,0.9612366047228759,0.38461538461538464,0.9612366047228759,0.7692307692307693,0.779349837292085,0.46153846153846156,0.9957274520849255,Pessimist,28,h
256,13,0.23076923076923078,0.7793498372920853,0.6923076923076923,0.8904916402194913,0.6153846153846154,0.9612366047228759,0.9230769230769231,0.3912435636292555,Envious,10,h
257,8,0.5,1.0,0.5,1.0,0.625,0.954434002924965,0.625,0.954434002924965,Undefined,38,h
258,13,0.5384615384615384,0.9957274520849255,0.6153846153846154,0.9612366047228759,0.6923076923076923,0.8904916402194913,0.6153846153846154,0.9612366047228759,Pessimist,10,d
259,14,0.35714285714285715,0.9402859586706311,0.6428571428571429,0.9402859586706311,0.7142857142857143,0.863120568566631,0.8571428571428571,0.5916727785823275,Envious,37,h
261,14,0.9285714285714286,0.3712323266408755,0.42857142857142855,0.9852281360342515,0.7142857142857143,0.863120568566631,0.2857142857142857,0.863120568566631,Trustful,36,h
263,16,0.0625,0.3372900666170139,0.5625,0.9886994082884974,0.6875,0.8960382325345574,0.9375,0.3372900666170139,Envious,14,d
266,14,0.35714285714285715,0.9402859586706311,0.7142857142857143,0.863120568566631,0.7857142857142857,0.74959525725948,0.8571428571428571,0.5916727785823275,Envious,45,d
270,16,0.3125,0.8960382325345574,0.625,0.954434002924965,0.8125,0.6962122601251458,0.75,0.8112781244591328,Pessimist,14,h
272,14,0.7857142857142857,0.74959525725948,0.6428571428571429,0.9402859586706311,0.5714285714285714,0.9852281360342515,0.35714285714285715,0.9402859586706311,Trustful,40,d
275,14,0.42857142857142855,0.9852281360342515,0.8571428571428571,0.5916727785823275,0.5714285714285714,0.9852281360342515,0.8571428571428571,0.5916727785823275,Optimist,46,d
276,14,0.35714285714285715,0.9402859586706311,0.7142857142857143,0.863120568566631,0.5714285714285714,0.9852281360342515,0.7857142857142857,0.74959525725948,Envious,45,h
277,14,0.7142857142857143,0.863120568566631,0.5,1.0,0.42857142857142855,0.9852281360342515,0.42857142857142855,0.9852281360342515,Trustful,49,d
278,13,0.3076923076923077,0.8904916402194913,0.5384615384615384,0.9957274520849255,0.6153846153846154,0.9612366047228759,0.7692307692307693,0.779349837292085,Envious,10,h
279,13,0.3076923076923077,0.8904916402194913,0.6923076923076923,0.8904916402194913,0.6923076923076923,0.8904916402194913,0.8461538461538461,0.6193821946787638,Envious,24,d
280,13,0.9230769230769231,0.3912435636292555,0.5384615384615384,0.9957274520849255,0.46153846153846156,0.9957274520849255,0.23076923076923078,0.7793498372920853,Trustful,29,h
281,12,0.16666666666666666,0.6500224216483541,0.6666666666666666,0.9182958340544896,0.75,0.8112781244591328,0.9166666666666666,0.41381685030363385,Envious,11,h
282,13,0.15384615384615385,0.6193821946787638,0.7692307692307693,0.779349837292085,0.6923076923076923,0.8904916402194913,1.0,0.0,Envious,49,h
283,13,0.23076923076923078,0.7793498372920853,0.46153846153846156,0.9957274520849255,0.6153846153846154,0.9612366047228759,0.7692307692307693,0.779349837292085,Envious,11,d
284,13,0.46153846153846156,0.9957274520849255,0.6153846153846154,0.9612366047228759,0.7692307692307693,0.779349837292085,0.6923076923076923,0.8904916402194913,Pessimist,53,h
285,13,0.6923076923076923,0.8904916402194913,0.3076923076923077,0.8904916402194913,0.7692307692307693,0.779349837292085,0.38461538461538464,0.9612366047228759,Pessimist,52,d
286,13,0.3076923076923077,0.8904916402194913,0.8461538461538461,0.6193821946787638,0.5384615384615384,0.9957274520849255,0.7692307692307693,0.779349837292085,Optimist,39,h
287,13,0.5384615384615384,0.9957274520849255,0.3076923076923077,0.8904916402194913,0.7692307692307693,0.779349837292085,0.5384615384615384,0.9957274520849255,Pessimist,43,d
288,13,0.6153846153846154,0.9612366047228759,0.46153846153846156,0.9957274520849255,0.5384615384615384,0.9957274520849255,0.5384615384615384,0.9957274520849255,Undefined,48,h
289,13,0.23076923076923078,0.7793498372920853,0.7692307692307693,0.779349837292085,0.6153846153846154,0.9612366047228759,0.9230769230769231,0.3912435636292555,Envious,10,h
290,10,0.3,0.8812908992306927,0.5,1.0,0.6,0.9709505944546686,0.8,0.7219280948873623,Envious,10,h
291,13,0.23076923076923078,0.7793498372920853,0.6923076923076923,0.8904916402194913,0.8461538461538461,0.6193821946787638,0.9230769230769231,0.3912435636292555,Envious,16,h
292,13,0.5384615384615384,0.9957274520849255,0.5384615384615384,0.9957274520849255,0.7692307692307693,0.779349837292085,0.6153846153846154,0.9612366047228759,Pessimist,31,h
293,13,0.3076923076923077,0.8904916402194913,0.6153846153846154,0.9612366047228759,0.7692307692307693,0.779349837292085,0.9230769230769231,0.3912435636292555,Envious,16,h
294,13,0.6153846153846154,0.9612366047228759,0.7692307692307693,0.779349837292085,0.46153846153846156,0.9957274520849255,0.46153846153846156,0.9957274520849255,Optimist,51,d
295,13,0.7692307692307693,0.779349837292085,0.6923076923076923,0.8904916402194913,0.6923076923076923,0.8904916402194913,0.5384615384615384,0.9957274520849255,Trustful,31,d
296,13,0.3076923076923077,0.8904916402194913,0.46153846153846156,0.9957274520849255,0.8461538461538461,0.6193821946787638,0.8461538461538461,0.6193821946787638,Pessimist,13,h
297,13,0.6153846153846154,0.9612366047228759,0.6153846153846154,0.9612366047228759,0.46153846153846156,0.9957274520849255,0.38461538461538464,0.9612366047228759,Undefined,32,h
298,13,0.5384615384615384,0.9957274520849255,0.7692307692307693,0.779349837292085,0.5384615384615384,0.9957274520849255,0.5384615384615384,0.9957274520849255,Optimist,12,h
299,13,0.6923076923076923,0.8904916402194913,0.5384615384615384,0.9957274520849255,0.6153846153846154,0.9612366047228759,0.38461538461538464,0.9612366047228759,Trustful,33,d
300,13,0.15384615384615385,0.6193821946787638,0.6923076923076923,0.8904916402194913,0.6923076923076923,0.8904916402194913,0.9230769230769231,0.3912435636292555,Envious,10,h
301,13,0.23076923076923078,0.7793498372920853,0.8461538461538461,0.6193821946787638,0.6153846153846154,0.9612366047228759,0.8461538461538461,0.6193821946787638,Optimist,10,d
302,13,0.3076923076923077,0.8904916402194913,0.6153846153846154,0.9612366047228759,0.6923076923076923,0.8904916402194913,0.7692307692307693,0.779349837292085,Envious,59,h
303,12,0.5833333333333334,0.9798687566511528,0.4166666666666667,0.9798687566511529,0.5833333333333334,0.9798687566511528,0.5833333333333334,0.9798687566511528,Undefined,58,d
304,13,0.3076923076923077,0.8904916402194913,0.7692307692307693,0.779349837292085,0.7692307692307693,0.779349837292085,0.9230769230769231,0.3912435636292555,Envious,50,h
305,13,0.5384615384615384,0.9957274520849255,0.5384615384615384,0.9957274520849255,0.7692307692307693,0.779349837292085,0.6153846153846154,0.9612366047228759,Pessimist,15,h
306,13,0.38461538461538464,0.9612366047228759,0.6153846153846154,0.9612366047228759,0.6153846153846154,0.9612366047228759,0.6923076923076923,0.8904916402194913,Envious,44,d
307,13,0.5384615384615384,0.9957274520849255,0.6923076923076923,0.8904916402194913,0.46153846153846156,0.9957274520849255,0.5384615384615384,0.9957274520849255,Optimist,10,h
308,18,0.2777777777777778,0.8524051786494786,0.7222222222222222,0.8524051786494786,0.6666666666666666,0.9182958340544896,1.0,0.0,Envious,39,h
309,18,0.5555555555555556,0.9910760598382222,0.6666666666666666,0.9182958340544896,0.5,1.0,0.7222222222222222,0.8524051786494786,Envious,39,d
310,18,0.4444444444444444,0.9910760598382222,0.7777777777777778,0.7642045065086203,0.7777777777777778,0.7642045065086203,0.7777777777777778,0.7642045065086203,Optimist,38,h
311,18,0.5,1.0,0.6111111111111112,0.964078764808229,0.8888888888888888,0.5032583347756459,0.7777777777777778,0.7642045065086203,Pessimist,43,d
312,18,0.5,1.0,0.7222222222222222,0.8524051786494786,0.5555555555555556,0.9910760598382222,0.5555555555555556,0.9910760598382222,Optimist,10,h
313,16,0.3125,0.8960382325345574,0.75,0.8112781244591328,0.625,0.954434002924965,0.8125,0.6962122601251458,Envious,41,h
314,16,0.6875,0.8960382325345574,0.8125,0.6962122601251458,0.5,1.0,0.5625,0.9886994082884974,Optimist,42,d
315,16,0.4375,0.9886994082884974,0.4375,0.9886994082884974,0.75,0.8112781244591328,0.75,0.8112781244591328,Pessimist,11,h
316,16,0.5,1.0,0.75,0.8112781244591328,0.875,0.5435644431995964,0.9375,0.3372900666170139,Envious,43,d
317,16,0.6875,0.8960382325345574,0.25,0.8112781244591328,0.8125,0.6962122601251458,0.5,1.0,Pessimist,38,h
318,16,0.625,0.954434002924965,0.5625,0.9886994082884974,0.4375,0.9886994082884974,0.5,1.0,Undefined,36,h
319,9,0.2222222222222222,0.7642045065086203,0.8888888888888888,0.5032583347756459,0.5555555555555556,0.9910760598382222,1.0,0.0,Envious,48,h
320,16,0.5625,0.9886994082884974,0.4375,0.9886994082884974,0.375,0.954434002924965,0.1875,0.6962122601251458,Undefined,14,h
321,16,0.625,0.954434002924965,0.6875,0.8960382325345574,0.5625,0.9886994082884974,0.5,1.0,Optimist,41,d
322,16,0.375,0.954434002924965,0.6875,0.8960382325345574,0.5625,0.9886994082884974,0.625,0.954434002924965,Optimist,68,h
323,16,0.625,0.954434002924965,0.8125,0.6962122601251458,0.5,1.0,0.5625,0.9886994082884974,Optimist,11,h
324,16,0.375,0.954434002924965,0.75,0.8112781244591328,0.375,0.954434002924965,0.625,0.954434002924965,Optimist,40,h
325,16,0.25,0.8112781244591328,0.6875,0.8960382325345574,0.75,0.8112781244591328,0.8125,0.6962122601251458,Envious,48,h
326,14,0.6428571428571429,0.9402859586706311,0.5714285714285714,0.9852281360342515,0.9285714285714286,0.3712323266408755,0.6428571428571429,0.9402859586706311,Pessimist,46,h
327,16,0.5625,0.9886994082884974,0.25,0.8112781244591328,0.5625,0.9886994082884974,0.375,0.954434002924965,Undefined,46,d
328,16,0.3125,0.8960382325345574,0.5,1.0,0.625,0.954434002924965,0.8125,0.6962122601251458,Envious,42,h
329,18,0.4444444444444444,0.9910760598382222,0.7222222222222222,0.8524051786494786,0.4444444444444444,0.9910760598382222,0.6666666666666666,0.9182958340544896,Optimist,48,h
330,18,0.2777777777777778,0.8524051786494786,0.5555555555555556,0.9910760598382222,0.6666666666666666,0.9182958340544896,0.9444444444444444,0.3095434291503253,Envious,38,h
331,18,0.2777777777777778,0.8524051786494786,0.6666666666666666,0.9182958340544896,0.6111111111111112,0.964078764808229,1.0,0.0,Envious,10,h
332,18,0.4444444444444444,0.9910760598382222,0.9444444444444444,0.3095434291503253,0.5,1.0,0.6666666666666666,0.9182958340544896,Optimist,10,h
333,18,0.6111111111111112,0.964078764808229,0.6111111111111112,0.964078764808229,0.6666666666666666,0.9182958340544896,0.6111111111111112,0.964078764808229,Pessimist,39,h
334,18,0.7222222222222222,0.8524051786494786,0.6111111111111112,0.964078764808229,0.7222222222222222,0.8524051786494786,0.5555555555555556,0.9910760598382222,Trustful,13,h
335,18,0.3888888888888889,0.964078764808229,0.6111111111111112,0.964078764808229,0.6111111111111112,0.964078764808229,0.7777777777777778,0.7642045065086203,Envious,18,h
336,18,0.16666666666666666,0.6500224216483541,0.7777777777777778,0.7642045065086203,0.5,1.0,0.9444444444444444,0.3095434291503253,Envious,13,h
337,18,0.2777777777777778,0.8524051786494786,0.3333333333333333,0.9182958340544896,0.6666666666666666,0.9182958340544896,0.7777777777777778,0.7642045065086203,Envious,15,h
338,18,0.5555555555555556,0.9910760598382222,0.3333333333333333,0.9182958340544896,0.4444444444444444,0.9910760598382222,0.5,1.0,Undefined,13,h
339,18,0.5,1.0,0.8888888888888888,0.5032583347756459,0.5555555555555556,0.9910760598382222,0.7222222222222222,0.8524051786494786,Optimist,50,d
340,17,0.6470588235294118,0.9366673818775626,0.5882352941176471,0.9774178175281716,0.8823529411764706,0.5225593745369408,0.6470588235294118,0.9366673818775626,Pessimist,55,h
341,15,0.26666666666666666,0.8366407419411672,0.6666666666666666,0.9182958340544896,0.4,0.9709505944546686,0.8666666666666667,0.5665095065529052,Envious,39,h
342,13,0.46153846153846156,0.9957274520849255,0.6153846153846154,0.9612366047228759,0.6153846153846154,0.9612366047228759,0.6923076923076923,0.8904916402194913,Envious,44,h
343,15,0.2,0.7219280948873623,0.6666666666666666,0.9182958340544896,0.8,0.7219280948873623,0.8666666666666667,0.5665095065529052,Envious,44,h
344,15,0.2,0.7219280948873623,0.7333333333333333,0.8366407419411672,0.4666666666666667,0.9967916319816366,0.8,0.7219280948873623,Envious,39,h
345,15,0.4,0.9709505944546686,0.4666666666666667,0.9967916319816366,0.7333333333333333,0.8366407419411672,0.6666666666666666,0.9182958340544896,Pessimist,31,h
346,15,0.2,0.7219280948873623,0.6666666666666666,0.9182958340544896,0.8,0.7219280948873623,0.8666666666666667,0.5665095065529052,Envious,47,d
347,15,0.06666666666666667,0.3533593350214213,0.6666666666666666,0.9182958340544896,0.5333333333333333,0.9967916319816366,0.9333333333333333,0.3533593350214213,Envious,25,h
348,15,0.4,0.9709505944546686,0.6,0.9709505944546686,0.6,0.9709505944546686,0.7333333333333333,0.8366407419411672,Envious,11,h
349,15,0.3333333333333333,0.9182958340544896,0.7333333333333333,0.8366407419411672,0.5333333333333333,0.9967916319816366,0.7333333333333333,0.8366407419411672,Optimist,10,h
350,15,0.26666666666666666,0.8366407419411672,0.7333333333333333,0.8366407419411672,0.8,0.7219280948873623,1.0,0.0,Envious,13,d
351,15,0.4666666666666667,0.9967916319816366,0.6,0.9709505944546686,0.6666666666666666,0.9182958340544896,0.6,0.9709505944546686,Pessimist,15,h
352,15,0.6666666666666666,0.9182958340544896,0.6666666666666666,0.9182958340544896,0.6666666666666666,0.9182958340544896,0.6,0.9709505944546686,Trustful,58,h
353,15,0.3333333333333333,0.9182958340544896,0.8,0.7219280948873623,0.8,0.7219280948873623,0.8,0.7219280948873623,Optimist,44,h
354,15,0.8,0.7219280948873623,0.5333333333333333,0.9967916319816366,0.6666666666666666,0.9182958340544896,0.5333333333333333,0.9967916319816366,Trustful,56,d
355,15,0.8666666666666667,0.5665095065529052,0.5333333333333333,0.9967916319816366,0.6,0.9709505944546686,0.26666666666666666,0.8366407419411672,Trustful,38,h
356,15,0.6666666666666666,0.9182958340544896,0.6,0.9709505944546686,0.7333333333333333,0.8366407419411672,0.5333333333333333,0.9967916319816366,Pessimist,46,d
357,15,0.6,0.9709505944546686,0.7333333333333333,0.8366407419411672,0.6666666666666666,0.9182958340544896,0.7333333333333333,0.8366407419411672,Optimist,55,d
358,15,0.3333333333333333,0.9182958340544896,0.5333333333333333,0.9967916319816366,0.6,0.9709505944546686,0.6666666666666666,0.9182958340544896,Envious,59,d
359,15,0.4,0.9709505944546686,0.4666666666666667,0.9967916319816366,0.9333333333333333,0.3533593350214213,0.7333333333333333,0.8366407419411672,Pessimist,60,h
360,16,0.125,0.5435644431995964,0.625,0.954434002924965,0.5625,0.9886994082884974,0.875,0.5435644431995964,Envious,17,d
361,16,0.375,0.954434002924965,0.625,0.954434002924965,0.75,0.8112781244591328,0.75,0.8112781244591328,Pessimist,10,d
362,16,0.1875,0.6962122601251458,0.5,1.0,0.625,0.954434002924965,0.875,0.5435644431995964,Envious,47,h
363,16,0.5625,0.9886994082884974,0.25,0.8112781244591328,0.3125,0.8960382325345574,0.4375,0.9886994082884974,Undefined,10,h
365,16,0.1875,0.6962122601251458,0.5625,0.9886994082884974,0.6875,0.8960382325345574,1.0,0.0,Envious,46,d
366,16,0.5,1.0,0.4375,0.9886994082884974,0.375,0.954434002924965,0.4375,0.9886994082884974,Undefined,10,d
367,16,0.375,0.954434002924965,0.6875,0.8960382325345574,0.625,0.954434002924965,0.8125,0.6962122601251458,Envious,33,h
368,16,0.1875,0.6962122601251458,0.875,0.5435644431995964,0.5,1.0,0.875,0.5435644431995964,Optimist,44,h
369,16,0.625,0.954434002924965,1.0,0.0,0.75,0.8112781244591328,0.75,0.8112781244591328,Optimist,40,d
370,16,0.875,0.5435644431995964,0.5,1.0,0.5625,0.9886994082884974,0.1875,0.6962122601251458,Trustful,35,h
371,16,0.375,0.954434002924965,0.5625,0.9886994082884974,0.75,0.8112781244591328,0.8125,0.6962122601251458,Envious,37,h
372,16,0.0625,0.3372900666170139,0.75,0.8112781244591328,0.75,0.8112781244591328,1.0,0.0,Envious,55,h
373,16,0.1875,0.6962122601251458,0.75,0.8112781244591328,0.6875,0.8960382325345574,0.875,0.5435644431995964,Envious,12,h
374,16,0.4375,0.9886994082884974,0.875,0.5435644431995964,0.6875,0.8960382325345574,0.6875,0.8960382325345574,Optimist,29,d
375,16,0.25,0.8112781244591328,0.6875,0.8960382325345574,0.6875,0.8960382325345574,1.0,0.0,Envious,37,d
376,16,0.375,0.954434002924965,0.75,0.8112781244591328,0.5625,0.9886994082884974,0.8125,0.6962122601251458,Envious,31,h
377,16,0.125,0.5435644431995964,0.5625,0.9886994082884974,0.625,0.954434002924965,0.875,0.5435644431995964,Envious,10,d
378,16,0.125,0.5435644431995964,0.6875,0.8960382325345574,0.6875,0.8960382325345574,1.0,0.0,Envious,42,d
379,18,0.5555555555555556,0.9910760598382222,0.5,1.0,0.7222222222222222,0.8524051786494786,0.6111111111111112,0.964078764808229,Pessimist,51,d
380,18,0.4444444444444444,0.9910760598382222,0.7222222222222222,0.8524051786494786,0.6111111111111112,0.964078764808229,0.7222222222222222,0.8524051786494786,Optimist,11,h
381,18,0.3333333333333333,0.9182958340544896,0.6111111111111112,0.964078764808229,0.6111111111111112,0.964078764808229,0.6666666666666666,0.9182958340544896,Envious,45,h
382,18,0.2777777777777778,0.8524051786494786,0.8333333333333334,0.6500224216483541,0.7222222222222222,0.8524051786494786,1.0,0.0,Envious,30,h
383,18,0.6666666666666666,0.9182958340544896,0.5,1.0,0.7222222222222222,0.8524051786494786,0.5,1.0,Pessimist,42,d
384,18,0.7777777777777778,0.7642045065086203,0.5,1.0,0.6111111111111112,0.964078764808229,0.4444444444444444,0.9910760598382222,Trustful,37,h
385,18,0.5555555555555556,0.9910760598382222,0.6666666666666666,0.9182958340544896,0.6111111111111112,0.964078764808229,0.5555555555555556,0.9910760598382222,Optimist,35,h
387,18,0.3333333333333333,0.9182958340544896,0.7222222222222222,0.8524051786494786,0.3333333333333333,0.9182958340544896,0.7222222222222222,0.8524051786494786,Optimist,33,h
388,18,0.9444444444444444,0.3095434291503253,0.5,1.0,0.5555555555555556,0.9910760598382222,0.16666666666666666,0.6500224216483541,Trustful,29,h
389,18,0.7777777777777778,0.7642045065086203,0.6111111111111112,0.964078764808229,0.3333333333333333,0.9182958340544896,0.3333333333333333,0.9182958340544896,Trustful,41,h
390,18,0.4444444444444444,0.9910760598382222,0.6666666666666666,0.9182958340544896,0.6111111111111112,0.964078764808229,0.7222222222222222,0.8524051786494786,Envious,36,h
391,18,0.5555555555555556,0.9910760598382222,0.7222222222222222,0.8524051786494786,0.7222222222222222,0.8524051786494786,0.5555555555555556,0.9910760598382222,Optimist,40,h
392,18,0.6111111111111112,0.964078764808229,0.7777777777777778,0.7642045065086203,0.5555555555555556,0.9910760598382222,0.5,1.0,Optimist,35,h
393,18,0.2777777777777778,0.8524051786494786,0.7222222222222222,0.8524051786494786,0.6111111111111112,0.964078764808229,0.8333333333333334,0.6500224216483541,Envious,15,h
394,17,0.29411764705882354,0.873981048127358,0.7647058823529411,0.7871265862012691,0.47058823529411764,0.9975025463691152,0.8235294117647058,0.672294817075638,Envious,51,d
395,18,0.6111111111111112,0.964078764808229,0.6666666666666666,0.9182958340544896,0.2777777777777778,0.8524051786494786,0.3888888888888889,0.964078764808229,Optimist,37,h
396,15,0.26666666666666666,0.8366407419411672,0.6,0.9709505944546686,0.4666666666666667,0.9967916319816366,0.8,0.7219280948873623,Envious,34,h
397,15,0.6,0.9709505944546686,0.4666666666666667,0.9967916319816366,0.7333333333333333,0.8366407419411672,0.5333333333333333,0.9967916319816366,Pessimist,10,h
398,15,0.5333333333333333,0.9967916319816366,0.6666666666666666,0.9182958340544896,0.7333333333333333,0.8366407419411672,0.5333333333333333,0.9967916319816366,Pessimist,34,d
399,15,0.2,0.7219280948873623,0.3333333333333333,0.9182958340544896,0.6,0.9709505944546686,0.7333333333333333,0.8366407419411672,Envious,33,d
400,15,0.3333333333333333,0.9182958340544896,0.6666666666666666,0.9182958340544896,0.6666666666666666,0.9182958340544896,0.9333333333333333,0.3533593350214213,Envious,38,d
401,15,0.4666666666666667,0.9967916319816366,0.6666666666666666,0.9182958340544896,0.5333333333333333,0.9967916319816366,0.6666666666666666,0.9182958340544896,Optimist,34,h
402,15,0.26666666666666666,0.8366407419411672,0.8,0.7219280948873623,0.4,0.9709505944546686,0.6666666666666666,0.9182958340544896,Optimist,37,d
403,15,0.4666666666666667,0.9967916319816366,0.4666666666666667,0.9967916319816366,0.4666666666666667,0.9967916319816366,0.6,0.9709505944546686,Undefined,40,h
404,15,0.6,0.9709505944546686,0.4,0.9709505944546686,0.6,0.9709505944546686,0.4666666666666667,0.9967916319816366,Undefined,43,d
405,15,0.5333333333333333,0.9967916319816366,0.7333333333333333,0.8366407419411672,0.5333333333333333,0.9967916319816366,0.6666666666666666,0.9182958340544896,Optimist,47,d
406,15,0.4,0.9709505944546686,0.9333333333333333,0.3533593350214213,0.4666666666666667,0.9967916319816366,0.8,0.7219280948873623,Optimist,44,h
407,15,0.4,0.9709505944546686,0.6,0.9709505944546686,0.5333333333333333,0.9967916319816366,0.6,0.9709505944546686,Undefined,46,d
408,15,0.7333333333333333,0.8366407419411672,0.3333333333333333,0.9182958340544896,0.4,0.9709505944546686,0.4,0.9709505944546686,Trustful,47,d
409,15,0.6666666666666666,0.9182958340544896,0.8666666666666667,0.5665095065529052,0.3333333333333333,0.9182958340544896,0.5333333333333333,0.9967916319816366,Optimist,23,d
410,15,0.5333333333333333,0.9967916319816366,0.4666666666666667,0.9967916319816366,0.6666666666666666,0.9182958340544896,0.7333333333333333,0.8366407419411672,Envious,34,h
411,14,0.35714285714285715,0.9402859586706311,0.5,1.0,0.6428571428571429,0.9402859586706311,0.7142857142857143,0.863120568566631,Envious,13,h
412,16,0.4375,0.9886994082884974,0.5,1.0,0.4375,0.9886994082884974,0.625,0.954434002924965,Undefined,28,d
413,16,0.625,0.954434002924965,0.4375,0.9886994082884974,0.5,1.0,0.5625,0.9886994082884974,Undefined,43,h
414,16,0.5625,0.9886994082884974,0.75,0.8112781244591328,0.625,0.954434002924965,0.75,0.8112781244591328,Optimist,10,h
415,16,0.5625,0.9886994082884974,0.5,1.0,0.625,0.954434002924965,0.6875,0.8960382325345574,Envious,36,h
416,16,0.5,1.0,0.5625,0.9886994082884974,0.5625,0.9886994082884974,0.6875,0.8960382325345574,Envious,41,d
417,13,0.6153846153846154,0.9612366047228759,0.6153846153846154,0.9612366047228759,0.6923076923076923,0.8904916402194913,0.6153846153846154,0.9612366047228759,Pessimist,56,h
418,16,0.5625,0.9886994082884974,0.6875,0.8960382325345574,0.5,1.0,0.5625,0.9886994082884974,Optimist,12,d
419,16,0.75,0.8112781244591328,0.625,0.954434002924965,0.8125,0.6962122601251458,0.4375,0.9886994082884974,Pessimist,12,d
420,16,0.3125,0.8960382325345574,0.625,0.954434002924965,0.375,0.954434002924965,0.625,0.954434002924965,Undefined,10,d
421,16,0.25,0.8112781244591328,0.625,0.954434002924965,0.875,0.5435644431995964,0.9375,0.3372900666170139,Envious,40,d
422,16,0.8125,0.6962122601251458,0.625,0.954434002924965,0.8125,0.6962122601251458,0.4375,0.9886994082884974,Trustful,36,d
423,16,0.25,0.8112781244591328,0.6875,0.8960382325345574,0.8125,0.6962122601251458,1.0,0.0,Envious,33,d
424,16,0.5625,0.9886994082884974,0.9375,0.3372900666170139,0.5,1.0,0.5625,0.9886994082884974,Optimist,10,h
425,16,0.5,1.0,0.75,0.8112781244591328,0.75,0.8112781244591328,0.6875,0.8960382325345574,Optimist,45,d
426,18,0.3333333333333333,0.9182958340544896,0.5,1.0,0.6111111111111112,0.964078764808229,0.7222222222222222,0.8524051786494786,Envious,36,d
427,18,0.5,1.0,0.7222222222222222,0.8524051786494786,0.8888888888888888,0.5032583347756459,0.6111111111111112,0.964078764808229,Pessimist,45,h
428,18,0.6111111111111112,0.964078764808229,0.6111111111111112,0.964078764808229,0.6666666666666666,0.9182958340544896,0.3888888888888889,0.964078764808229,Pessimist,34,h
429,18,0.7222222222222222,0.8524051786494786,0.6666666666666666,0.9182958340544896,0.5,1.0,0.4444444444444444,0.9910760598382222,Trustful,31,d
431,18,0.4444444444444444,0.9910760598382222,0.6111111111111112,0.964078764808229,0.6666666666666666,0.9182958340544896,0.7222222222222222,0.8524051786494786,Envious,11,h
432,18,0.8333333333333334,0.6500224216483541,0.3888888888888889,0.964078764808229,0.4444444444444444,0.9910760598382222,0.2777777777777778,0.8524051786494786,Trustful,17,d
434,16,0.625,0.954434002924965,0.625,0.954434002924965,0.75,0.8112781244591328,0.625,0.954434002924965,Pessimist,36,h
435,16,0.3125,0.8960382325345574,0.9375,0.3372900666170139,0.625,0.954434002924965,0.9375,0.3372900666170139,Optimist,36,h
436,16,0.8125,0.6962122601251458,0.5625,0.9886994082884974,0.3125,0.8960382325345574,0.375,0.954434002924965,Trustful,30,h
437,16,0.8125,0.6962122601251458,0.8125,0.6962122601251458,0.5,1.0,0.4375,0.9886994082884974,Trustful,31,d
438,16,0.375,0.954434002924965,0.5,1.0,0.4375,0.9886994082884974,0.625,0.954434002924965,Undefined,44,h
439,15,1.0,0.0,0.6,0.9709505944546686,0.4666666666666667,0.9967916319816366,0.13333333333333333,0.5665095065529052,Trustful,48,h
440,15,0.6,0.9709505944546686,0.4666666666666667,0.9967916319816366,0.6,0.9709505944546686,0.5333333333333333,0.9967916319816366,Undefined,15,h
441,15,0.6,0.9709505944546686,0.6,0.9709505944546686,0.5333333333333333,0.9967916319816366,0.5333333333333333,0.9967916319816366,Undefined,46,d
442,15,0.4,0.9709505944546686,0.6,0.9709505944546686,0.7333333333333333,0.8366407419411672,0.8,0.7219280948873623,Envious,43,h
443,15,0.26666666666666666,0.8366407419411672,0.6666666666666666,0.9182958340544896,0.6,0.9709505944546686,1.0,0.0,Envious,10,h
444,15,0.9333333333333333,0.3533593350214213,0.6,0.9709505944546686,0.4,0.9709505944546686,0.06666666666666667,0.3533593350214213,Trustful,10,d
445,15,0.6666666666666666,0.9182958340544896,0.7333333333333333,0.8366407419411672,0.5333333333333333,0.9967916319816366,0.5333333333333333,0.9967916319816366,Optimist,13,h
446,15,0.5333333333333333,0.9967916319816366,0.3333333333333333,0.9182958340544896,0.4666666666666667,0.9967916319816366,0.4666666666666667,0.9967916319816366,Undefined,36,h
447,15,0.8666666666666667,0.5665095065529052,0.6,0.9709505944546686,0.3333333333333333,0.9182958340544896,0.26666666666666666,0.8366407419411672,Trustful,40,h
448,15,0.6,0.9709505944546686,0.8,0.7219280948873623,0.6666666666666666,0.9182958340544896,0.7333333333333333,0.8366407419411672,Optimist,32,h
449,15,0.4,0.9709505944546686,0.6,0.9709505944546686,0.7333333333333333,0.8366407419411672,0.8666666666666667,0.5665095065529052,Envious,32,d
450,15,0.4666666666666667,0.9967916319816366,0.7333333333333333,0.8366407419411672,0.7333333333333333,0.8366407419411672,0.8666666666666667,0.5665095065529052,Envious,40,h
452,15,0.4666666666666667,0.9967916319816366,0.7333333333333333,0.8366407419411672,0.7333333333333333,0.8366407419411672,0.6666666666666666,0.9182958340544896,Optimist,27,h
453,15,0.8666666666666667,0.5665095065529052,0.6666666666666666,0.9182958340544896,0.6,0.9709505944546686,0.5333333333333333,0.9967916319816366,Trustful,26,d
454,15,0.4666666666666667,0.9967916319816366,0.5333333333333333,0.9967916319816366,0.6666666666666666,0.9182958340544896,0.6666666666666666,0.9182958340544896,Pessimist,29,d
455,15,0.5333333333333333,0.9967916319816366,0.5333333333333333,0.9967916319816366,0.7333333333333333,0.8366407419411672,0.7333333333333333,0.8366407419411672,Pessimist,27,h
456,15,0.7333333333333333,0.8366407419411672,0.4666666666666667,0.9967916319816366,0.4,0.9709505944546686,0.26666666666666666,0.8366407419411672,Trustful,20,h
457,15,0.5333333333333333,0.9967916319816366,0.8666666666666667,0.5665095065529052,0.6666666666666666,0.9182958340544896,0.7333333333333333,0.8366407419411672,Optimist,23,h
458,15,0.3333333333333333,0.9182958340544896,0.3333333333333333,0.9182958340544896,0.4666666666666667,0.9967916319816366,0.4,0.9709505944546686,Undefined,23,h
459,15,0.6666666666666666,0.9182958340544896,0.6,0.9709505944546686,0.8,0.7219280948873623,0.6,0.9709505944546686,Pessimist,19,h
460,15,1.0,0.0,0.4666666666666667,0.9967916319816366,0.6666666666666666,0.9182958340544896,0.2,0.7219280948873623,Trustful,25,h
461,15,0.3333333333333333,0.9182958340544896,0.8,0.7219280948873623,0.6666666666666666,0.9182958340544896,0.8,0.7219280948873623,Optimist,13,d
462,15,0.5333333333333333,0.9967916319816366,0.6,0.9709505944546686,0.3333333333333333,0.9182958340544896,0.4,0.9709505944546686,Undefined,55,d
463,15,0.5333333333333333,0.9967916319816366,0.6666666666666666,0.9182958340544896,0.6666666666666666,0.9182958340544896,0.6,0.9709505944546686,Optimist,33,d
464,15,0.4666666666666667,0.9967916319816366,0.4666666666666667,0.9967916319816366,0.6,0.9709505944546686,0.6,0.9709505944546686,Undefined,40,d
465,15,0.5333333333333333,0.9967916319816366,0.5333333333333333,0.9967916319816366,0.4,0.9709505944546686,0.4666666666666667,0.9967916319816366,Undefined,11,d
466,15,0.6,0.9709505944546686,0.5333333333333333,0.9967916319816366,0.4,0.9709505944546686,0.6,0.9709505944546686,Undefined,57,h
467,17,0.5294117647058824,0.9975025463691152,0.8235294117647058,0.672294817075638,0.7647058823529411,0.7871265862012691,0.7058823529411765,0.8739810481273578,Optimist,17,d
468,17,0.29411764705882354,0.873981048127358,0.47058823529411764,0.9975025463691152,0.5294117647058824,0.9975025463691152,0.7647058823529411,0.7871265862012691,Envious,23,h
469,17,0.7058823529411765,0.8739810481273578,0.5294117647058824,0.9975025463691152,0.6470588235294118,0.9366673818775626,0.47058823529411764,0.9975025463691152,Trustful,25,d
470,17,0.47058823529411764,0.9975025463691152,0.4117647058823529,0.9774178175281716,0.35294117647058826,0.9366673818775626,0.47058823529411764,0.9975025463691152,Undefined,17,d
471,17,0.47058823529411764,0.9975025463691152,0.7058823529411765,0.8739810481273578,0.5294117647058824,0.9975025463691152,0.5882352941176471,0.9774178175281716,Optimist,23,h
472,17,0.6470588235294118,0.9366673818775626,0.5294117647058824,0.9975025463691152,0.5882352941176471,0.9774178175281716,0.5294117647058824,0.9975025463691152,Undefined,32,h
473,17,0.6470588235294118,0.9366673818775626,0.4117647058823529,0.9774178175281716,0.47058823529411764,0.9975025463691152,0.4117647058823529,0.9774178175281716,Undefined,17,d
474,17,0.058823529411764705,0.3227569588973983,0.7058823529411765,0.8739810481273578,0.6470588235294118,0.9366673818775626,1.0,0.0,Envious,27,d
475,17,0.29411764705882354,0.873981048127358,0.8823529411764706,0.5225593745369408,0.8235294117647058,0.672294817075638,0.9411764705882353,0.3227569588973983,Envious,29,h
476,17,0.23529411764705882,0.7871265862012691,0.7647058823529411,0.7871265862012691,0.6470588235294118,0.9366673818775626,0.9411764705882353,0.3227569588973983,Envious,33,d
477,17,0.47058823529411764,0.9975025463691152,0.7647058823529411,0.7871265862012691,0.5882352941176471,0.9774178175281716,0.7647058823529411,0.7871265862012691,Optimist,24,h
478,17,0.47058823529411764,0.9975025463691152,0.6470588235294118,0.9366673818775626,0.7058823529411765,0.8739810481273578,0.8823529411764706,0.5225593745369408,Envious,29,h
479,15,0.3333333333333333,0.9182958340544896,0.6666666666666666,0.9182958340544896,0.4666666666666667,0.9967916319816366,0.7333333333333333,0.8366407419411672,Envious,12,d
480,14,0.2857142857142857,0.863120568566631,0.7857142857142857,0.74959525725948,0.8571428571428571,0.5916727785823275,0.7142857142857143,0.863120568566631,Pessimist,43,d
481,15,0.6,0.9709505944546686,0.8,0.7219280948873623,0.4,0.9709505944546686,0.4,0.9709505944546686,Optimist,12,d
482,15,0.4,0.9709505944546686,0.7333333333333333,0.8366407419411672,0.4666666666666667,0.9967916319816366,0.8,0.7219280948873623,Envious,47,d
483,15,0.2,0.7219280948873623,0.5333333333333333,0.9967916319816366,0.7333333333333333,0.8366407419411672,0.8,0.7219280948873623,Envious,10,h
484,15,0.0,0.0,0.6666666666666666,0.9182958340544896,0.6666666666666666,0.9182958340544896,1.0,0.0,Envious,27,h
485,15,0.3333333333333333,0.9182958340544896,0.7333333333333333,0.8366407419411672,0.4666666666666667,0.9967916319816366,0.8,0.7219280948873623,Envious,28,h
486,15,0.6,0.9709505944546686,0.7333333333333333,0.8366407419411672,0.5333333333333333,0.9967916319816366,0.5333333333333333,0.9967916319816366,Optimist,45,h
487,15,0.6,0.9709505944546686,0.6,0.9709505944546686,0.8,0.7219280948873623,0.4666666666666667,0.9967916319816366,Pessimist,53,h
488,15,0.06666666666666667,0.3533593350214213,0.7333333333333333,0.8366407419411672,0.4666666666666667,0.9967916319816366,1.0,0.0,Envious,26,h
489,15,0.4666666666666667,0.9967916319816366,0.8666666666666667,0.5665095065529052,0.5333333333333333,0.9967916319816366,0.5333333333333333,0.9967916319816366,Optimist,42,d
490,15,0.8,0.7219280948873623,0.5333333333333333,0.9967916319816366,0.5333333333333333,0.9967916319816366,0.4666666666666667,0.9967916319816366,Trustful,43,h
491,15,0.26666666666666666,0.8366407419411672,0.5333333333333333,0.9967916319816366,0.7333333333333333,0.8366407419411672,0.8666666666666667,0.5665095065529052,Envious,12,h
492,15,0.8666666666666667,0.5665095065529052,0.4,0.9709505944546686,0.26666666666666666,0.8366407419411672,0.13333333333333333,0.5665095065529052,Trustful,42,h
493,15,0.6666666666666666,0.9182958340544896,0.7333333333333333,0.8366407419411672,0.6,0.9709505944546686,0.5333333333333333,0.9967916319816366,Optimist,10,d
494,15,0.6,0.9709505944546686,0.3333333333333333,0.9182958340544896,0.4666666666666667,0.9967916319816366,0.3333333333333333,0.9182958340544896,Undefined,10,h
495,18,0.4444444444444444,0.9910760598382222,0.5555555555555556,0.9910760598382222,0.4444444444444444,0.9910760598382222,0.5555555555555556,0.9910760598382222,Undefined,29,h
496,18,0.6666666666666666,0.9182958340544896,0.6111111111111112,0.964078764808229,0.5555555555555556,0.9910760598382222,0.3888888888888889,0.964078764808229,Trustful,38,d
497,18,0.5,1.0,0.5555555555555556,0.9910760598382222,0.8333333333333334,0.6500224216483541,0.5555555555555556,0.9910760598382222,Pessimist,37,h
498,18,0.5,1.0,0.6666666666666666,0.9182958340544896,0.5,1.0,0.5555555555555556,0.9910760598382222,Optimist,36,h
499,18,0.16666666666666666,0.6500224216483541,0.7222222222222222,0.8524051786494786,0.8333333333333334,0.6500224216483541,0.8888888888888888,0.5032583347756459,Envious,38,h
500,18,0.5,1.0,0.7222222222222222,0.8524051786494786,0.3888888888888889,0.964078764808229,0.5,1.0,Optimist,32,h
501,18,0.8888888888888888,0.5032583347756459,0.4444444444444444,0.9910760598382222,0.3333333333333333,0.9182958340544896,0.16666666666666666,0.6500224216483541,Trustful,32,d
502,18,0.6111111111111112,0.964078764808229,0.8333333333333334,0.6500224216483541,0.5,1.0,0.5,1.0,Optimist,38,h
503,18,0.4444444444444444,0.9910760598382222,0.6111111111111112,0.964078764808229,0.6111111111111112,0.964078764808229,0.6111111111111112,0.964078764808229,Undefined,35,d
504,18,1.0,0.0,0.3333333333333333,0.9182958340544896,0.3888888888888889,0.964078764808229,0.1111111111111111,0.5032583347756459,Trustful,39,h
505,16,0.25,0.8112781244591328,0.625,0.954434002924965,0.3125,0.8960382325345574,0.75,0.8112781244591328,Envious,47,h
506,16,0.4375,0.9886994082884974,0.375,0.954434002924965,0.625,0.954434002924965,0.5,1.0,Undefined,49,h
507,15,0.8,0.7219280948873623,0.6,0.9709505944546686,0.4666666666666667,0.9967916319816366,0.3333333333333333,0.9182958340544896,Trustful,18,d
508,16,0.625,0.954434002924965,0.875,0.5435644431995964,0.75,0.8112781244591328,0.6875,0.8960382325345574,Optimist,18,d
509,16,0.6875,0.8960382325345574,0.75,0.8112781244591328,0.5625,0.9886994082884974,0.5,1.0,Optimist,12,d
510,16,0.375,0.954434002924965,0.875,0.5435644431995964,0.3125,0.8960382325345574,0.8125,0.6962122601251458,Optimist,13,d
511,16,0.375,0.954434002924965,0.5,1.0,0.6875,0.8960382325345574,0.625,0.954434002924965,Pessimist,49,d
512,16,0.5,1.0,0.75,0.8112781244591328,0.5625,0.9886994082884974,0.75,0.8112781244591328,Optimist,43,h
513,16,0.25,0.8112781244591328,0.6875,0.8960382325345574,0.4375,0.9886994082884974,0.875,0.5435644431995964,Envious,46,h
514,16,0.1875,0.6962122601251458,0.625,0.954434002924965,0.75,0.8112781244591328,1.0,0.0,Envious,45,h
515,16,0.25,0.8112781244591328,0.625,0.954434002924965,0.6875,0.8960382325345574,0.8125,0.6962122601251458,Envious,10,h
516,16,0.5625,0.9886994082884974,0.6875,0.8960382325345574,0.625,0.954434002924965,0.6875,0.8960382325345574,Optimist,48,h
517,16,0.625,0.954434002924965,0.8125,0.6962122601251458,0.75,0.8112781244591328,0.6875,0.8960382325345574,Optimist,12,h
518,16,0.25,0.8112781244591328,0.4375,0.9886994082884974,0.625,0.954434002924965,0.75,0.8112781244591328,Envious,10,h
519,15,0.5333333333333333,0.9967916319816366,0.5333333333333333,0.9967916319816366,0.6666666666666666,0.9182958340544896,0.7333333333333333,0.8366407419411672,Envious,11,h
520,16,0.375,0.954434002924965,0.4375,0.9886994082884974,0.4375,0.9886994082884974,0.6875,0.8960382325345574,Envious,45,d
521,16,0.5,1.0,0.75,0.8112781244591328,0.6875,0.8960382325345574,0.625,0.954434002924965,Optimist,38,h
522,16,0.25,0.8112781244591328,0.75,0.8112781244591328,0.6875,0.8960382325345574,0.9375,0.3372900666170139,Envious,37,d
523,15,0.4,0.9709505944546686,0.8,0.7219280948873623,0.5333333333333333,0.9967916319816366,0.7333333333333333,0.8366407419411672,Optimist,36,h
524,15,0.6,0.9709505944546686,0.4666666666666667,0.9967916319816366,0.5333333333333333,0.9967916319816366,0.4666666666666667,0.9967916319816366,Undefined,43,h
525,15,0.6666666666666666,0.9182958340544896,0.5333333333333333,0.9967916319816366,0.6,0.9709505944546686,0.4666666666666667,0.9967916319816366,Trustful,44,h
526,15,0.4,0.9709505944546686,0.5333333333333333,0.9967916319816366,0.7333333333333333,0.8366407419411672,0.8,0.7219280948873623,Envious,24,d
527,14,0.5714285714285714,0.9852281360342515,0.7857142857142857,0.74959525725948,0.5,1.0,0.5714285714285714,0.9852281360342515,Optimist,45,h
528,15,0.6,0.9709505944546686,0.6666666666666666,0.9182958340544896,0.4666666666666667,0.9967916319816366,0.4666666666666667,0.9967916319816366,Optimist,25,h
529,15,0.3333333333333333,0.9182958340544896,0.5333333333333333,0.9967916319816366,0.6666666666666666,0.9182958340544896,0.6666666666666666,0.9182958340544896,Pessimist,40,h
530,15,0.26666666666666666,0.8366407419411672,0.6666666666666666,0.9182958340544896,0.5333333333333333,0.9967916319816366,0.8,0.7219280948873623,Envious,34,h
531,15,0.4,0.9709505944546686,0.6666666666666666,0.9182958340544896,0.26666666666666666,0.8366407419411672,0.6,0.9709505944546686,Optimist,22,h
532,15,0.4666666666666667,0.9967916319816366,0.6,0.9709505944546686,0.8666666666666667,0.5665095065529052,0.9333333333333333,0.3533593350214213,Envious,44,h
533,15,0.6,0.9709505944546686,0.6,0.9709505944546686,0.5333333333333333,0.9967916319816366,0.5333333333333333,0.9967916319816366,Undefined,36,d
534,15,0.2,0.7219280948873623,1.0,0.0,0.4,0.9709505944546686,0.9333333333333333,0.3533593350214213,Optimist,21,d
535,4,1.0,0.0,0.0,0.0,0.25,0.8112781244591328,0.0,0.0,Trustful,40,h
536,15,0.4666666666666667,0.9967916319816366,0.3333333333333333,0.9182958340544896,0.6,0.9709505944546686,0.4666666666666667,0.9967916319816366,Undefined,19,d
537,15,0.3333333333333333,0.9182958340544896,0.8,0.7219280948873623,0.6666666666666666,0.9182958340544896,0.7333333333333333,0.8366407419411672,Optimist,42,d
538,15,0.4,0.9709505944546686,0.4,0.9709505944546686,1.0,0.0,0.6666666666666666,0.9182958340544896,Pessimist,43,h
540,15,0.6,0.9709505944546686,0.4666666666666667,0.9967916319816366,0.6666666666666666,0.9182958340544896,0.3333333333333333,0.9182958340544896,Pessimist,44,d
541,16,0.375,0.954434002924965,0.625,0.954434002924965,0.6875,0.8960382325345574,0.75,0.8112781244591328,Envious,47,d
542,16,0.8125,0.6962122601251458,0.625,0.954434002924965,0.3125,0.8960382325345574,0.1875,0.6962122601251458,Trustful,20,d
543,16,0.75,0.8112781244591328,0.4375,0.9886994082884974,0.4375,0.9886994082884974,0.375,0.954434002924965,Trustful,47,h
544,16,0.375,0.954434002924965,0.6875,0.8960382325345574,0.6875,0.8960382325345574,0.6875,0.8960382325345574,Optimist,18,d
545,16,0.5,1.0,0.5,1.0,0.5625,0.9886994082884974,0.5,1.0,Undefined,15,d
546,16,0.75,0.8112781244591328,0.4375,0.9886994082884974,0.5625,0.9886994082884974,0.4375,0.9886994082884974,Trustful,21,d
547,16,0.4375,0.9886994082884974,0.75,0.8112781244591328,0.625,0.954434002924965,0.6875,0.8960382325345574,Optimist,13,h
548,16,0.8125,0.6962122601251458,0.5625,0.9886994082884974,0.75,0.8112781244591328,0.25,0.8112781244591328,Trustful,21,h
549,16,0.1875,0.6962122601251458,0.8125,0.6962122601251458,0.75,0.8112781244591328,0.8125,0.6962122601251458,Optimist,23,h
551,16,0.5,1.0,0.6875,0.8960382325345574,0.25,0.8112781244591328,0.5,1.0,Optimist,43,h
552,16,0.625,0.954434002924965,0.8125,0.6962122601251458,0.4375,0.9886994082884974,0.4375,0.9886994082884974,Optimist,11,h
553,16,0.3125,0.8960382325345574,0.5625,0.9886994082884974,0.75,0.8112781244591328,0.875,0.5435644431995964,Envious,26,d
554,14,0.6428571428571429,0.9402859586706311,0.6428571428571429,0.9402859586706311,0.5,1.0,0.35714285714285715,0.9402859586706311,Undefined,15,d
555,16,0.5,1.0,0.375,0.954434002924965,0.5625,0.9886994082884974,0.5,1.0,Undefined,64,d
556,16,1.0,0.0,0.3125,0.8960382325345574,0.4375,0.9886994082884974,0.0625,0.3372900666170139,Trustful,50,h
557,16,0.3125,0.8960382325345574,0.5625,0.9886994082884974,0.4375,0.9886994082884974,0.75,0.8112781244591328,Envious,11,d
558,17,0.4117647058823529,0.9774178175281716,0.7647058823529411,0.7871265862012691,0.8823529411764706,0.5225593745369408,0.7647058823529411,0.7871265862012691,Pessimist,41,h
559,17,0.29411764705882354,0.873981048127358,0.8823529411764706,0.5225593745369408,0.5882352941176471,0.9774178175281716,0.9411764705882353,0.3227569588973983,Envious,42,d
560,17,0.4117647058823529,0.9774178175281716,0.8235294117647058,0.672294817075638,0.7647058823529411,0.7871265862012691,0.7647058823529411,0.7871265862012691,Optimist,28,h
561,17,0.5294117647058824,0.9975025463691152,0.6470588235294118,0.9366673818775626,0.7647058823529411,0.7871265862012691,0.7058823529411765,0.8739810481273578,Pessimist,38,d
562,16,0.6875,0.8960382325345574,0.5,1.0,0.5,1.0,0.4375,0.9886994082884974,Trustful,38,d
563,17,0.4117647058823529,0.9774178175281716,0.6470588235294118,0.9366673818775626,0.5882352941176471,0.9774178175281716,0.7647058823529411,0.7871265862012691,Envious,35,h
564,17,0.6470588235294118,0.9366673818775626,0.6470588235294118,0.9366673818775626,0.5882352941176471,0.9774178175281716,0.47058823529411764,0.9975025463691152,Undefined,34,d
565,17,0.35294117647058826,0.9366673818775626,0.8235294117647058,0.672294817075638,0.5882352941176471,0.9774178175281716,0.8823529411764706,0.5225593745369408,Envious,11,d
566,14,0.35714285714285715,0.9402859586706311,0.7142857142857143,0.863120568566631,0.7142857142857143,0.863120568566631,0.8571428571428571,0.5916727785823275,Envious,11,h
567,15,0.8,0.7219280948873623,0.6666666666666666,0.9182958340544896,0.4,0.9709505944546686,0.4,0.9709505944546686,Trustful,44,h
568,15,0.3333333333333333,0.9182958340544896,0.6666666666666666,0.9182958340544896,0.5333333333333333,0.9967916319816366,0.6666666666666666,0.9182958340544896,Optimist,41,h
569,15,0.8,0.7219280948873623,0.4666666666666667,0.9967916319816366,0.4666666666666667,0.9967916319816366,0.26666666666666666,0.8366407419411672,Trustful,46,d
570,15,0.5333333333333333,0.9967916319816366,0.7333333333333333,0.8366407419411672,0.3333333333333333,0.9182958340544896,0.5333333333333333,0.9967916319816366,Optimist,42,d
571,15,0.4,0.9709505944546686,0.6666666666666666,0.9182958340544896,0.6,0.9709505944546686,0.7333333333333333,0.8366407419411672,Envious,41,d
572,16,0.75,0.8112781244591328,0.625,0.954434002924965,0.4375,0.9886994082884974,0.375,0.954434002924965,Trustful,11,d
574,16,0.3125,0.8960382325345574,0.75,0.8112781244591328,0.875,0.5435644431995964,0.9375,0.3372900666170139,Envious,10,h
575,16,0.4375,0.9886994082884974,0.5625,0.9886994082884974,0.4375,0.9886994082884974,0.5,1.0,Undefined,50,h
576,16,1.0,0.0,0.375,0.954434002924965,0.375,0.954434002924965,0.0,0.0,Trustful,23,d
577,16,0.6875,0.8960382325345574,0.625,0.954434002924965,0.625,0.954434002924965,0.375,0.954434002924965,Trustful,23,d
578,16,0.625,0.954434002924965,0.5,1.0,0.5,1.0,0.4375,0.9886994082884974,Undefined,22,h
579,16,0.9375,0.3372900666170139,0.5,1.0,0.375,0.954434002924965,0.125,0.5435644431995964,Trustful,26,h
580,16,0.1875,0.6962122601251458,0.8125,0.6962122601251458,0.625,0.954434002924965,1.0,0.0,Envious,38,h
