User_ID,shuffled_accuracy
2,0.8571428571428571
3,0.9285714285714286
4,0.6428571428571429
5,0.6428571428571429
6,0.5714285714285714
7,0.8571428571428571
8,0.5714285714285714
9,0.7142857142857143
10,0.6428571428571429
11,0.6428571428571429
18,0.6428571428571429
19,0.5714285714285714
20,0.6428571428571429
22,0.8571428571428571
23,0.8571428571428571
24,0.6428571428571429
25,0.6428571428571429
26,0.8571428571428571
27,0.6923076923076923
28,0.9285714285714286
29,0.6428571428571429
30,0.6428571428571429
31,0.6428571428571429
32,0.8235294117647058
33,0.5882352941176471
34,0.5294117647058824
35,0.5882352941176471
37,0.5882352941176471
38,0.7647058823529411
40,0.7647058823529411
41,0.47058823529411764
42,0.8823529411764706
43,0.5882352941176471
45,0.7058823529411765
47,0.625
48,0.75
49,0.6875
51,0.75
52,0.625
53,0.5625
54,0.625
55,0.5625
56,0.625
57,0.5625
58,0.5625
59,0.5625
60,0.75
61,0.625
62,0.7142857142857143
63,0.5714285714285714
64,0.5714285714285714
65,0.6428571428571429
66,0.5833333333333334
67,0.9285714285714286
68,0.7857142857142857
69,0.7857142857142857
70,0.8571428571428571
71,0.7333333333333333
72,0.7333333333333333
73,0.8
74,0.6666666666666666
75,0.5333333333333333
76,0.6
77,0.8666666666666667
78,0.3333333333333333
79,0.8666666666666667
80,0.6
81,0.6666666666666666
82,0.6
83,0.8666666666666667
84,0.4
85,0.6666666666666666
86,0.6666666666666666
87,0.7222222222222222
88,0.6666666666666666
89,0.9444444444444444
90,1.0
91,0.7222222222222222
92,0.6111111111111112
93,0.8333333333333334
95,0.6111111111111112
96,0.7777777777777778
97,0.5555555555555556
98,0.7222222222222222
99,0.6111111111111112
100,0.6666666666666666
101,0.6666666666666666
102,0.6111111111111112
103,0.8333333333333334
104,0.5882352941176471
105,0.5882352941176471
106,0.47058823529411764
107,0.5294117647058824
108,0.6470588235294118
109,0.5294117647058824
110,0.7647058823529411
111,0.6470588235294118
112,0.5882352941176471
113,0.7647058823529411
114,0.6470588235294118
115,0.47058823529411764
116,0.5882352941176471
117,0.7058823529411765
118,0.5882352941176471
119,0.7647058823529411
120,0.7647058823529411
121,0.5294117647058824
122,0.6470588235294118
123,0.6470588235294118
124,0.5882352941176471
125,0.6470588235294118
126,0.8235294117647058
127,0.6470588235294118
128,0.6470588235294118
129,0.6923076923076923
130,0.6153846153846154
131,0.7692307692307693
132,0.6923076923076923
133,0.7692307692307693
134,0.6923076923076923
135,0.9375
136,0.625
137,0.75
138,0.6875
139,0.75
140,0.6875
141,0.8823529411764706
142,0.7058823529411765
143,0.7647058823529411
144,0.5882352941176471
145,0.8333333333333334
146,0.6470588235294118
147,0.6428571428571429
148,0.6470588235294118
149,0.7058823529411765
150,0.6428571428571429
151,0.375
152,0.8823529411764706
153,0.5555555555555556
154,0.5555555555555556
155,0.6666666666666666
156,0.6111111111111112
157,0.6111111111111112
158,0.6470588235294118
159,0.6666666666666666
160,0.875
161,0.5625
162,0.7333333333333333
163,0.5882352941176471
164,0.5555555555555556
165,0.3888888888888889
166,0.7777777777777778
169,0.6428571428571429
170,0.625
171,0.6875
172,0.6875
173,0.625
174,0.5625
175,0.625
176,0.6875
177,0.625
178,0.625
179,0.75
180,0.75
181,0.6875
186,0.8571428571428571
187,0.7142857142857143
188,0.8571428571428571
190,0.6875
191,0.6875
192,0.875
193,0.75
194,0.75
195,0.875
196,1.0
197,0.6875
198,0.625
199,0.8666666666666667
200,1.0
201,0.7333333333333333
202,0.7333333333333333
203,0.3333333333333333
204,0.6
205,0.5333333333333333
206,0.8666666666666667
207,0.7333333333333333
208,0.8
209,0.6
210,0.6666666666666666
211,0.8
212,0.9333333333333333
213,0.9333333333333333
214,0.7333333333333333
215,0.7333333333333333
216,0.8
217,0.5333333333333333
218,0.6
219,0.7333333333333333
220,0.6666666666666666
221,0.7333333333333333
222,0.6666666666666666
223,0.7333333333333333
224,1.0
225,0.8666666666666667
226,0.6
227,0.6666666666666666
228,0.6428571428571429
229,0.7142857142857143
230,0.7857142857142857
231,0.5714285714285714
232,0.7142857142857143
233,0.6
234,0.21428571428571427
235,0.5714285714285714
236,0.7857142857142857
237,0.35714285714285715
238,0.6428571428571429
239,0.6428571428571429
240,0.6428571428571429
241,0.6428571428571429
242,0.35714285714285715
245,0.6923076923076923
246,0.6153846153846154
247,0.5384615384615384
248,0.7692307692307693
249,0.6153846153846154
250,0.5384615384615384
251,0.6923076923076923
252,0.6153846153846154
253,0.5384615384615384
254,0.6923076923076923
255,0.6153846153846154
256,0.6153846153846154
257,0.5
258,0.6153846153846154
259,0.5714285714285714
261,0.9285714285714286
263,0.9375
266,0.6428571428571429
270,0.625
272,0.7857142857142857
275,0.5714285714285714
276,0.6428571428571429
277,0.7142857142857143
278,0.7692307692307693
279,0.5384615384615384
280,0.9230769230769231
281,0.9166666666666666
282,0.6923076923076923
283,0.7692307692307693
284,0.3076923076923077
285,0.6923076923076923
286,0.6923076923076923
287,0.5384615384615384
288,0.6923076923076923
289,0.6153846153846154
290,0.8
291,0.6153846153846154
292,0.5384615384615384
293,0.7692307692307693
294,0.6153846153846154
295,0.7692307692307693
296,0.6923076923076923
297,0.6153846153846154
298,0.7692307692307693
299,0.6923076923076923
300,0.7692307692307693
301,0.8461538461538461
302,0.6153846153846154
303,0.5833333333333334
304,0.7692307692307693
305,0.6153846153846154
306,0.5384615384615384
307,0.5384615384615384
308,0.7777777777777778
309,0.6111111111111112
310,0.6111111111111112
311,0.6111111111111112
312,0.5555555555555556
313,0.625
314,0.6875
315,0.5
316,0.6875
317,0.6875
318,0.625
319,0.5555555555555556
320,0.5625
321,0.625
322,0.625
323,0.625
324,0.625
325,0.6875
326,0.6428571428571429
327,0.625
328,0.6875
329,0.5555555555555556
330,0.6666666666666666
331,0.6666666666666666
332,0.6111111111111112
333,0.6111111111111112
334,0.7222222222222222
335,0.6666666666666666
336,0.7222222222222222
337,0.6666666666666666
338,0.7777777777777778
339,0.6111111111111112
340,0.6470588235294118
341,0.7333333333333333
342,0.38461538461538464
343,0.7333333333333333
344,0.8
345,0.7333333333333333
346,0.7333333333333333
347,0.8
348,0.4666666666666667
349,0.6666666666666666
350,0.6
351,0.4666666666666667
352,0.6666666666666666
353,0.8
354,0.8
355,0.8666666666666667
356,0.7333333333333333
357,0.6
358,0.5333333333333333
359,0.5333333333333333
360,0.875
361,0.75
362,0.875
363,0.5625
365,0.625
366,0.5625
367,0.6875
368,0.625
369,0.625
370,0.875
371,0.625
372,0.875
373,0.75
374,0.4375
375,0.75
376,0.25
377,0.875
378,0.875
379,0.6111111111111112
380,0.4444444444444444
381,0.6666666666666666
382,0.6111111111111112
383,0.6666666666666666
384,0.7777777777777778
385,0.5555555555555556
387,0.7222222222222222
388,0.9444444444444444
389,0.7777777777777778
390,0.7222222222222222
391,0.7222222222222222
392,0.6111111111111112
393,0.7222222222222222
394,0.5882352941176471
395,0.6666666666666666
396,0.8
397,0.7333333333333333
398,0.5333333333333333
399,0.7333333333333333
400,0.6666666666666666
401,0.7333333333333333
402,0.5333333333333333
403,0.3333333333333333
404,0.6
405,0.4666666666666667
406,0.5333333333333333
407,0.7333333333333333
408,0.7333333333333333
409,0.7333333333333333
410,0.6
411,0.5714285714285714
412,0.5625
413,0.625
414,0.625
415,0.625
416,0.6875
417,0.6153846153846154
418,0.75
419,0.75
420,0.375
421,0.6875
422,0.8125
423,0.6875
424,0.5625
425,0.625
426,0.6111111111111112
427,0.5
428,0.6111111111111112
429,0.7222222222222222
431,0.4444444444444444
432,0.8333333333333334
434,0.625
435,0.5625
436,0.8125
437,0.8125
438,0.75
439,1.0
440,0.6
441,0.6
442,0.6
443,0.6
444,0.9333333333333333
445,0.6666666666666666
446,0.5333333333333333
447,0.8666666666666667
448,0.8
449,0.3333333333333333
450,0.6
452,0.6
453,0.8666666666666667
454,0.6666666666666666
455,0.5333333333333333
456,0.7333333333333333
457,0.5333333333333333
458,0.6666666666666666
459,0.6666666666666666
460,1.0
461,0.6666666666666666
462,0.5333333333333333
463,0.6666666666666666
464,0.6
465,0.5333333333333333
466,0.6
467,0.7058823529411765
468,0.5294117647058824
469,0.7058823529411765
470,0.6470588235294118
471,0.7058823529411765
472,0.6470588235294118
473,0.7058823529411765
474,0.8823529411764706
475,0.7058823529411765
476,0.5882352941176471
477,0.7058823529411765
478,0.6470588235294118
479,0.6
480,0.7142857142857143
481,0.6666666666666666
482,0.5333333333333333
483,0.8
484,1.0
485,0.5333333333333333
486,0.6
487,0.6
488,0.8666666666666667
489,0.7333333333333333
490,0.8
491,0.6
492,0.8666666666666667
493,0.6666666666666666
494,0.6
495,0.5555555555555556
496,0.6666666666666666
497,0.6666666666666666
498,0.3333333333333333
499,0.8888888888888888
500,0.5
501,0.8888888888888888
502,0.6111111111111112
503,0.6111111111111112
504,1.0
505,0.625
506,0.375
507,0.8
508,0.625
509,0.6875
510,0.5625
511,0.8125
512,0.875
513,0.75
514,0.625
515,0.8125
516,0.6875
517,0.625
518,0.75
519,0.5333333333333333
520,0.6875
521,0.5
522,0.6875
523,0.6
524,0.6
525,0.8
526,0.6
527,0.6428571428571429
528,0.6
529,0.8
530,0.5333333333333333
531,0.6
532,0.5333333333333333
533,0.7333333333333333
534,0.6666666666666666
536,0.4666666666666667
537,0.7333333333333333
538,0.7333333333333333
540,0.6
541,0.625
542,0.8125
543,0.75
544,0.6875
545,0.5625
546,0.75
547,0.75
548,0.8125
549,0.8125
551,0.6875
552,0.75
553,0.625
554,0.6428571428571429
555,0.625
556,1.0
557,0.75
558,0.6470588235294118
559,0.5882352941176471
560,0.5294117647058824
561,0.6470588235294118
562,0.6875
563,0.5294117647058824
564,0.7058823529411765
565,0.7647058823529411
566,0.5714285714285714
567,0.8
568,0.5333333333333333
569,0.8
570,0.6666666666666666
571,0.6
572,0.75
574,0.5625
575,0.5625
576,1.0
577,0.6875
578,0.625
579,0.9375
580,0.75
