User_ID,phenotype_kmeans,phi_star,note,n,match_rate_phi_star,H_Dphi,H_Dphi|g,H_Dphi|TS_quad,I_Dphi;g,I_Dphi;T,I_Dphi;S,I_Dphi;S-T,I_Dphi;TS_quad
2,Envious,Envious,assigned rule,14,1.0,0.0,0.0,0.0,0.0,0.0,0.0,0.0,0.0
3,Trustful,Trustful,assigned rule,14,0.9285714285714286,0.4227571495297672,0.30935628534866383,0.30935628534866383,0.11340086418110334,0.4227571495297672,0.22837518378373275,0.4227571495297672,0.11340086418110334
4,Pessimist,Pessimist,assigned rule,14,0.7142857142857143,0.9146453914555226,0.7449075048445608,0.8338441118328844,0.16973788661096179,0.4719609240946346,0.5258814599634538,0.5258814599634538,0.08080127962263817
6,Undefined,Envious,best-fit rule (Undefined),14,0.8571428571428571,0.6431976014712191,0.5037382510946983,0.5037382510946983,0.1394593503765208,0.20051313411033106,0.4488156357251847,0.3948950998563655,0.1394593503765208
7,Envious,Envious,assigned rule,14,1.0,0.0,0.0,0.0,0.0,0.0,0.0,0.0,0.0
8,Optimist,Optimist,assigned rule,14,0.7142857142857143,0.9146453914555226,0.8338441118328844,0.8948978955666946,0.08080127962263817,0.2425628872290957,0.27757895834860014,0.9146453914555226,0.01974749588882796
9,Envious,Envious,assigned rule,14,0.8571428571428571,0.6431976014712191,0.5666371454687161,0.5666371454687161,0.07656045600250294,0.14659259824151188,0.6431976014712191,0.20051313411033106,0.07656045600250294
10,Optimist,Optimist,assigned rule,14,0.7142857142857143,0.9146453914555226,0.6720825042264269,1.03535932544391,0.2425628872290957,0.6313268187211645,0.08319699260256574,0.4719609240946346,-0.12071393398838737
11,Undefined,Envious,best-fit rule (Undefined),14,0.7142857142857143,0.9146453914555226,0.5037382510946983,0.7751860410790018,0.4109071403608243,0.5258814599634538,0.3314994942174193,0.7202634257094882,0.1394593503765208
19,Optimist,Optimist,assigned rule,14,0.7857142857142857,0.8011200801483715,0.6720825042264269,0.7076491776856513,0.12903757592194465,0.4123561486563027,0.552817578533518,0.552817578533518,0.09347090246272027
20,Optimist,Optimist,assigned rule,14,0.6428571428571429,0.9918107815595227,0.885368934721776,0.8948978955666946,0.10644184683774671,0.1579666697266383,0.9918107815595227,0.7974288158134883,0.0969128859928281
23,Optimist,Optimist,assigned rule,14,0.7142857142857143,0.9146453914555226,0.6205576813375353,0.796585784673975,0.2940877101179873,0.4719609240946346,0.5258814599634538,0.3314994942174193,0.11805960678154759
24,Pessimist,Pessimist,assigned rule,14,0.7857142857142857,0.8011200801483715,0.4777005384803925,0.5316210743492117,0.32341954166797904,0.20844522206534966,0.1640536470414491,0.35843561278748354,0.26949900579915986
25,Optimist,Optimist,assigned rule,14,0.8571428571428571,0.6431976014712191,0.4777005384803925,0.5926748580830219,0.16549706299082656,0.25443366997915023,0.25443366997915023,0.4488156357251847,0.05052274338819718
27,Optimist,Optimist,assigned rule,13,0.8461538461538461,0.6748704654821854,0.47673711869634094,0.5348053880935308,0.1981333467858445,0.4655360408326099,0.6748704654821854,0.4655360408326099,0.1400650773886546
28,Trustful,Trustful,assigned rule,14,0.9285714285714286,0.4227571495297672,0.3473612121800553,0.36213307614580376,0.0753959373497119,0.4227571495297672,0.22837518378373275,0.4227571495297672,0.06062407338396342
29,Optimist,Optimist,assigned rule,14,0.6428571428571429,0.9918107815595227,0.7610191112147506,0.9299139666861991,0.2307916703447721,0.46018970721031105,0.40866488432141945,0.7435082799446692,0.06189681487332366
30,Envious,Envious,assigned rule,14,0.9285714285714286,0.4227571495297672,0.19438196574603442,0.19438196574603442,0.22837518378373275,0.17445464791491358,0.22837518378373275,0.22837518378373275,0.22837518378373275
31,Pessimist,Pessimist,assigned rule,14,0.7857142857142857,0.8011200801483715,0.2483025016148536,0.8409773596978755,0.552817578533518,0.8011200801483715,0.4917637947997077,0.6067381144023372,-0.03985727954950391
32,Trustful,Trustful,assigned rule,17,0.8235294117647058,0.7147270241606074,0.16007926590849894,0.5266158850127001,0.5546477582521084,0.3057581979714367,0.3501633451575231,0.7147270241606074,0.18811113914790734
33,Pessimist,Pessimist,assigned rule,17,0.8235294117647058,0.7147270241606074,0.20448441309458534,0.43780559064052726,0.5102426110660221,0.5102426110660221,0.32132658070616654,0.5546477582521084,0.27692143352008014
34,Optimist,Optimist,assigned rule,17,0.8235294117647058,0.7147270241606074,0.4822107378266137,0.532490324430928,0.23251628633399368,0.3501633451575231,0.3501633451575231,0.3945684923436095,0.18223669972967937
35,Pessimist,Pessimist,assigned rule,17,0.8235294117647058,0.7147270241606074,0.6925695903394269,0.7238677653770433,0.022157433821180517,0.27692143352008014,0.5102426110660221,0.43700069942857905,-0.009140741216435933
37,Pessimist,Pessimist,assigned rule,17,0.7058823529411765,0.9164132552123273,0.8160910885811843,0.8146509998503331,0.10032216663114302,0.14288075002007228,0.3473651631146577,0.39177031030074405,0.10176225536199424
38,Envious,Envious,assigned rule,17,0.8823529411764706,0.5649915816219103,0.3201585318169979,0.47633629840838576,0.24483304980491244,0.12718599098138306,0.360507168527325,0.24483304980491244,0.08865528321352456
40,Pessimist,Pessimist,assigned rule,17,0.7058823529411765,0.9164132552123273,0.9414591506200987,0.9361995579909734,-0.025045895407771357,0.11404398556871576,0.5074444290231566,0.551849576209243,-0.019786302778646125
41,Pessimist,Pessimist,assigned rule,17,0.7058823529411765,0.9164132552123273,0.6925695903394269,0.7540626231404142,0.22384366487290042,0.34149072369642974,0.1584491327548021,0.551849576209243,0.16235063207191314
42,Pessimist,Pessimist,assigned rule,17,0.7058823529411765,0.9164132552123273,0.8775841213821713,0.8775841213821713,0.03882913383015596,0.1584491327548021,0.39177031030074405,0.39177031030074405,0.03882913383015596
43,Envious,Envious,assigned rule,17,0.8823529411764706,0.5649915816219103,0.44614144064501504,0.44614144064501504,0.11885014097689528,0.360507168527325,0.20042790261882604,0.24483304980491244,0.11885014097689528
45,Trustful,Trustful,assigned rule,17,0.7058823529411765,0.9164132552123273,0.6637328258880704,0.8102166491629563,0.25268042932425694,0.5962547233953295,0.39177031030074405,0.9164132552123273,0.10619660604937098
47,Optimist,Optimist,assigned rule,16,0.8125,0.7412964801529259,0.5880721911981235,0.6886747208504242,0.15322428895480245,0.23104382006958557,0.3067671023269321,0.5712122601251458,0.05262175930250168
48,Pessimist,Pessimist,assigned rule,16,0.8125,0.7412964801529259,0.46516844005556024,0.6119506616553585,0.2761280400973657,0.19830850898258257,0.2761280400973657,0.4011280400973657,0.12934581849756743
49,Trustful,Trustful,assigned rule,16,0.6875,0.9411224525623375,0.8525173489963372,0.8852526600833402,0.08860510356600027,0.2752307302494308,0.5065930747363436,0.7238577636493406,0.05586979247899726
51,Trustful,Trustful,assigned rule,16,0.6875,0.9411224525623375,0.932433128968557,0.9656874399460245,0.008689323593780496,0.33441260585112687,0.7238577636493406,-0.05084005423221338,-0.024564987383686954
52,Trustful,Trustful,assigned rule,16,0.625,0.9995182229527452,0.46516844005556024,0.5061073170589098,0.5343497828971849,0.44208509398418805,0.3477241562137544,0.6121693140119682,0.4934109058938354
53,Pessimist,Pessimist,assigned rule,16,0.8125,0.7412964801529259,0.3894451577982137,0.5927836888034612,0.3518513223547122,0.5712122601251458,0.524031791239929,0.4462122601251458,0.1485127913494647
54,Envious,Envious,assigned rule,16,0.875,0.5886486632273765,0.2888426281459129,0.5595293778259938,0.29980603508146364,0.37138397431437964,0.24848022317181628,0.37138397431437964,0.029119285401382755
56,Pessimist,Pessimist,assigned rule,16,0.75,0.856362344486913,0.6352526600833404,0.7240252806853285,0.2211096844035726,0.1676876236364887,0.6390976555739161,0.6862781244591328,0.1323370638015845
57,Optimist,Optimist,assigned rule,16,0.875,0.5886486632273765,0.5185905008226441,0.5413734993601617,0.0700581624047324,0.29980603508146364,0.1706606920570331,0.37138397431437964,0.047275163867214864
58,Undefined,Envious,best-fit rule (Undefined),16,0.8125,0.7412964801529259,0.34850628079486407,0.34850628079486407,0.39279019935806186,0.2823696319792329,0.5712122601251458,0.524031791239929,0.39279019935806186
60,Optimist,Optimist,assigned rule,16,0.75,0.856362344486913,0.5990252806853285,0.7691095007131086,0.2573370638015845,0.5161939044313527,0.5078560636920488,0.856362344486913,0.08725284377380438
61,Trustful,Trustful,assigned rule,16,0.625,0.9995182229527452,0.7358551897356411,0.914277250502725,0.26366303321710405,0.5649888451267513,0.3642655628694048,0.3949046250989713,0.08524097245002016
62,Envious,Envious,assigned rule,14,0.8571428571428571,0.6431976014712191,0.2483025016148536,0.5316210743492117,0.3948950998563655,0.20051313411033106,0.16549706299082656,0.6431976014712191,0.11157652712200739
63,Pessimist,Pessimist,assigned rule,14,0.5714285714285714,1.036752958923143,1.0632421486984234,1.0656378616783508,-0.026489189775280364,0.25682938295907776,0.39968652581622055,0.3457659899474014,-0.02888490275520783
66,Trustful,Trustful,assigned rule,12,0.5,1.0601122933703735,0.691454001096859,1.0440475448278104,0.36865829227351454,0.8333333333333334,0.5436470814493375,0.2539608295653416,0.016064748542563123
67,Trustful,Trustful,assigned rule,14,0.9285714285714286,0.4227571495297672,0.19438196574603442,0.19438196574603442,0.22837518378373275,0.22837518378373275,0.22837518378373275,0.4227571495297672,0.22837518378373275
69,Envious,Envious,assigned rule,14,0.8571428571428571,0.6431976014712191,0.5316210743492117,0.5666371454687161,0.11157652712200739,0.08553881450770162,0.4488156357251847,0.3948950998563655,0.07656045600250294
71,Envious,Envious,assigned rule,15,0.8666666666666667,0.6145993412492041,0.37174003284785495,0.37174003284785495,0.24285930840134917,0.38285033974200744,0.433176173219572,0.20142717171237529,0.24285930840134917
72,Undefined,Trustful,best-fit rule (Undefined),15,0.7333333333333333,0.884730576637466,0.41540816831809463,0.45087943336072656,0.4693224083193714,0.15680190573767172,0.5699740752745006,0.6529815751302693,0.43385114327673946
73,Trustful,Trustful,assigned rule,15,0.8,0.7700179295836611,0.5204815344992829,0.6228553047186058,0.2495363950843782,0.40717159352439686,0.3065199265692677,0.588594761554029,0.14716262486505527
74,Envious,Envious,assigned rule,15,1.0,0.0,0.0,0.0,0.0,0.0,0.0,0.0,0.0
75,Trustful,Trustful,assigned rule,15,0.5333333333333333,1.0448814666779354,0.8285803378549235,0.8640516028975553,0.2163011288230119,0.5990276307629023,0.36727862925570565,0.500611962589039,0.18082986378038002
76,Trustful,Trustful,assigned rule,15,0.6,1.0190404291509674,0.6034890343550516,1.0079107335811108,0.41555139479591574,0.4244450915845064,0.4244450915845064,0.6561940930917032,0.011129695569856546
77,Envious,Envious,assigned rule,15,1.0,0.0,0.0,0.0,0.0,0.0,0.0,0.0,0.0
78,Envious,Envious,assigned rule,15,1.0,0.0,0.0,0.0,0.0,0.0,0.0,0.0,0.0
79,Envious,Envious,assigned rule,15,0.9333333333333333,0.40144916971772016,0.0,0.2317490015071967,0.40144916971772016,0.40144916971772016,0.22002600168808803,0.40144916971772016,0.16970016821052344
80,Optimist,Optimist,assigned rule,15,0.6,1.0190404291509674,0.7606103372779984,1.1256926721185285,0.25843009187296895,0.2430219235548743,0.2430219235548743,0.4244450915845064,-0.10665224296756115
81,Optimist,Optimist,assigned rule,15,0.4666666666666667,1.0448814666779354,0.6034890343550516,1.0996687037476491,0.4413924323228837,0.465694297429569,0.6820351306186712,1.0448814666779354,-0.05478723706971378
82,Undefined,Envious,best-fit rule (Undefined),15,0.5333333333333333,1.0448814666779354,0.47015570102171833,0.7345863689071193,0.574725765656217,0.45028612911147436,0.8634582986483033,0.6820351306186712,0.3102950977708161
83,Trustful,Trustful,assigned rule,15,0.8666666666666667,0.6145993412492041,0.4961796693925976,0.5204815344992829,0.11841967185660651,0.433176173219572,0.25175300518993987,0.433176173219572,0.0941178067499212
84,Envious,Envious,assigned rule,15,0.7333333333333333,0.884730576637466,0.8352380358622484,0.8922215673471379,0.049492540775217586,0.4715584071006372,0.5218842405782018,0.3404610725485696,-0.007490990709671852
85,Envious,Envious,assigned rule,15,0.9333333333333333,0.40144916971772016,0.2317490015071967,0.2317490015071967,0.16970016821052344,0.40144916971772016,0.16970016821052344,0.40144916971772016,0.16970016821052344
86,Envious,Envious,assigned rule,18,0.7777777777777778,0.804279368755536,0.8947039461473083,0.921938668129145,-0.09042457739177234,0.28154853213498165,0.3507214486814556,0.28154853213498177,-0.11765929937360908
87,Envious,Envious,assigned rule,18,0.7777777777777778,0.804279368755536,0.5646690311851914,0.6195667214130917,0.23961033757034456,0.45996922747484525,0.23961033757034456,0.45996922747484525,0.1847126473424443
88,Undefined,Optimist,best-fit rule (Undefined),18,0.6666666666666666,0.9583706963014053,1.0620284781416303,1.0662164760130417,-0.103657781840225,0.2425156917581871,0.2425156917581871,0.6140605550207145,-0.10784577971163645
89,Trustful,Trustful,assigned rule,18,0.9444444444444444,0.3496182913972408,0.15118597335802678,0.2203588899045007,0.19843231803921405,0.3496182913972408,0.19843231803921405,0.12925940149274012,0.12925940149274012
90,Trustful,Trustful,assigned rule,18,1.0,0.0,0.0,0.0,0.0,0.0,0.0,0.0,0.0
91,Envious,Envious,assigned rule,18,0.9444444444444444,0.3496182913972408,0.0,0.1931241679226639,0.3496182913972408,0.19843231803921405,0.12925940149274012,0.3496182913972408,0.15649412347457692
92,Optimist,Optimist,assigned rule,18,0.8333333333333334,0.6900972838952698,0.5301422506110465,0.5301422506110465,0.15995503328422334,0.23653936382118945,0.1673664472747155,0.44948683973519793,0.15995503328422334
93,Envious,Envious,assigned rule,18,0.9444444444444444,0.3496182913972408,0.24061044416007188,0.25674900279636703,0.10900784723716894,0.12925940149274012,0.07944845970164227,0.15649412347457692,0.09286928860087379
95,Optimist,Optimist,assigned rule,18,0.6666666666666666,0.9583706963014053,0.8689043102189664,0.8777508102629535,0.08946638608243884,0.09132971840016035,0.39370166511621385,0.5048127762273249,0.08061988603845172
96,Optimist,Optimist,assigned rule,18,0.7222222222222222,0.8924800408963943,0.7472777243964663,0.8707676425366879,0.14520231649992799,0.36974920427584,0.35504573169303966,0.7412940675383676,0.021712398359706397
97,Optimist,Optimist,assigned rule,18,0.6666666666666666,0.9583706963014053,0.7596565314255768,0.912705837101325,0.1987141648758285,0.15309122095614203,0.26975041374002384,0.35176347055157675,0.04566485920008023
98,Envious,Envious,assigned rule,18,0.8333333333333334,0.6900972838952698,0.7015797782246445,0.7311391657601711,-0.011482494329374648,0.23467603150346805,0.5389113105372431,0.3457871426145791,-0.04104188186490132
99,Optimist,Optimist,assigned rule,18,0.6111111111111112,1.0041536270551445,0.9182539187740959,0.9874268353205697,0.08589970828104865,0.140797398508949,0.6326087637926171,0.48142279043459035,0.01672679173457481
100,Envious,Envious,assigned rule,18,1.0,0.0,0.0,0.0,0.0,0.0,0.0,0.0,0.0
101,Pessimist,Pessimist,assigned rule,18,0.6666666666666666,0.9583706963014053,0.908979172465882,0.9035504461912954,0.049391523835523254,0.35176347055157675,0.1185644403819972,0.30982527598693965,0.054820250110109825
102,Envious,Envious,assigned rule,18,0.6666666666666666,0.9583706963014053,0.7740511131423348,0.9671752810649987,0.1843195831590705,0.2825905540051028,0.6485873355948595,0.7652465283787413,-0.00880458476359347
103,Envious,Envious,assigned rule,18,0.9444444444444444,0.3496182913972408,0.24061044416007188,0.24061044416007188,0.10900784723716894,0.3496182913972408,0.15649412347457692,0.19843231803921405,0.10900784723716894
104,Envious,Envious,assigned rule,17,0.9411764705882353,0.3651891659823677,0.23332117754594192,0.23332117754594192,0.1318679884364258,0.3651891659823677,0.20510990007386878,0.3651891659823677,0.1318679884364258
105,Envious,Envious,assigned rule,17,0.8235294117647058,0.7147270241606074,0.7214063547907835,0.7214063547907835,-0.006679330630176117,0.16124731479766763,0.24808466906872356,0.3501633451575231,-0.006679330630176117
106,Pessimist,Pessimist,assigned rule,17,0.7647058823529411,0.8295587932862386,0.8356403847823448,0.8620157386474416,-0.006081591496106209,0.16582596739816835,0.2970684688553106,0.3493209955607418,-0.03245694536120303
107,Undefined,Envious,best-fit rule (Undefined),17,0.6470588235294118,0.9790995889625321,0.9799898583879572,1.0845299450630166,-0.0008902694254250276,0.4544566440509489,0.1034884076814776,0.49886179123703533,-0.10543035610048446
108,Optimist,Optimist,assigned rule,17,0.6470588235294118,0.9790995889625321,0.7658115019768699,0.8859199713866591,0.21328808698566226,0.41005149686486253,0.6145359099594478,0.5856991455080913,0.09317961757587301
109,Pessimist,Pessimist,assigned rule,17,0.6470588235294118,0.9790995889625321,0.7369747375255133,1.0938174133132126,0.24212485143701878,0.4544566440509489,0.5642563233551335,0.6145359099594478,-0.11471782435068045
111,Optimist,Optimist,assigned rule,17,0.6470588235294118,0.9790995889625321,0.7828993875917707,0.8473892636188007,0.19620020137076144,0.045487817861778246,0.5642563233551335,0.6145359099594478,0.1317103253437314
112,Optimist,Optimist,assigned rule,17,0.6470588235294118,0.9790995889625321,0.8331789741960851,0.9278637079864858,0.14592061476644702,0.6145359099594478,0.3812147324135059,0.6145359099594478,0.051235880976046366
114,Undefined,Trustful,best-fit rule (Undefined),17,0.6470588235294118,0.9790995889625321,0.6383885044180015,0.6647638582830984,0.3407110845445306,0.6589410571455343,0.03024649604403451,0.7457784114165902,0.31433573067943377
115,Envious,Envious,assigned rule,17,0.8823529411764706,0.5649915816219103,0.5051730628597423,0.5051730628597423,0.05981851876216804,0.09834922653002648,0.40491231571341135,0.360507168527325,0.05981851876216804
116,Optimist,Optimist,assigned rule,17,0.7647058823529411,0.8295587932862386,0.6925695903394269,0.7658115019768699,0.13698920294681172,0.3473480554596249,0.4205899670970679,0.27607908392329883,0.06374729130936874
117,Optimist,Optimist,assigned rule,17,0.7647058823529411,0.8295587932862386,0.532490324430928,0.605732236068371,0.2970684688553106,0.4205899670970679,0.5962376157402967,0.6694795273777396,0.2238265572178676
118,Optimist,Optimist,assigned rule,17,0.7058823529411765,0.9164132552123273,0.76581150197687,0.8775841213821715,0.15060175323545733,0.39177031030074405,0.18728589720615874,0.711928842117742,0.03882913383015585
119,Optimist,Optimist,assigned rule,17,0.8235294117647058,0.7147270241606074,0.4802377977254968,0.4822107378266137,0.2344892264351106,0.3501633451575231,0.3945684923436095,0.32132658070616654,0.23251628633399368
120,Envious,Envious,assigned rule,17,0.8823529411764706,0.5649915816219103,0.45830650508739623,0.5529912388777969,0.10668507653451409,0.24483304980491244,0.17159113816746946,0.24483304980491244,0.012000342744113435
121,Envious,Envious,assigned rule,17,0.8235294117647058,0.7147270241606074,0.4148432656073986,0.6696072653062982,0.2998837585532088,0.48140584661466546,0.5102426110660221,0.3057581979714367,0.04511975885430919
122,Envious,Envious,assigned rule,17,0.8235294117647058,0.7147270241606074,0.3201585318169979,0.5266158850127001,0.3945684923436095,0.3501633451575231,0.5102426110660221,0.3501633451575231,0.18811113914790734
123,Trustful,Trustful,assigned rule,17,0.6470588235294118,0.9790995889625321,0.8160910885811842,1.0435378267088982,0.16300850038134795,0.3812147324135059,0.4968888511359184,0.24997223095636356,-0.06443823774636603
124,Undefined,Pessimist,best-fit rule (Undefined),17,0.6470588235294118,0.9790995889625321,0.692569590339427,0.9337381474047137,0.28652999862310513,0.24997223095636356,0.13429811223395094,0.06105620059650796,0.045361441557818405
125,Optimist,Optimist,assigned rule,17,0.6470588235294118,0.9790995889625321,0.6925695903394269,0.9107758223715849,0.28652999862310524,0.7457784114165902,0.5412939983220049,0.49101441171769056,0.06832376659094719
126,Optimist,Optimist,assigned rule,17,0.6470588235294118,0.9790995889625321,0.4148432656073986,0.47633629840838576,0.5642563233551335,0.6589410571455343,0.14789355486756395,0.4544566440509489,0.5027632905541464
127,Trustful,Trustful,assigned rule,17,0.6470588235294118,0.9790995889625321,0.8043422097447284,0.9952311802057009,0.17475737921780377,0.2943773781424499,0.4544566440509489,0.7746151758679468,-0.016131591243168764
128,Undefined,Envious,best-fit rule (Undefined),17,0.47058823529411764,1.0399347534540846,1.0205755016757696,1.1406839710855587,0.01935925177831499,0.04864945345061755,0.6753710744510003,0.6021291628135573,-0.10074921763147415
129,Undefined,Trustful,best-fit rule (Undefined),13,0.6153846153846154,1.0167248755262976,0.5725150031453049,0.9356955816410343,0.44420987238099274,0.5399877568299567,0.5399877568299567,0.7493221814795322,0.08102929388526336
131,Trustful,Trustful,assigned rule,13,0.7692307692307693,0.8348381080955067,0.514446733748115,0.6229013133032737,0.32039137434739173,0.3581009893991658,0.5674354140487413,0.6255036834459312,0.21193679479223304
135,Envious,Envious,assigned rule,16,0.9375,0.382374286644794,0.2479037511425633,0.2888426281459129,0.1344705355022307,0.1651095977317971,0.21229006661701388,0.1344705355022307,0.09353165849888112
136,Envious,Envious,assigned rule,16,0.875,0.5886486632273765,0.44077096970786095,0.44077096970786095,0.14787769351951557,0.1541192854013827,0.20129975428659952,0.5886486632273765,0.14787769351951557
137,Optimist,Optimist,assigned rule,16,0.6875,0.9411224525623375,0.6601319074782945,0.6601319074782945,0.280990545084043,0.3836893235937804,0.5065930747363436,0.3836893235937804,0.280990545084043
138,Envious,Envious,assigned rule,16,0.875,0.5886486632273765,0.42269946877568115,0.42269946877568115,0.16594919445169537,0.5886486632273765,0.1706606920570331,0.20129975428659952,0.16594919445169537
139,Envious,Envious,assigned rule,16,1.0,0.0,0.0,0.0,0.0,0.0,0.0,0.0,0.0
140,Envious,Envious,assigned rule,16,0.8125,0.7412964801529259,0.5185905008226441,0.693386218455762,0.2227059793302818,0.3539475712121489,0.4011280400973657,0.1838633511843688,0.04791026169716395
143,Trustful,Trustful,assigned rule,17,0.6470588235294118,0.9790995889625321,0.9991326795228118,0.9806047051770598,-0.020033090560279687,0.10348840768147749,0.3656463496787761,0.8190203230540332,-0.0015051162145276464
144,Envious,Envious,assigned rule,17,0.9411764705882353,0.3651891659823677,0.20448441309458534,0.2547639996988996,0.16070475288778238,0.1318679884364258,0.16070475288778238,0.16070475288778238,0.1104251662834681
146,Trustful,Trustful,assigned rule,17,0.6470588235294118,0.9790995889625321,0.43780559064052726,0.6711267681864692,0.5412939983220049,0.5856991455080913,0.28652999862310524,0.4544566440509489,0.3079728207760629
148,Pessimist,Pessimist,assigned rule,17,0.7058823529411765,0.9164132552123273,0.605732236068371,0.899026943535129,0.3106810191439563,0.14288075002007228,0.5884073438759847,0.18728589720615874,0.017386311677198285
149,Envious,Envious,assigned rule,17,0.8235294117647058,0.7147270241606074,0.7037830365360997,0.7481881837221862,0.010943987624507656,0.11684216761158117,0.22664184691576583,0.3945684923436095,-0.0334611595615788
150,Trustful,Trustful,assigned rule,14,0.6428571428571429,0.9918107815595227,0.9203850058412805,1.03535932544391,0.07142577571824227,0.49520577832981555,0.3547443484526003,0.21188720559545748,-0.043548543884387225
151,Undefined,Trustful,best-fit rule (Undefined),16,0.5,1.0450842200277801,0.8546135978537739,0.9552161275060747,0.19047062217400623,0.23974733991665964,0.2211096844035726,0.487651091059223,0.08986809252170547
152,Envious,Envious,assigned rule,17,1.0,0.0,0.0,0.0,0.0,0.0,0.0,0.0,0.0
153,Pessimist,Pessimist,assigned rule,18,0.7222222222222222,0.8924800408963943,0.8141259753892504,0.8639369171803483,0.07835406550714397,0.48454506474200054,0.5901080941803407,0.39698392625767687,0.02854312371604606
154,Pessimist,Pessimist,assigned rule,18,0.8333333333333334,0.6900972838952698,0.3443101412806907,0.5269188344919656,0.3457871426145791,0.3457871426145791,0.303848948049942,0.5389113105372431,0.16317844940330417
155,Optimist,Optimist,assigned rule,18,0.8888888888888888,0.5433331970225614,0.4079349761543938,0.4973594469564389,0.13539822086816766,0.3921472236645347,0.19902305574187074,0.3921472236645347,0.04597375006612253
156,Envious,Envious,assigned rule,18,0.7777777777777778,0.804279368755536,0.779908085681148,0.7398332234342323,0.02437128307438796,0.11565908619415466,0.19767214300570746,0.6530933953975092,0.06444614532130366
157,Pessimist,Pessimist,assigned rule,18,0.7222222222222222,0.8924800408963943,0.6066072257498285,0.9744673396573067,0.2858728151465658,0.3278110097112029,0.19831167666224203,0.43892212082231397,-0.08198729876091237
158,Envious,Envious,assigned rule,17,1.0,0.0,0.0,0.0,0.0,0.0,0.0,0.0,0.0
159,Undefined,Optimist,best-fit rule (Undefined),18,0.5,1.0400748622469156,0.9527806993482406,0.9527806993482406,0.08729416289867498,0.364294719950613,0.32421985770369743,0.6957647209662249,0.08729416289867498
160,Trustful,Trustful,assigned rule,16,0.875,0.5886486632273765,0.5061073170589098,0.5518448118001117,0.08254134616846676,0.3407449120848132,0.14787769351951557,0.24848022317181628,0.03680385142726483
161,Pessimist,Pessimist,assigned rule,16,0.6875,0.9411224525623375,0.6923854415180427,0.9630721911981235,0.2487370110442948,0.30586979247899715,0.1664246346807835,0.43086979247899715,-0.021949738635785976
163,Pessimist,Pessimist,assigned rule,17,0.6470588235294118,0.9790995889625321,0.9361995579909735,0.9361995579909735,0.04290003097155859,0.22113546650500693,0.2943773781424499,0.3812147324135059,0.04290003097155859
164,Pessimist,Pessimist,assigned rule,18,0.6666666666666666,0.9583706963014053,0.46096933406457263,1.0275016975674856,0.4974013622368326,0.3042771943141688,0.13140458064707605,0.6559987495853516,-0.0691310012660803
165,Undefined,Envious,best-fit rule (Undefined),18,0.7222222222222222,0.8924800408963943,0.46426775243578894,0.4992227792741604,0.4282122884606054,0.1619215637703758,0.2600731792182237,0.3494976500202689,0.3932572616222339
166,Optimist,Optimist,assigned rule,18,0.7777777777777778,0.804279368755536,0.3443101412806907,0.8882662849743426,0.45996922747484525,0.3507214486814556,0.6530933953975092,0.41803103291020816,-0.0839869162188066
169,Undefined,Trustful,best-fit rule (Undefined),14,0.6428571428571429,0.9918107815595227,1.009321612829604,1.0982582198179278,-0.01751083127008135,0.1603623827065659,0.5141102430791302,0.7435082799446692,-0.10644743825840508
170,Optimist,Optimist,assigned rule,16,0.875,0.5886486632273765,0.3039410606575484,0.5647701927701416,0.28470760256982813,0.37138397431437964,0.20129975428659952,0.5886486632273765,0.0238784704572349
171,Envious,Envious,assigned rule,16,0.5625,1.0337836283162776,0.6025645036867802,0.8653098994685002,0.4312191246294974,0.18126627931994033,0.25908581043472356,0.3062662793199403,0.16847372884777734
172,Optimist,Optimist,assigned rule,16,0.75,0.856362344486913,0.7052161275060747,0.9712757571144699,0.1511462169808383,0.5161939044313527,0.46901343554613595,0.43837437331656953,-0.11491341262755694
173,Undefined,Envious,best-fit rule (Undefined),16,0.625,0.9995182229527452,0.6824331289685571,0.7830356586208579,0.31708509398418805,0.1941813428416247,0.44208509398418805,0.7516144718101818,0.21648256433188728
174,Envious,Envious,assigned rule,16,0.625,0.9995182229527452,0.899697817881554,1.0418924992506262,0.09982040507119117,0.1941813428416247,0.4114460317546217,0.22482040507119117,-0.04237427629788104
176,Optimist,Optimist,assigned rule,16,0.6875,0.9411224525623375,0.637348908940777,0.637348908940777,0.3037735436215605,0.6009540125067773,0.7238577636493406,0.26078557245121703,0.3037735436215605
177,Optimist,Optimist,assigned rule,16,0.6875,0.9411224525623375,1.0309394097634212,1.0718782867667709,-0.08981695720108374,0.3836893235937804,-0.08147911646177997,0.4225319517396934,-0.13075583420443337
178,Optimist,Optimist,assigned rule,16,0.875,0.5886486632273765,0.2888426281459129,0.5927836888034612,0.29980603508146364,0.1541192854013827,0.4185644431995964,0.5886486632273765,-0.004135025576084694
179,Envious,Envious,assigned rule,16,1.0,0.0,0.0,0.0,0.0,0.0,0.0,0.0,0.0
180,Pessimist,Pessimist,assigned rule,16,0.8125,0.7412964801529259,0.0,0.7820348816831386,0.7412964801529259,0.5712122601251458,0.524031791239929,0.3539475712121489,-0.04073840153021269
181,Envious,Envious,assigned rule,16,0.6875,0.9411224525623375,0.9406366948849035,1.0184562259996868,0.00048575767743397336,0.5065930747363436,0.5926161717674734,0.21360510356600027,-0.07733377343734926
186,Trustful,Trustful,assigned rule,14,0.8571428571428571,0.6431976014712191,0.2483025016148536,0.33723910860317724,0.3948950998563655,0.6431976014712191,0.6431976014712191,0.6431976014712191,0.30595849286804183
187,Envious,Envious,assigned rule,14,0.7142857142857143,0.9146453914555226,0.5316210743492117,0.8149396470835697,0.3830243171063109,0.27757895834860014,0.7202634257094882,0.4719609240946346,0.0997057443719529
188,Trustful,Trustful,assigned rule,14,0.8571428571428571,0.6431976014712191,0.442684467360888,0.5666371454687161,0.20051313411033106,0.25443366997915023,0.20051313411033106,0.33384131612255524,0.07656045600250294
190,Envious,Envious,assigned rule,16,0.8125,0.7412964801529259,0.34850628079486407,0.4200842200277801,0.39279019935806186,0.3539475712121489,0.524031791239929,0.3539475712121489,0.3212122601251458
191,Pessimist,Pessimist,assigned rule,16,0.75,0.856362344486913,0.6824331289685571,0.7664942519652075,0.17392921551835583,0.6390976555739161,0.1288449954905757,0.856362344486913,0.08986809252170547
193,Trustful,Trustful,assigned rule,16,0.75,0.856362344486913,0.27068674968008083,0.27068674968008083,0.5856755948068322,0.6390976555739161,0.856362344486913,0.856362344486913,0.5856755948068322
195,Optimist,Optimist,assigned rule,16,0.5,1.0450842200277801,0.3039410606575484,0.5212057495705453,0.7411431593702318,0.75,0.6577353110870031,0.875,0.5238784704572348
196,Trustful,Trustful,assigned rule,16,1.0,0.0,0.0,0.0,0.0,0.0,0.0,0.0,0.0
197,Optimist,Optimist,assigned rule,16,0.625,0.9995182229527452,0.7130721911981235,0.8443137830799907,0.2864460317546217,0.6121693140119682,0.4892655628694048,0.6593497828971849,0.15520443987275445
198,Pessimist,Pessimist,assigned rule,16,0.75,0.856362344486913,0.34850628079486407,0.565770969707861,0.5078560636920488,0.42183296666091913,0.3461096844035726,0.25174874663313906,0.29059137477905195
199,Trustful,Trustful,assigned rule,15,0.8666666666666667,0.6145993412492041,0.31475650136296546,0.31475650136296546,0.29984283988623867,0.38285033974200744,0.38285033974200744,0.38285033974200744,0.29984283988623867
200,Trustful,Trustful,assigned rule,15,1.0,0.0,0.0,0.0,0.0,0.0,0.0,0.0,0.0
201,Optimist,Optimist,assigned rule,15,0.7333333333333333,0.884730576637466,0.37174003284785495,0.6034890343550516,0.5129905437896111,0.7033074086078339,0.05838623756380834,0.4715584071006372,0.2812415422824144
202,Envious,Envious,assigned rule,15,0.7333333333333333,0.884730576637466,0.6361707007332558,0.8418957338695733,0.24855987590421025,0.290135239071005,0.4715584071006372,0.23980940559344044,0.042834842767892733
203,Pessimist,Pessimist,assigned rule,15,0.8666666666666667,0.6145993412492041,0.18142316802963213,0.445853835915033,0.433176173219572,0.433176173219572,0.38285033974200744,0.433176173219572,0.1687455053341711
204,Pessimist,Pessimist,assigned rule,15,0.7333333333333333,0.884730576637466,0.5465055028701622,0.7782545043773589,0.3382250737673038,0.3404610725485696,0.290135239071005,0.4715584071006372,0.10647607226010714
205,Pessimist,Pessimist,assigned rule,15,1.0,0.0,0.0,0.0,0.0,0.0,0.0,0.0,0.0
207,Optimist,Optimist,assigned rule,15,0.8666666666666667,0.6145993412492041,0.31475650136296546,0.37174003284785495,0.29984283988623867,0.29984283988623867,0.38285033974200744,0.433176173219572,0.24285930840134917
208,Trustful,Trustful,assigned rule,15,0.8,0.7700179295836611,0.5465055028701622,0.5465055028701622,0.2235124267134989,0.40717159352439686,0.588594761554029,0.5382689280764644,0.2235124267134989
209,Pessimist,Pessimist,assigned rule,15,0.7333333333333333,0.884730576637466,0.4961796693925976,0.924903233725342,0.3885509072448684,0.6202999087520651,0.33156737575997897,0.4212325736230726,-0.040172657087875985
210,Envious,Envious,assigned rule,15,0.6,1.0190404291509674,0.4961796693925976,1.0996687037476491,0.5228607597583698,0.6561940930917032,0.4244450915845064,1.0190404291509674,-0.08062827459668176
211,Optimist,Optimist,assigned rule,15,0.7333333333333333,0.884730576637466,0.6034890343550516,0.6864965342108205,0.2812415422824144,0.884730576637466,0.5218842405782018,0.5218842405782018,0.19823404242664555
212,Trustful,Trustful,assigned rule,15,0.9333333333333333,0.40144916971772016,0.30809880335564044,0.30809880335564044,0.09335036636207972,0.11271663672563392,0.22002600168808803,0.22002600168808803,0.09335036636207972
213,Trustful,Trustful,assigned rule,15,0.9333333333333333,0.40144916971772016,0.28873253299208623,0.28873253299208623,0.11271663672563392,0.16970016821052344,0.40144916971772016,0.22002600168808803,0.11271663672563392
214,Pessimist,Pessimist,assigned rule,15,0.7333333333333333,0.884730576637466,0.7434800656957099,0.7871482011659496,0.1412505109417561,0.4715584071006372,0.5218842405782018,0.3404610725485696,0.09758237547151638
215,Envious,Envious,assigned rule,15,0.8,0.7700179295836611,0.2317490015071967,0.701904702528915,0.5382689280764644,0.17542259201720012,0.5382689280764644,0.7700179295836611,0.0681132270547461
216,Trustful,Trustful,assigned rule,15,0.8,0.7700179295836611,0.4634980030143934,0.4634980030143934,0.3065199265692677,0.35684576004683227,0.5055872616982602,0.588594761554029,0.3065199265692677
217,Pessimist,Pessimist,assigned rule,15,0.6666666666666666,0.9663856687507884,0.8939436706113317,0.9509272020962212,0.07244199813945662,0.28878283132855864,0.6035393326915242,0.5532134992139595,0.015458466654567182
218,Undefined,Envious,best-fit rule (Undefined),15,0.6,1.0190404291509674,0.7279286708997943,0.7606103372779984,0.2911117582511731,0.5228607597583698,0.5731865932359343,0.47477092506207097,0.25843009187296895
220,Optimist,Optimist,assigned rule,15,0.7333333333333333,0.884730576637466,0.7345863689071191,0.7804905031586246,0.15014420773034687,0.7033074086078339,0.7033074086078339,0.5218842405782018,0.10424007347884146
221,Pessimist,Pessimist,assigned rule,15,0.7333333333333333,0.884730576637466,0.6228553047186058,0.8872859726040068,0.2618752719188602,0.3404610725485696,0.3642490421381831,0.5218842405782018,-0.002555395966540752
222,Envious,Envious,assigned rule,15,0.9333333333333333,0.40144916971772016,0.2317490015071967,0.2317490015071967,0.16970016821052344,0.40144916971772016,0.40144916971772016,0.22002600168808803,0.16970016821052344
223,Undefined,Pessimist,best-fit rule (Undefined),15,0.6,1.0190404291509674,0.8679197022404525,0.9358897028173775,0.15112072691051492,0.5731865932359343,0.34143759172873767,0.3741192581069418,0.08315072633358989
224,Envious,Envious,assigned rule,15,1.0,0.0,0.0,0.0,0.0,0.0,0.0,0.0,0.0
225,Envious,Envious,assigned rule,15,1.0,0.0,0.0,0.0,0.0,0.0,0.0,0.0,0.0
226,Pessimist,Pessimist,assigned rule,15,0.7333333333333333,0.884730576637466,0.7700576339497514,0.9514808019793835,0.11467294268771466,0.3404610725485696,0.3404610725485696,0.7033074086078339,-0.06675022534191744
227,Undefined,Envious,best-fit rule (Undefined),15,0.6666666666666666,0.9663856687507884,0.47015570102171833,0.5968313363477268,0.49622996772907,0.19036716315469526,0.7346366672435917,0.5532134992139595,0.36955433240306157
228,Optimist,Optimist,assigned rule,14,0.6428571428571429,0.9918107815595227,0.5926748580830219,0.9767012546900273,0.39913592347650084,0.603046850067454,0.7435082799446692,0.40866488432141945,0.015109526869495404
229,Envious,Envious,assigned rule,14,0.7857142857142857,0.8011200801483715,0.2483025016148536,0.6465953939518411,0.552817578533518,0.35843561278748354,0.8011200801483715,0.8011200801483715,0.15452468619653048
230,Envious,Envious,assigned rule,14,0.7142857142857143,0.9146453914555226,0.5576587869635174,0.5956637137949089,0.35698660449200514,0.9146453914555226,0.7202634257094882,0.27757895834860014,0.3189816776606137
232,Undefined,Envious,best-fit rule (Undefined),14,0.7142857142857143,0.9146453914555226,0.5855416102180309,0.9156474709562169,0.32910378123749173,0.4369448529751301,0.4180403882258154,0.02927645673374657,-0.0010020795006943084
235,Undefined,Optimist,best-fit rule (Undefined),14,0.6428571428571429,0.9918107815595227,0.9909677504200094,1.0377550384238377,0.0008430311395133394,0.3008238125837811,0.7974288158134883,0.7974288158134883,-0.045944256864314914
237,Envious,Envious,assigned rule,14,0.7142857142857143,0.9146453914555226,0.6465953939518411,0.8948978955666946,0.2680499975036815,0.27757895834860014,0.666342889840669,0.3314994942174193,0.01974749588882796
238,Pessimist,Pessimist,assigned rule,14,0.8571428571428571,0.6431976014712191,0.33010586073818615,0.5956637137949089,0.3130917407330329,0.3948950998563655,0.3948950998563655,0.4488156357251847,0.04753388767631017
240,Envious,Envious,assigned rule,14,0.7857142857142857,0.8011200801483715,0.8149396470835697,0.87599343081738,-0.013819566935198146,0.1640536470414491,0.35843561278748354,0.32341954166797904,-0.07487335066900846
241,Optimist,Optimist,assigned rule,14,0.7857142857142857,0.8011200801483715,0.442684467360888,0.5784083623530397,0.35843561278748354,0.30451507691866436,0.6067381144023372,0.6067381144023372,0.22271171779533183
242,Envious,Envious,assigned rule,14,0.7857142857142857,0.8011200801483715,0.5576587869635174,0.6465953939518411,0.2434612931848541,0.5178015074140134,0.8011200801483715,0.4123561486563027,0.15452468619653048
246,Envious,Envious,assigned rule,13,0.7692307692307693,0.8348381080955067,0.6305832725424948,0.6305832725424948,0.20425483555301194,0.5674354140487413,0.6255036834459312,0.6255036834459312,0.20425483555301194
247,Envious,Envious,assigned rule,13,1.0,0.0,0.0,0.0,0.0,0.0,0.0,0.0,0.0
250,Pessimist,Pessimist,assigned rule,13,1.0,0.0,0.0,0.0,0.0,0.0,0.0,0.0,0.0
251,Undefined,Envious,best-fit rule (Undefined),13,0.8461538461538461,0.6748704654821854,0.2674026940467654,0.2674026940467654,0.40746777143542,0.25620161618303433,0.4655360408326099,0.36975815638364595,0.40746777143542
253,Envious,Envious,assigned rule,13,0.7692307692307693,0.8348381080955067,0.542487347332752,0.6886515419396847,0.2923507607627548,0.3581009893991658,0.41616925879635563,0.6255036834459312,0.14618656615582204
254,Pessimist,Pessimist,assigned rule,13,0.6923076923076923,0.945979911022913,0.47673711869634094,0.9433775408802554,0.46924279232657207,0.6785772169761476,0.46924279232657207,0.41117452292938217,0.0026023701426576284
255,Pessimist,Pessimist,assigned rule,13,0.7692307692307693,0.8348381080955067,0.47673711869634094,0.5348053880935308,0.3581009893991658,0.09069829535240037,0.47165752959977736,0.6255036834459312,0.3000327200019759
256,Envious,Envious,assigned rule,13,0.9230769230769231,0.44673183443267733,0.3051123090985395,0.3051123090985395,0.14161952533413785,0.23739740978310178,0.23739740978310178,0.23739740978310178,0.14161952533413785
258,Pessimist,Pessimist,assigned rule,13,0.6923076923076923,0.945979911022913,0.6305832725424948,0.9356955816410343,0.3153966384804182,0.20184009827980665,0.7366454863733375,0.3734649078776081,0.010284329381878732
259,Envious,Envious,assigned rule,14,0.8571428571428571,0.6431976014712191,0.4777005384803925,0.5956637137949089,0.16549706299082656,0.20051313411033106,0.25443366997915023,0.30595849286804183,0.04753388767631017
261,Trustful,Trustful,assigned rule,14,0.9285714285714286,0.4227571495297672,0.0,0.3473612121800553,0.4227571495297672,0.22837518378373275,0.22837518378373275,0.17445464791491358,0.0753959373497119
266,Envious,Envious,assigned rule,14,0.8571428571428571,0.6431976014712191,0.5926748580830219,0.5926748580830219,0.05052274338819718,0.3948950998563655,0.3948950998563655,0.4488156357251847,0.05052274338819718
270,Pessimist,Pessimist,assigned rule,16,0.8125,0.7412964801529259,0.5964100319374274,0.5964100319374274,0.14488644821549856,0.07540475784001921,0.49339272901036263,0.7412964801529259,0.14488644821549856
272,Trustful,Trustful,assigned rule,14,0.7857142857142857,0.8011200801483715,0.5576587869635174,0.5576587869635174,0.2434612931848541,0.21797418291026827,0.8011200801483715,0.8011200801483715,0.2434612931848541
275,Envious,Envious,assigned rule,14,0.8571428571428571,0.6431976014712191,0.0,0.6567174975287191,0.6431976014712191,0.25443366997915023,0.20051313411033106,0.3948950998563655,-0.013519896057500036
276,Envious,Envious,assigned rule,14,0.7857142857142857,0.8011200801483715,0.5316210743492117,0.6465953939518411,0.26949900579915986,0.4123561486563027,0.30451507691866436,0.8011200801483715,0.15452468619653048
277,Trustful,Trustful,assigned rule,14,0.7142857142857143,0.9146453914555226,0.5855416102180309,0.6465953939518411,0.32910378123749173,0.13472181549145734,0.9146453914555226,0.666342889840669,0.2680499975036815
278,Envious,Envious,assigned rule,13,0.7692307692307693,0.8348381080955067,0.5348053880935308,0.7340431162306799,0.3000327200019759,0.2342824913655649,0.41616925879635563,0.6255036834459312,0.10079499186482688
279,Envious,Envious,assigned rule,13,0.8461538461538461,0.6748704654821854,0.514446733748115,0.4793171172901092,0.16042373173407043,0.25620161618303433,0.36975815638364595,0.4655360408326099,0.19555334819207626
280,Trustful,Trustful,assigned rule,13,0.9230769230769231,0.44673183443267733,0.3331529226831764,0.3554986192565082,0.11357891174950091,0.44673183443267733,0.14161952533413785,0.1793291403859119,0.09123321517616911
281,Envious,Envious,assigned rule,12,0.9166666666666666,0.47392914367400724,0.33053833485675105,0.33053833485675105,0.1433908088172562,0.24715018363696709,0.47392914367400724,0.47392914367400724,0.1433908088172562
282,Envious,Envious,assigned rule,13,1.0,0.0,0.0,0.0,0.0,0.0,0.0,0.0,0.0
284,Pessimist,Pessimist,assigned rule,13,0.7692307692307693,0.8348381080955067,0.4289308071321404,0.5170267323418832,0.40590730096336636,0.6255036834459312,0.26232310495020184,0.3581009893991658,0.3178113757536235
285,Trustful,Trustful,assigned rule,13,0.6923076923076923,0.945979911022913,0.6005556167299418,0.8221390414404227,0.34542429429297117,0.46924279232657207,0.46924279232657207,0.46924279232657207,0.1238408695824903
286,Optimist,Optimist,assigned rule,13,0.8461538461538461,0.6748704654821854,0.47673711869634094,0.5348053880935308,0.1981333467858445,0.40746777143542,0.25620161618303433,0.4655360408326099,0.1400650773886546
287,Pessimist,Pessimist,assigned rule,13,0.7692307692307693,0.8348381080955067,0.5725150031453049,0.8776273122438444,0.26232310495020184,0.6255036834459312,0.6255036834459312,0.6255036834459312,-0.042789204148337645
288,Undefined,Trustful,best-fit rule (Undefined),13,0.6153846153846154,1.0167248755262976,0.8979859665892602,1.0014458102774453,0.11873890893703742,0.7493221814795322,0.5022781417781826,0.38872160157757096,0.015279065248852364
289,Envious,Envious,assigned rule,13,0.9230769230769231,0.44673183443267733,0.2674026940467654,0.2674026940467654,0.1793291403859119,0.23739740978310178,0.44673183443267733,0.44673183443267733,0.1793291403859119
291,Envious,Envious,assigned rule,13,0.9230769230769231,0.44673183443267733,0.0,0.3740813054246749,0.44673183443267733,0.44673183443267733,0.14161952533413785,0.44673183443267733,0.07265052900800245
292,Pessimist,Pessimist,assigned rule,13,0.7692307692307693,0.8348381080955067,0.6682928875942689,0.6963335011789058,0.16654522050123788,0.6255036834459312,0.6255036834459312,0.41616925879635563,0.13850460691660094
293,Envious,Envious,assigned rule,13,0.9230769230769231,0.44673183443267733,0.3554986192565082,0.3740813054246749,0.09123321517616911,0.14161952533413785,0.1793291403859119,0.44673183443267733,0.07265052900800245
297,Trustful,Trustful,assigned rule,13,0.6153846153846154,1.0167248755262976,0.5725150031453049,1.0014458102774453,0.44420987238099274,0.33065333218038107,0.7493221814795322,0.4819194874327668,0.015279065248852364
298,Optimist,Optimist,assigned rule,13,0.7692307692307693,0.8348381080955067,0.610224618197079,0.8776273122438444,0.22461348989842778,0.41616925879635563,0.14876656474959027,0.6255036834459312,-0.042789204148337645
299,Trustful,Trustful,assigned rule,13,0.6923076923076923,0.945979911022913,0.7441398127431064,0.6963335011789058,0.20184009827980665,0.431533177274798,0.25990836767699654,0.527311061723762,0.2496464098440072
300,Envious,Envious,assigned rule,13,0.9230769230769231,0.44673183443267733,0.3051123090985395,0.3051123090985395,0.14161952533413785,0.44673183443267733,0.14161952533413785,0.23739740978310178,0.14161952533413785
302,Pessimist,Pessimist,assigned rule,13,0.6923076923076923,0.945979911022913,0.514446733748115,0.610224618197079,0.431533177274798,0.46924279232657207,0.46924279232657207,0.46924279232657207,0.33575529282583405
304,Envious,Envious,assigned rule,13,0.9230769230769231,0.44673183443267733,0.3051123090985395,0.3051123090985395,0.14161952533413785,0.14161952533413785,0.1793291403859119,0.44673183443267733,0.14161952533413785
305,Pessimist,Pessimist,assigned rule,13,0.7692307692307693,0.8348381080955067,0.8399176971920703,0.8679583107767073,-0.005079589096563586,0.14876656474959027,0.6255036834459312,0.41616925879635563,-0.03312020268120053
306,Pessimist,Pessimist,assigned rule,13,0.6153846153846154,1.0167248755262976,0.9356955816410343,0.9356955816410343,0.08102929388526336,0.38614160298380285,0.5399877568299567,1.0167248755262976,0.08102929388526336
308,Envious,Envious,assigned rule,18,1.0,0.0,0.0,0.0,0.0,0.0,0.0,0.0,0.0
310,Envious,Envious,assigned rule,18,0.7777777777777778,0.804279368755536,0.5301422506110465,0.5937670854847497,0.2741371181444895,0.4327345054930085,0.45996922747484525,0.804279368755536,0.2105122832707863
311,Pessimist,Pessimist,assigned rule,18,0.8888888888888888,0.5433331970225614,0.46329399961826245,0.5107802758556704,0.08003919740429899,0.35020902909989754,0.10261541721356005,0.19902305574187074,0.03255292116689101
312,Optimist,Optimist,assigned rule,18,0.7222222222222222,0.8924800408963943,0.5301422506110465,0.6435780272758476,0.36233779028534785,0.17662503635317617,0.39698392625767687,0.2038597583350129,0.24890201362054676
313,Envious,Envious,assigned rule,16,0.8125,0.7412964801529259,0.7586381882731585,0.7767940667389907,-0.017341708120232613,0.24548897786779933,0.10604382006958557,0.3539475712121489,-0.03549758658606472
314,Optimist,Optimist,assigned rule,16,0.8125,0.7412964801529259,0.7296135978537739,0.7477694763196059,0.011682882299152042,0.1838633511843688,0.524031791239929,0.3539475712121489,-0.006472996166679956
315,Pessimist,Pessimist,assigned rule,16,0.75,0.856362344486913,0.6679879711703435,0.86871125342769,0.18837437331656948,0.39743549631321995,0.46901343554613595,0.26829015328878947,-0.012348908940777004
316,Envious,Envious,assigned rule,16,0.9375,0.382374286644794,0.2172646889129969,0.2479037511425633,0.1651095977317971,0.1651095977317971,0.21229006661701388,0.382374286644794,0.1344705355022307
317,Pessimist,Pessimist,assigned rule,16,0.8125,0.7412964801529259,0.5880721911981235,0.6352526600833404,0.15322428895480245,0.4011280400973657,0.4011280400973657,0.23518916309401616,0.10604382006958557
318,Trustful,Trustful,assigned rule,16,0.625,0.9995182229527452,0.819829192599777,0.819829192599777,0.17968903035296813,0.44208509398418805,0.2392655628694048,0.21857881318932393,0.17968903035296813
320,Trustful,Trustful,assigned rule,16,0.5625,1.0337836283162776,0.6601319074782945,0.8302161275060747,0.37365172083798304,0.3985309682329372,0.27562721709037397,0.6936151882607173,0.20356750081020292
321,Optimist,Optimist,assigned rule,16,0.6875,0.9411224525623375,0.7358551897356411,0.860855189735641,0.20526726282669638,0.2586893235937804,0.523134481391994,0.7710382325345574,0.0802672628266965
322,Optimist,Optimist,assigned rule,16,0.6875,0.9411224525623375,0.774697817881554,0.8074331289685571,0.1664246346807835,0.26078557245121703,0.7710382325345574,0.5537735436215605,0.13368932359378038
323,Optimist,Optimist,assigned rule,16,0.8125,0.7412964801529259,0.7068305993162562,0.7540110682014731,0.03446588083666968,0.524031791239929,0.4011280400973657,0.10604382006958557,-0.012714588048547193
324,Optimist,Optimist,assigned rule,16,0.75,0.856362344486913,0.6824331289685571,0.9712757571144699,0.17392921551835583,0.6084585933443496,0.46901343554613595,0.6390976555739161,-0.11491341262755694
325,Pessimist,Pessimist,assigned rule,16,0.75,0.856362344486913,0.565770969707861,0.637348908940777,0.29059137477905195,0.14329015328878947,0.25174874663313906,0.46901343554613595,0.21901343554613595
326,Pessimist,Pessimist,assigned rule,14,0.9285714285714286,0.4227571495297672,0.2483025016148536,0.33010586073818615,0.17445464791491358,0.22837518378373275,0.17445464791491358,0.1394385767954091,0.09265128879158102
328,Envious,Envious,assigned rule,16,0.8125,0.7412964801529259,0.45072328225734654,0.6679879711703435,0.2905731978955794,0.300525510445065,0.1838633511843688,0.5712122601251458,0.07330850898258245
329,Optimist,Optimist,assigned rule,18,0.7222222222222222,0.8924800408963943,0.839806255919408,0.9800154213300776,0.05267378497698627,0.17662503635317617,0.17662503635317617,0.43892212082231397,-0.08753538043368325
330,Envious,Envious,assigned rule,18,0.9444444444444444,0.3496182913972408,0.0,0.25674900279636703,0.3496182913972408,0.15649412347457692,0.3496182913972408,0.10900784723716894,0.09286928860087379
331,Envious,Envious,assigned rule,18,1.0,0.0,0.0,0.0,0.0,0.0,0.0,0.0,0.0
332,Optimist,Optimist,assigned rule,18,0.9444444444444444,0.3496182913972408,0.2203588899045007,0.24061044416007188,0.12925940149274012,0.15649412347457692,0.19843231803921405,0.15649412347457692,0.10900784723716894
333,Pessimist,Pessimist,assigned rule,18,0.6666666666666666,0.9583706963014053,0.7177183368609397,1.0515130034302413,0.2406523594404656,0.6140605550207145,0.2844538863228242,0.26975041374002384,-0.09314230712883609
334,Pessimist,Pessimist,assigned rule,18,0.7222222222222222,0.8924800408963943,0.6564181675409264,0.9329573913568963,0.2360618733554679,0.3678858719581186,0.47899698306922966,0.6721211509918936,-0.04047735046050194
335,Undefined,Envious,best-fit rule (Undefined),18,0.7777777777777778,0.804279368755536,0.5245941689382757,0.5665323635029129,0.27968519981726025,0.3907963109283713,0.49449600804899013,0.41803103291020816,0.23774700525262304
336,Envious,Envious,assigned rule,18,0.9444444444444444,0.3496182913972408,0.1931241679226639,0.2203588899045007,0.15649412347457692,0.15649412347457692,0.12925940149274012,0.3496182913972408,0.12925940149274012
337,Undefined,Envious,best-fit rule (Undefined),18,0.7777777777777778,0.804279368755536,0.5029075286292097,0.5301422506110465,0.30137184012632623,0.5019074220394824,0.26129697787941053,0.3705447566728002,0.2741371181444895
338,Undefined,Trustful,best-fit rule (Undefined),18,0.5555555555555556,1.0311509220851378,0.6435780272758476,0.7947640006338743,0.38757289480929025,0.8799649487271111,0.37705742009790133,0.597416310002402,0.2363869214512635
339,Optimist,Optimist,assigned rule,18,0.8888888888888888,0.5433331970225614,0.1931241679226639,0.4973594469564389,0.35020902909989754,0.35020902909989754,0.32297430711806074,0.2409612503065079,0.04597375006612253
340,Pessimist,Pessimist,assigned rule,17,0.8823529411764706,0.5649915816219103,0.23332117754594192,0.36653661910420116,0.3316704040759684,0.5649915816219103,0.40491231571341135,0.40491231571341135,0.19845496251770917
341,Undefined,Envious,best-fit rule (Undefined),15,0.8666666666666667,0.6145993412492041,0.26443066788540087,0.26443066788540087,0.35016867336380325,0.25175300518993987,0.6145993412492041,0.433176173219572,0.35016867336380325
342,Pessimist,Pessimist,assigned rule,13,0.6153846153846154,1.0167248755262976,0.8475996564312914,0.853398422714784,0.16912521909500622,0.44420987238099274,0.2929437171286071,0.38872160157757096,0.1633264528115136
343,Envious,Envious,assigned rule,15,0.8666666666666667,0.6145993412492041,0.2317490015071967,0.5288613357708017,0.38285033974200744,0.11841967185660651,0.38285033974200744,0.25175300518993987,0.08573800547840238
344,Undefined,Envious,best-fit rule (Undefined),15,0.8,0.7700179295836611,0.5791871692483663,0.6228553047186058,0.19083076033529478,0.5055872616982602,0.2257484254947647,0.2738382601910635,0.14716262486505527
345,Pessimist,Pessimist,assigned rule,15,0.7333333333333333,0.884730576637466,0.7522305360064796,0.878906171332488,0.13250004063098642,0.3404610725485696,0.3885509072448684,0.3404610725485696,0.005824405304977964
346,Envious,Envious,assigned rule,15,0.8666666666666667,0.6145993412492041,0.26443066788540087,0.445853835915033,0.35016867336380325,0.433176173219572,0.433176173219572,0.20142717171237529,0.1687455053341711
347,Envious,Envious,assigned rule,15,0.9333333333333333,0.40144916971772016,0.2317490015071967,0.28873253299208623,0.16970016821052344,0.22002600168808803,0.22002600168808803,0.22002600168808803,0.11271663672563392
348,Pessimist,Pessimist,assigned rule,15,0.6,1.0190404291509674,0.6034890343550516,0.6604725658399412,0.41555139479591574,0.6058682596141385,0.4244450915845064,0.5731865932359343,0.3585678633110262
349,Optimist,Optimist,assigned rule,15,0.7333333333333333,0.884730576637466,0.701904702528915,0.8640516028975553,0.182825874108551,0.12412023935946759,0.5766317732818256,0.33156737575997897,0.020678973739910678
350,Envious,Envious,assigned rule,15,1.0,0.0,0.0,0.0,0.0,0.0,0.0,0.0,0.0
351,Pessimist,Pessimist,assigned rule,15,0.6666666666666666,0.9663856687507884,0.6361707007332558,0.9115878377106923,0.3302149680175326,0.33910866480612323,0.37179033118432736,0.3214644977067628,0.05479783104009606
352,Optimist,Optimist,assigned rule,15,0.6666666666666666,0.9663856687507884,0.5791871692483663,0.6798388362034955,0.387198499502422,0.6035393326915242,0.3214644977067628,0.37179033118432736,0.28654683254729285
353,Pessimist,Pessimist,assigned rule,15,0.8,0.7700179295836611,0.36284633605926425,0.6034890343550516,0.40717159352439686,0.3241640936686281,0.3065199265692677,0.40717159352439686,0.16652889522860947
354,Trustful,Trustful,assigned rule,15,0.8,0.7700179295836611,0.41317216953682884,0.8285803378549234,0.35684576004683227,0.35684576004683227,0.2257484254947647,0.35684576004683227,-0.058562408271262245
355,Optimist,Optimist,assigned rule,15,0.5333333333333333,1.0448814666779354,0.0,0.31475650136296546,1.0448814666779354,1.0448814666779354,0.21853712760427768,0.8634582986483033,0.73012496531497
356,Pessimist,Pessimist,assigned rule,15,0.7333333333333333,0.884730576637466,0.7279286708997943,0.7849122023846838,0.15680190573767172,0.23980940559344044,0.5218842405782018,0.5218842405782018,0.09981837425278217
358,Pessimist,Pessimist,assigned rule,15,0.6,1.0190404291509674,0.7301646696810601,0.7301646696810601,0.2888757594699073,0.29334775703243887,0.6058682596141385,0.6058682596141385,0.2888757594699073
359,Pessimist,Pessimist,assigned rule,15,0.9333333333333333,0.40144916971772016,0.26443066788540087,0.28873253299208623,0.13701850183231928,0.40144916971772016,0.13701850183231928,0.40144916971772016,0.11271663672563392
360,Undefined,Envious,best-fit rule (Undefined),16,0.875,0.5886486632273765,0.5776852562918258,0.5776852562918258,0.010963406935550757,0.37138397431437964,0.24848022317181628,0.5886486632273765,0.010963406935550757
362,Envious,Envious,assigned rule,16,0.875,0.5886486632273765,0.46516844005556024,0.5185905008226441,0.12348022317181628,0.4185644431995964,0.20129975428659952,0.3179619135472957,0.0700581624047324
363,Undefined,Trustful,best-fit rule (Undefined),16,0.5625,1.0337836283162776,0.3894451577982137,0.6067098467112106,0.6443384705180639,0.6464347193755006,0.25908581043472356,0.6936151882607173,0.4270737816050669
365,Envious,Envious,assigned rule,16,1.0,0.0,0.0,0.0,0.0,0.0,0.0,0.0,0.0
366,Undefined,Trustful,best-fit rule (Undefined),16,0.5,1.0450842200277801,0.7830356586208579,1.1190587556519875,0.26204856140692223,0.2703864021462261,0.362651091059223,0.5348315599444398,-0.07397453562420742
367,Envious,Envious,assigned rule,16,0.8125,0.7412964801529259,0.7664942519652074,0.7664942519652074,-0.025197771812281444,0.08950241341393517,0.15322428895480245,0.3539475712121489,-0.025197771812281444
368,Envious,Envious,assigned rule,16,0.875,0.5886486632273765,0.387348908940777,0.387348908940777,0.20129975428659952,0.4185644431995964,0.10069722463429875,0.37138397431437964,0.20129975428659952
369,Optimist,Optimist,assigned rule,16,1.0,0.0,0.0,0.0,0.0,0.0,0.0,0.0,0.0
370,Trustful,Trustful,assigned rule,16,0.875,0.5886486632273765,0.2172646889129969,0.5413734993601617,0.37138397431437964,0.37138397431437964,0.4185644431995964,0.4185644431995964,0.047275163867214864
372,Envious,Envious,assigned rule,16,1.0,0.0,0.0,0.0,0.0,0.0,0.0,0.0,0.0
373,Envious,Envious,assigned rule,16,0.875,0.5886486632273765,0.0,0.45072328225734654,0.5886486632273765,0.5886486632273765,0.37138397431437964,0.37138397431437964,0.13792538097003
374,Optimist,Optimist,assigned rule,16,0.875,0.5886486632273765,0.4179879711703434,0.46516844005556024,0.1706606920570331,0.1541192854013827,0.1706606920570331,0.4185644431995964,0.12348022317181628
375,Envious,Envious,assigned rule,16,1.0,0.0,0.0,0.0,0.0,0.0,0.0,0.0,0.0
376,Envious,Envious,assigned rule,16,0.8125,0.7412964801529259,0.565770969707861,0.583926848173693,0.17552551044506493,0.524031791239929,0.4011280400973657,0.45245385200701305,0.15736963197923293
377,Envious,Envious,assigned rule,16,0.875,0.5886486632273765,0.387348908940777,0.5185905008226441,0.20129975428659952,0.4185644431995964,0.5886486632273765,0.5886486632273765,0.0700581624047324
378,Envious,Envious,assigned rule,16,1.0,0.0,0.0,0.0,0.0,0.0,0.0,0.0,0.0
379,Pessimist,Pessimist,assigned rule,18,0.7222222222222222,0.8924800408963943,0.73242180944374,0.8490810022276218,0.1600582314526543,0.35504573169303966,0.39698392625767687,0.5209351776338669,0.04339903866877248
380,Optimist,Optimist,assigned rule,18,0.7222222222222222,0.8924800408963943,0.8052794753452632,0.9785803352765827,0.08720056555113109,0.47899698306922966,0.21856323091781327,0.5901080941803407,-0.0861002943801884
381,Undefined,Envious,best-fit rule (Undefined),18,0.6666666666666666,0.9583706963014053,0.9163905864563744,1.0515130034302413,0.041980109845030866,0.8071847229433785,0.39370166511621385,0.6140605550207145,-0.09314230712883609
382,Envious,Envious,assigned rule,18,1.0,0.0,0.0,0.0,0.0,0.0,0.0,0.0,0.0
383,Pessimist,Pessimist,assigned rule,18,0.7222222222222222,0.8924800408963943,0.5029075286292097,0.5720804451756837,0.3895725122671846,0.8924800408963943,0.43892212082231397,0.5901080941803407,0.32039959572071064
384,Trustful,Trustful,assigned rule,18,0.7777777777777778,0.804279368755536,0.7721877808246133,0.7763757786960246,0.032091587930922705,0.3087832541168185,0.024799529338614734,0.2668450595521813,0.027903590059511374
385,Pessimist,Pessimist,assigned rule,18,0.6111111111111112,1.0041536270551445,0.5245941689382757,0.8288294479720508,0.47955945811686884,0.26804706825635516,0.6598434857744538,0.6179052912098167,0.17532417908309372
388,Trustful,Trustful,assigned rule,18,0.9444444444444444,0.3496182913972408,0.15118597335802678,0.15118597335802678,0.19843231803921405,0.3496182913972408,0.19843231803921405,0.3496182913972408,0.19843231803921405
389,Optimist,Optimist,assigned rule,18,0.6111111111111112,1.0041536270551445,0.5793725037679918,0.6435780272758476,0.4247811232871528,0.5431842929905719,0.13524931683617814,0.6579801534567324,0.360575599779297
390,Envious,Envious,assigned rule,18,0.7222222222222222,0.8924800408963943,0.7596565314255768,0.7265648369049268,0.13282350947081756,0.45874542881365854,0.13468684178853907,0.6518695967363224,0.16591520399146753
391,Pessimist,Pessimist,assigned rule,18,0.7222222222222222,0.8924800408963943,0.5029075286292097,0.5720804451756837,0.3895725122671846,0.6721211509918936,0.31310753712840256,0.5209351776338669,0.32039959572071064
392,Optimist,Optimist,assigned rule,18,0.7777777777777778,0.804279368755536,0.5665323635029129,0.6435780272758476,0.23774700525262304,0.19767214300570746,0.15759728075879176,0.4327345054930085,0.1607013414796884
393,Envious,Envious,assigned rule,18,0.8333333333333334,0.6900972838952698,0.6974667826053684,0.7223768390335155,-0.007369498710098621,0.256362671812534,0.19460116925655235,0.3457871426145791,-0.03227955513824565
394,Optimist,Optimist,assigned rule,17,0.7647058823529411,0.8295587932862386,0.43780559064052726,0.5613270888822846,0.39175320264571134,0.4205899670970679,0.39175320264571134,0.6250743801916533,0.26823170440395405
395,Optimist,Optimist,assigned rule,18,0.6666666666666666,0.9583706963014053,0.5937670854847497,0.8616122516266584,0.3646036108166556,0.6140605550207145,0.17334277521171326,0.2844538863228242,0.09675844467474681
396,Envious,Envious,assigned rule,15,0.8,0.7700179295836611,0.6798388362034955,0.6798388362034955,0.09017909338016561,0.2738382601910635,0.2257484254947647,0.3241640936686281,0.09017909338016561
397,Pessimist,Pessimist,assigned rule,15,0.7333333333333333,0.884730576637466,0.5288613357708017,0.8679197022404526,0.35586924086666427,0.290135239071005,0.4212325736230726,0.3885509072448684,0.016810874397013453
398,Pessimist,Pessimist,assigned rule,15,0.7333333333333333,0.884730576637466,0.7849122023846837,0.8612620042331276,0.09981837425278228,0.2071277392152363,0.18948357211587585,0.4715584071006372,0.023468572404338417
400,Envious,Envious,assigned rule,15,0.9333333333333333,0.40144916971772016,0.0,0.32420379803471827,0.40144916971772016,0.16970016821052344,0.16970016821052344,0.22002600168808803,0.07724537168300188
401,Optimist,Optimist,assigned rule,15,0.6666666666666666,0.9663856687507884,0.6798388362034955,0.9442695040888964,0.28654683254729285,0.19036716315469526,0.3214644977067628,0.19036716315469526,0.022116164661891924
402,Optimist,Optimist,assigned rule,15,0.8,0.7700179295836611,0.5204815344992829,0.555952799541915,0.2495363950843782,0.588594761554029,0.39827789673580616,0.7700179295836611,0.2140651300417461
403,Undefined,Envious,best-fit rule (Undefined),15,0.6,1.0190404291509674,0.7849122023846837,1.0958006044047521,0.23412822676628364,0.2430219235548743,0.6058682596141385,0.7546097612655664,-0.07676017525378476
404,Trustful,Trustful,assigned rule,15,0.6,1.0190404291509674,0.5204815344992829,1.02061930593734,0.49855889465168446,0.49855889465168446,0.29334775703243887,0.39176342520630225,-0.001578876786372696
405,Envious,Envious,assigned rule,15,0.6666666666666666,0.9663856687507884,0.8679197022404525,0.8796029976934711,0.0984659665103359,0.08971549619956609,0.651629167387823,0.7019550008653874,0.0867826710573173
406,Envious,Envious,assigned rule,15,0.8,0.7700179295836611,0.18142316802963213,0.553163200877487,0.588594761554029,0.40717159352439686,0.5382689280764644,0.35684576004683227,0.21685472870617406
407,Envious,Envious,assigned rule,15,0.6,1.0190404291509674,0.9663353704143158,1.0040426342382138,0.052705058736651544,0.704283927788002,0.1926960900773097,0.39176342520630225,0.014997794912753548
409,Optimist,Optimist,assigned rule,15,0.8666666666666667,0.6145993412492041,0.5056269660643504,0.5056269660643504,0.1089723751848537,0.1511013382348107,0.433176173219572,0.433176173219572,0.1089723751848537
411,Envious,Envious,assigned rule,14,0.7142857142857143,0.9146453914555226,0.63946214608685,0.7385208566520517,0.27518324536867256,0.4719609240946346,0.4719609240946346,0.4369448529751301,0.1761245348034709
412,Envious,Envious,assigned rule,16,0.625,0.9995182229527452,0.7296135978537739,1.0718782867667709,0.2699046250989713,0.22482040507119117,0.3949046250989713,0.6593497828971849,-0.07236006381402571
413,Undefined,Trustful,best-fit rule (Undefined),16,0.625,0.9995182229527452,0.8608551897356411,0.9858551897356411,0.13866303321710405,0.4892655628694048,0.3642655628694048,0.31708509398418805,0.013663033217104048
414,Envious,Envious,assigned rule,16,0.75,0.856362344486913,0.6679879711703435,0.9158917223129068,0.18837437331656948,0.3911939044313527,0.2211096844035726,0.6862781244591328,-0.05952937782599388
415,Pessimist,Pessimist,assigned rule,16,0.625,0.9995182229527452,0.8380721911981235,0.9947120303654093,0.1614460317546217,0.44208509398418805,0.1242178754188904,0.44208509398418805,0.0048061925873358335
416,Undefined,Envious,best-fit rule (Undefined),16,0.6875,0.9411224525623375,0.7664942519652074,0.7664942519652074,0.17462820059713013,0.1829660413364339,0.5537735436215605,0.7710382325345574,0.17462820059713013
417,Pessimist,Pessimist,assigned rule,13,0.6923076923076923,0.945979911022913,0.7340431162306799,0.7340431162306799,0.21193679479223315,0.25990836767699654,0.25990836767699643,0.7366454863733375,0.21193679479223315
418,Optimist,Optimist,assigned rule,16,0.6875,0.9411224525623375,0.5429879711703434,0.6435905008226441,0.39813448139199414,0.1664246346807835,0.5003514828544766,0.30586979247899715,0.2975319517396934
420,Undefined,Optimist,best-fit rule (Undefined),16,0.625,0.9995182229527452,0.6824331289685571,0.9863741896261056,0.31708509398418805,0.48716931401196817,0.40934978289718493,0.5649888451267513,0.013144033326639604
421,Envious,Envious,assigned rule,16,0.9375,0.382374286644794,0.2172646889129969,0.2479037511425633,0.1651095977317971,0.21229006661701388,0.1651095977317971,0.1651095977317971,0.1344705355022307
423,Envious,Envious,assigned rule,16,1.0,0.0,0.0,0.0,0.0,0.0,0.0,0.0,0.0
424,Optimist,Optimist,assigned rule,16,0.9375,0.382374286644794,0.0,0.2888426281459129,0.382374286644794,0.21229006661701388,0.1651095977317971,0.21229006661701388,0.09353165849888112
425,Envious,Envious,assigned rule,16,0.6875,0.9411224525623375,0.8246278103376292,0.8246278103376292,0.11649464222470829,0.2586893235937804,0.3571956043886445,0.30586979247899715,0.11649464222470829
426,Undefined,Envious,best-fit rule (Undefined),18,0.7222222222222222,0.8924800408963943,0.7435179727892816,0.8786403897631485,0.14896206810711277,0.2858728151465658,0.01073559041234906,0.7412940675383676,0.013839651133245812
427,Pessimist,Pessimist,assigned rule,18,0.8888888888888888,0.5433331970225614,0.26229708446913785,0.26229708446913785,0.2810361125534236,0.35020902909989754,0.19902305574187074,0.19902305574187074,0.2810361125534236
428,Trustful,Trustful,assigned rule,18,0.6111111111111112,1.0041536270551445,0.6435780272758476,0.9049855322447903,0.360575599779297,0.8110294591324807,0.4247811232871528,0.6598434857744538,0.09916809481035427
429,Optimist,Optimist,assigned rule,18,0.6666666666666666,0.9583706963014053,0.3917964175180987,0.6435780272758476,0.5665742787833066,0.6559987495853516,0.15309122095614203,0.6140605550207145,0.3147926690255577
431,Pessimist,Pessimist,assigned rule,18,0.6666666666666666,0.9583706963014053,0.9928555615951562,1.0515130034302413,-0.034484865293750944,0.5721223604560775,0.26975041374002395,0.6140605550207145,-0.09314230712883609
432,Trustful,Trustful,assigned rule,18,0.8333333333333334,0.6900972838952698,0.6813282239690732,0.6974667826053684,0.008769059926196587,0.22912794983069718,0.38772533717921626,0.15266297469191525,-0.007369498710098621
434,Pessimist,Pessimist,assigned rule,16,0.75,0.856362344486913,0.6886747208504242,0.8074331289685571,0.1676876236364887,0.6862781244591328,0.29892921551835583,0.5161939044313527,0.04892921551835583
436,Trustful,Trustful,assigned rule,16,0.8125,0.7412964801529259,0.46516844005556024,0.5964100319374274,0.2761280400973657,0.2761280400973657,0.5712122601251458,0.524031791239929,0.14488644821549856
437,Optimist,Optimist,assigned rule,16,0.8125,0.7412964801529259,0.4345293778259938,0.4345293778259938,0.3067671023269321,0.3539475712121489,0.49339272901036263,0.524031791239929,0.3067671023269321
439,Trustful,Trustful,assigned rule,15,1.0,0.0,0.0,0.0,0.0,0.0,0.0,0.0,0.0
440,Trustful,Trustful,assigned rule,15,0.6,1.0190404291509674,0.8352380358622484,0.9509272020962213,0.18380239328871895,0.6058682596141385,0.25843009187296895,0.6058682596141385,0.0681132270547461
441,Undefined,Trustful,best-fit rule (Undefined),15,0.6,1.0190404291509674,1.0233189018992055,0.9780186658673344,-0.004278472748238116,0.29334775703243887,0.2911117582511731,1.0190404291509674,0.04102176328363294
442,Envious,Envious,assigned rule,15,0.8,0.7700179295836611,0.4961796693925976,0.5078629648456161,0.2738382601910635,0.35684576004683227,0.5382689280764644,0.588594761554029,0.262154964738045
443,Envious,Envious,assigned rule,15,1.0,0.0,0.0,0.0,0.0,0.0,0.0,0.0,0.0
444,Trustful,Trustful,assigned rule,15,0.9333333333333333,0.40144916971772016,0.26443066788540087,0.26443066788540087,0.13701850183231928,0.40144916971772016,0.22002600168808803,0.40144916971772016,0.13701850183231928
445,Optimist,Optimist,assigned rule,15,0.7333333333333333,0.884730576637466,0.37174003284785495,0.6864965342108205,0.5129905437896111,0.884730576637466,0.23980940559344044,0.5218842405782018,0.19823404242664555
446,Undefined,Trustful,best-fit rule (Undefined),15,0.5333333333333333,1.0448814666779354,1.066987037369445,1.0996687037476491,-0.022105570691509646,0.054758126674006036,0.6731414338300804,0.73012496531497,-0.05478723706971378
447,Trustful,Trustful,assigned rule,15,0.8666666666666667,0.6145993412492041,0.4634980030143934,0.5204815344992829,0.1511013382348107,0.6145993412492041,0.433176173219572,0.20142717171237529,0.0941178067499212
448,Optimist,Optimist,assigned rule,15,0.8,0.7700179295836611,0.2317490015071967,0.6471571698252914,0.5382689280764644,0.5382689280764644,0.5382689280764644,0.35684576004683227,0.12286075975836974
449,Envious,Envious,assigned rule,15,0.8666666666666667,0.6145993412492041,0.4634980030143934,0.5531632008774872,0.1511013382348107,0.3258668082571179,0.25175300518993987,0.433176173219572,0.06143614037171696
450,Envious,Envious,assigned rule,15,0.8666666666666667,0.6145993412492041,0.3379908710694169,0.6024215389548178,0.27660847017978724,0.433176173219572,0.6145993412492041,0.433176173219572,0.012177802294386364
452,Pessimist,Pessimist,assigned rule,15,0.7333333333333333,0.884730576637466,0.41317216953682884,0.810936170755563,0.4715584071006372,0.23980940559344044,0.4715584071006372,0.7033074086078339,0.073794405881903
454,Undefined,Pessimist,best-fit rule (Undefined),15,0.6666666666666666,0.9663856687507884,0.8612620042331276,1.0930110057403244,0.10512366451766075,0.14004132967713068,0.37179033118432736,0.6035393326915242,-0.12662533698953604
455,Pessimist,Pessimist,assigned rule,15,0.7333333333333333,0.884730576637466,0.810936170755563,0.9115878377106922,0.073794405881903,0.1590379045189375,0.290135239071005,0.4715584071006372,-0.02685726107322617
456,Trustful,Trustful,assigned rule,15,0.7333333333333333,0.884730576637466,0.9160095369367514,0.9906372355210012,-0.03127896029928534,0.7033074086078339,0.5218842405782018,0.2071277392152363,-0.10590665888353523
457,Optimist,Optimist,assigned rule,15,0.8666666666666667,0.6145993412492041,0.5288613357708017,0.5531632008774872,0.08573800547840238,0.29984283988623867,0.38285033974200744,0.25175300518993987,0.06143614037171696
458,Undefined,Pessimist,best-fit rule (Undefined),15,0.4666666666666667,1.0448814666779354,0.9336537040361117,1.143336839217889,0.11122776264182366,0.3999602956339098,0.6820351306186712,0.6317092971411065,-0.09845537253995373
460,Trustful,Trustful,assigned rule,15,1.0,0.0,0.0,0.0,0.0,0.0,0.0,0.0,0.0
461,Envious,Envious,assigned rule,15,0.8,0.7700179295836611,0.26443066788540087,0.5791871692483663,0.5055872616982602,0.3241640936686281,0.2738382601910635,0.5382689280764644,0.19083076033529478
462,Undefined,Optimist,best-fit rule (Undefined),15,0.6,1.0190404291509674,0.9115878377106923,1.1433368392178889,0.10745259144027508,0.34143759172873767,0.20810425839540436,0.6058682596141385,-0.12429641006692149
463,Optimist,Optimist,assigned rule,15,0.6666666666666666,0.9663856687507884,0.6892861328752482,0.772293632731017,0.27709953587554015,0.37179033118432736,0.14004132967713068,0.37179033118432736,0.19409203601977132
464,Pessimist,Pessimist,assigned rule,15,0.6,1.0190404291509674,0.959677672406991,0.9752290672029066,0.0593627567439764,0.555542426136574,0.3741192581069418,0.7872914276437707,0.04381136194806079
465,Undefined,Trustful,best-fit rule (Undefined),15,0.5333333333333333,1.0448814666779354,0.8612620042331276,0.8744844721064289,0.18361946244480776,0.03711395957464547,0.26886296108184227,0.8634582986483033,0.17039699457150648
466,Undefined,Trustful,best-fit rule (Undefined),15,0.6,1.0190404291509674,0.6776028374222297,0.7849122023846838,0.34143759172873767,0.6058682596141385,0.4244450915845064,0.5731865932359343,0.23412822676628353
467,Optimist,Optimist,assigned rule,17,0.8235294117647058,0.7147270241606074,0.32800591133634266,0.3953733835555578,0.38672111282426475,0.3945684923436095,0.3057581979714367,0.5546477582521084,0.3193536406050496
469,Trustful,Trustful,assigned rule,17,0.7058823529411765,0.9164132552123273,0.9122953252517559,0.9122953252517559,0.004117929960571365,0.23169104439224508,0.551849576209243,0.711928842117742,0.004117929960571365
470,Undefined,Trustful,best-fit rule (Undefined),17,0.47058823529411764,1.0399347534540846,0.8775841213821713,0.9722688551725722,0.16235063207191325,0.1199184249869436,0.5152918085425013,0.6753710744510003,0.06766589828151237
471,Pessimist,Pessimist,assigned rule,17,0.5294117647058824,1.0399347534540846,0.6960620333207148,0.8869510037816872,0.3438727201333698,0.470886661356415,0.6021291628135573,0.3976447497189719,0.15298374967239736
472,Pessimist,Pessimist,assigned rule,17,0.5882352941176471,1.019850024613141,0.7258407054781602,0.7761202920824746,0.29400931913498085,0.30431810924058533,0.21748075496952946,0.49520707970155775,0.24372973253066643
474,Envious,Envious,assigned rule,17,1.0,0.0,0.0,0.0,0.0,0.0,0.0,0.0,0.0
475,Envious,Envious,assigned rule,17,0.9411764705882353,0.3651891659823677,0.23332117754594192,0.29822723917889726,0.1318679884364258,0.1318679884364258,0.20510990007386878,0.3651891659823677,0.06696192680347046
476,Envious,Envious,assigned rule,17,0.9411764705882353,0.3651891659823677,0.23332117754594192,0.23332117754594192,0.1318679884364258,0.1318679884364258,0.20510990007386878,0.20510990007386878,0.1318679884364258
477,Pessimist,Pessimist,assigned rule,17,0.5882352941176471,1.019850024613141,0.7428491769437412,0.8931525041169013,0.2770008476693998,0.29072266660697244,0.42196516806411477,0.859770758704642,0.12669752049623972
478,Envious,Envious,assigned rule,17,0.8823529411764706,0.5649915816219103,0.23332117754594192,0.43780559064052726,0.3316704040759684,0.40491231571341135,0.40491231571341135,0.20042790261882604,0.12718599098138306
479,Undefined,Envious,best-fit rule (Undefined),15,0.7333333333333333,0.884730576637466,0.445853835915033,0.5288613357708017,0.438876740722433,0.5218842405782018,0.6529815751302693,0.5218842405782018,0.35586924086666427
480,Pessimist,Pessimist,assigned rule,14,0.8571428571428571,0.6431976014712191,0.442684467360888,0.442684467360888,0.20051313411033106,0.6431976014712191,0.3948950998563655,0.359879028736861,0.20051313411033106
482,Undefined,Envious,best-fit rule (Undefined),15,0.8,0.7700179295836611,0.28873253299208623,0.5398478048628371,0.4812853965915749,0.17542259201720012,0.7700179295836611,0.17542259201720012,0.230170124720824
485,Envious,Envious,assigned rule,15,0.8,0.7700179295836611,0.6272770039446651,0.5968313363477268,0.14274092563899599,0.12509675853963553,0.3241640936686281,0.35684576004683227,0.17318659323593433
486,Optimist,Optimist,assigned rule,15,0.7333333333333333,0.884730576637466,0.6798388362034955,0.7396119663528128,0.20489174043397052,0.4715584071006372,0.2071277392152363,0.290135239071005,0.14511861028465323
487,Pessimist,Pessimist,assigned rule,15,0.8,0.7700179295836611,0.7102845038004338,0.7588882340138046,0.05973342578322727,0.042089258683866815,0.588594761554029,0.5382689280764644,0.011129695569856546
488,Envious,Envious,assigned rule,15,1.0,0.0,0.0,0.0,0.0,0.0,0.0,0.0,0.0
489,Optimist,Optimist,assigned rule,15,0.8666666666666667,0.6145993412492041,0.41540816831809463,0.41540816831809463,0.1991911729311095,0.433176173219572,0.433176173219572,0.20142717171237529,0.1991911729311095
490,Trustful,Trustful,assigned rule,15,0.8,0.7700179295836611,0.47015570102171833,0.8092140674913691,0.2998622285619428,0.5382689280764644,0.5382689280764644,0.40717159352439686,-0.03919613790770804
491,Envious,Envious,assigned rule,15,0.8666666666666667,0.6145993412492041,0.41317216953682884,0.5204815344992829,0.20142717171237529,0.38285033974200744,0.433176173219572,0.25175300518993987,0.0941178067499212
492,Trustful,Trustful,assigned rule,15,0.8666666666666667,0.6145993412492041,0.445853835915033,0.445853835915033,0.1687455053341711,0.6145993412492041,0.38285033974200744,0.433176173219572,0.1687455053341711
493,Optimist,Optimist,assigned rule,15,0.7333333333333333,0.884730576637466,0.2317490015071967,0.6798388362034955,0.6529815751302693,0.884730576637466,0.3404610725485696,0.290135239071005,0.20489174043397052
494,Trustful,Trustful,assigned rule,15,0.6,1.0190404291509674,0.5968313363477268,0.9115878377106923,0.4222090928032406,0.555542426136574,0.4725349262808052,0.6058682596141385,0.10745259144027508
495,Undefined,Optimist,best-fit rule (Undefined),18,0.5555555555555556,1.0311509220851378,0.7449530588427764,0.912705837101325,0.2861978632423614,0.4664818908999464,0.3425306395237565,0.14199505761060038,0.11844508498381279
496,Trustful,Trustful,assigned rule,18,0.6666666666666666,0.9583706963014053,0.5937670854847497,0.7966273329515958,0.3646036108166556,0.26975041374002384,0.35176347055157675,0.20057749719355,0.16174336334980943
497,Pessimist,Pessimist,assigned rule,18,0.8333333333333334,0.6900972838952698,0.30978336070654583,0.30978336070654583,0.380313923188724,0.4969731159726059,0.23467603150346805,0.42780019942613196,0.380313923188724
498,Optimist,Optimist,assigned rule,18,0.6666666666666666,0.9583706963014053,1.0422051701502857,1.0694398921321224,-0.08383447384888043,0.2844538863228242,0.1987141648758285,0.2425156917581871,-0.11106919583071717
499,Envious,Envious,assigned rule,18,0.8888888888888888,0.5433331970225614,0.2203588899045007,0.4006429175620858,0.32297430711806074,0.08236386295798886,0.3921472236645347,0.35020902909989754,0.14269027946047563
501,Trustful,Trustful,assigned rule,18,0.8888888888888888,0.5433331970225614,0.48122088832014376,0.5134980055927341,0.062112308702417685,0.171788333760034,0.12985013919539684,0.15708486117723364,0.02983519142982738
502,Optimist,Optimist,assigned rule,18,0.8333333333333334,0.6900972838952698,0.44987317071903093,0.6974667826053684,0.24022411317623887,0.38772533717921626,0.4969731159726059,0.38772533717921626,-0.007369498710098621
503,Pessimist,Pessimist,assigned rule,18,0.6111111111111112,1.0041536270551445,1.0330497792402562,1.0966746141139594,-0.028896152185111657,0.43948459586995314,0.27359514992912604,0.5086575124164271,-0.09252098705881484
504,Trustful,Trustful,assigned rule,18,1.0,0.0,0.0,0.0,0.0,0.0,0.0,0.0,0.0
505,Undefined,Envious,best-fit rule (Undefined),16,0.75,0.856362344486913,0.5102526600833404,0.7820348816831386,0.3461096844035726,0.6390976555739161,0.29892921551835583,0.26829015328878947,0.07432746280377434
506,Undefined,Pessimist,best-fit rule (Undefined),16,0.625,0.9995182229527452,0.8074331289685571,0.9884704384835421,0.19208509398418805,0.3949046250989713,0.6121693140119682,0.22482040507119117,0.01104778446920307
507,Trustful,Trustful,assigned rule,15,0.8,0.7700179295836611,0.5204815344992829,0.6471571698252914,0.2495363950843782,0.588594761554029,0.35684576004683227,0.5382689280764644,0.12286075975836974
508,Optimist,Optimist,assigned rule,16,0.875,0.5886486632273765,0.17008422002778012,0.2950842200277801,0.4185644431995964,0.4185644431995964,0.12348022317181628,0.4185644431995964,0.2935644431995964
509,Pessimist,Pessimist,assigned rule,16,0.5625,1.0337836283162776,0.6352526600833404,1.1113741896261056,0.3985309682329372,0.35135049934772045,0.8636994082884974,0.6464347193755006,-0.077590561309828
510,Optimist,Optimist,assigned rule,16,0.875,0.5886486632273765,0.0,0.474949254938879,0.5886486632273765,0.37138397431437964,0.37138397431437964,0.24848022317181628,0.1136994082884975
511,Pessimist,Pessimist,assigned rule,16,0.6875,0.9411224525623375,0.899697817881554,0.9158917223129066,0.0414246346807835,0.2752307302494308,0.3365088547085636,0.7710382325345574,0.0252307302494309
514,Envious,Envious,assigned rule,16,1.0,0.0,0.0,0.0,0.0,0.0,0.0,0.0,0.0
515,Envious,Envious,assigned rule,16,0.8125,0.7412964801529259,0.5061073170589098,0.7296135978537739,0.23518916309401616,0.5712122601251458,0.2761280400973657,0.3539475712121489,0.011682882299152042
516,Optimist,Optimist,assigned rule,16,0.6875,0.9411224525623375,0.8525173489963372,1.0019148193440364,0.08860510356600027,0.6460382325345574,0.5537735436215605,0.523134481391994,-0.06079236678169886
517,Optimist,Optimist,assigned rule,16,0.8125,0.7412964801529259,0.5574331289685571,0.512348908940777,0.1838633511843688,0.3539475712121489,0.3539475712121489,0.7412964801529259,0.22894757121214893
518,Pessimist,Pessimist,assigned rule,16,0.625,0.9995182229527452,0.7052161275060747,0.8546135978537739,0.2943020954466705,0.3949046250989713,0.6121693140119682,0.5815302517824017,0.14490462509897128
519,Pessimist,Pessimist,assigned rule,15,0.6666666666666666,0.9663856687507884,0.7849122023846837,0.8634980030143935,0.18147346636610462,0.5205318328357553,0.3214644977067628,0.5532134992139595,0.10288766573639485
520,Undefined,Envious,best-fit rule (Undefined),16,0.6875,0.9411224525623375,0.7664942519652074,0.8546135978537739,0.17462820059713013,0.3836893235937804,0.4225319517396934,0.9411224525623375,0.08650885470856362
521,Optimist,Optimist,assigned rule,16,0.75,0.856362344486913,0.4200842200277801,0.5450842200277801,0.43627812445913283,0.43837437331656953,0.5161939044313527,0.6390976555739161,0.31127812445913283
522,Envious,Envious,assigned rule,16,0.9375,0.382374286644794,0.2479037511425633,0.27068674968008083,0.1344705355022307,0.382374286644794,0.21229006661701388,0.21229006661701388,0.11168753696471317
523,Optimist,Optimist,assigned rule,15,0.8,0.7700179295836611,0.7606103372779984,0.7606103372779984,0.009407592305662682,0.17542259201720012,0.17542259201720012,0.40717159352439686,0.009407592305662682
524,Pessimist,Pessimist,assigned rule,15,0.5333333333333333,1.0448814666779354,0.9210351343824449,1.1527841358896416,0.12384633229549047,0.3999602956339098,0.7804507987925344,0.21853712760427768,-0.10790266921170621
525,Pessimist,Pessimist,assigned rule,15,0.6,1.0190404291509674,0.6449211710440256,1.0669870373694452,0.3741192581069418,0.2430219235548743,0.6058682596141385,0.34143759172873767,-0.04794660821847785
526,Pessimist,Pessimist,assigned rule,15,0.7333333333333333,0.884730576637466,0.5465055028701622,0.6034890343550516,0.3382250737673038,0.4212325736230726,0.2071277392152363,0.7033074086078339,0.2812415422824144
527,Optimist,Optimist,assigned rule,14,0.7857142857142857,0.8011200801483715,0.4777005384803925,0.6774670729182415,0.32341954166797904,0.6067381144023372,0.11013311117262992,0.35843561278748354,0.12365300723013006
528,Optimist,Optimist,assigned rule,15,0.6666666666666666,0.9663856687507884,0.8352380358622483,0.8679197022404525,0.13114763288854003,0.651629167387823,0.5205318328357553,0.37179033118432736,0.0984659665103359
529,Pessimist,Pessimist,assigned rule,15,0.6666666666666666,0.9663856687507884,0.7279286708997943,0.9442695040888964,0.23845699785099406,0.3214644977067628,0.6035393326915242,0.14004132967713068,0.022116164661891924
530,Undefined,Envious,best-fit rule (Undefined),15,0.8,0.7700179295836611,0.7345863689071193,0.8369601391264423,0.03543156067654185,0.588594761554029,0.35684576004683227,0.588594761554029,-0.06694220954278118
531,Undefined,Optimist,best-fit rule (Undefined),15,0.6666666666666666,0.9663856687507884,0.7522305360064796,0.8707093009048804,0.21415513274430875,0.6035393326915242,0.42211616466189195,0.7019550008653874,0.09567636784590794
533,Undefined,Trustful,best-fit rule (Undefined),15,0.6,1.0190404291509674,0.7396119663528128,0.9713609678600095,0.2794284627981546,0.18603839206998485,0.14237025659974512,0.7872914276437707,0.0476794612909579
534,Optimist,Optimist,assigned rule,15,1.0,0.0,0.0,0.0,0.0,0.0,0.0,0.0,0.0
536,Undefined,Pessimist,best-fit rule (Undefined),15,0.6,1.0190404291509674,0.8352380358622484,1.1323503701258533,0.18380239328871895,0.39176342520630225,0.29334775703243887,0.5731865932359343,-0.11330994097488589
537,Pessimist,Pessimist,assigned rule,15,0.6666666666666666,0.9663856687507884,0.4961796693925976,0.8707093009048803,0.47020599935819074,0.37179033118432736,0.2711386642291982,0.5532134992139595,0.09567636784590805
538,Pessimist,Pessimist,assigned rule,15,1.0,0.0,0.0,0.0,0.0,0.0,0.0,0.0,0.0
540,Trustful,Trustful,assigned rule,15,0.6,1.0190404291509674,0.7782545043773589,0.810936170755563,0.2407859247736085,0.4244450915845064,0.011272922047677492,0.6058682596141385,0.20810425839540436
541,Pessimist,Pessimist,assigned rule,16,0.6875,0.9411224525623375,0.8608551897356411,0.8608551897356411,0.08026726282669638,0.1664246346807835,0.3365088547085636,0.6009540125067773,0.08026726282669638
543,Trustful,Trustful,assigned rule,16,0.75,0.856362344486913,0.5901684400555602,0.7177836888034612,0.2661939044313527,0.2045682777479222,0.29892921551835583,0.42183296666091913,0.13857865568345173
544,Pessimist,Pessimist,assigned rule,16,0.6875,0.9411224525623375,0.8852526600833404,0.8852526600833404,0.05586979247899715,0.39813448139199414,0.012881821308653785,0.7710382325345574,0.05586979247899715
545,Undefined,Pessimist,best-fit rule (Undefined),16,0.5625,1.0337836283162776,0.7358551897356411,1.0553368801111205,0.29792843858063645,0.3985309682329372,0.35135049934772045,0.5686151882607173,-0.02155325179484291
546,Trustful,Trustful,assigned rule,16,0.75,0.856362344486913,0.6352526600833404,0.8136747208504242,0.2211096844035726,0.2211096844035726,0.25174874663313906,0.5161939044313527,0.0426876236364887
547,Optimist,Optimist,assigned rule,16,0.75,0.856362344486913,0.6824331289685571,0.9837589408782043,0.17392921551835583,0.028242465838275055,0.6862781244591328,0.6862781244591328,-0.1273965963912913
548,Trustful,Trustful,assigned rule,16,0.8125,0.7412964801529259,0.2479037511425633,0.2479037511425633,0.49339272901036263,0.3067671023269321,0.5712122601251458,0.7412964801529259,0.49339272901036263
549,Envious,Envious,assigned rule,16,0.8125,0.7412964801529259,0.34850628079486407,0.34850628079486407,0.39279019935806186,0.5712122601251458,0.3539475712121489,0.524031791239929,0.39279019935806186
552,Optimist,Optimist,assigned rule,16,0.8125,0.7412964801529259,0.5964100319374274,0.5964100319374274,0.14488644821549856,0.7412964801529259,0.13668288229915204,0.524031791239929,0.14488644821549856
553,Envious,Envious,assigned rule,16,0.875,0.5886486632273765,0.5061073170589098,0.5061073170589098,0.08254134616846676,0.4185644431995964,0.4185644431995964,0.4185644431995964,0.08254134616846676
554,Trustful,Trustful,assigned rule,14,0.6428571428571429,0.9918107815595227,0.8948978955666946,0.8948978955666946,0.0969128859928281,0.49520577832981555,0.7974288158134883,0.7974288158134883,0.0969128859928281
555,Undefined,Pessimist,best-fit rule (Undefined),16,0.5625,1.0337836283162776,1.0474808164190716,1.0474808164190714,-0.013697188102794078,0.6157956571459342,0.3041700304625037,0.6936151882607173,-0.013697188102793856
556,Trustful,Trustful,assigned rule,16,1.0,0.0,0.0,0.0,0.0,0.0,0.0,0.0,0.0
557,Envious,Envious,assigned rule,16,0.75,0.856362344486913,0.2950842200277801,0.7540110682014731,0.5612781244591328,0.26829015328878947,0.43837437331656953,0.29892921551835583,0.10235127628543983
558,Pessimist,Pessimist,assigned rule,17,0.8823529411764706,0.5649915816219103,0.27772632473202835,0.27772632473202835,0.28726525688988197,0.15602275543273963,0.28726525688988197,0.5649915816219103,0.28726525688988197
559,Envious,Envious,assigned rule,17,0.9411764705882353,0.3651891659823677,0.23332117754594192,0.23332117754594192,0.1318679884364258,0.20510990007386878,0.3651891659823677,0.1318679884364258,0.1318679884364258
560,Pessimist,Pessimist,assigned rule,17,0.7647058823529411,0.8295587932862386,0.27772632473202835,0.6945425304405438,0.5518324685542102,0.3493209955607418,0.39175320264571134,0.6250743801916533,0.1350162628456948
561,Pessimist,Pessimist,assigned rule,17,0.7647058823529411,0.8295587932862386,0.7096574759543277,0.8717096819639434,0.1199013173319109,0.10043143528007004,0.22970099663609556,0.5094002614692408,-0.04215088867770478
562,Trustful,Trustful,assigned rule,16,0.6875,0.9411224525623375,0.9837589408782044,0.9412899695983253,-0.04263648831586686,0.3836893235937804,0.13578557245121703,0.523134481391994,-0.00016751703598782974
563,Envious,Envious,assigned rule,17,0.7647058823529411,0.8295587932862386,0.7140124124923846,0.8043422097447284,0.11554638079385404,0.6250743801916533,0.11599981801479986,0.6694795273777396,0.02521658354151024
565,Envious,Envious,assigned rule,17,0.8823529411764706,0.5649915816219103,0.4148432656073986,0.4148432656073986,0.15014831601451173,0.24483304980491244,0.24483304980491244,0.40491231571341135,0.15014831601451173
566,Envious,Envious,assigned rule,14,0.8571428571428571,0.6431976014712191,0.5666371454687161,0.5926748580830219,0.07656045600250294,0.11157652712200739,0.6431976014712191,0.4488156357251847,0.05052274338819718
568,Envious,Envious,assigned rule,15,0.6666666666666666,0.9663856687507884,0.7849122023846837,0.8369601391264423,0.18147346636610462,0.5532134992139595,0.14004132967713068,0.7346366672435917,0.12942552962434606
569,Trustful,Trustful,assigned rule,15,0.8,0.7700179295836611,0.6604725658399412,0.6604725658399412,0.10954536374371993,0.3065199265692677,0.35684576004683227,0.40717159352439686,0.10954536374371993
570,Optimist,Optimist,assigned rule,15,0.7333333333333333,0.884730576637466,0.701904702528915,0.9906372355210012,0.182825874108551,0.7033074086078339,0.10871207104137293,0.7033074086078339,-0.10590665888353523
572,Trustful,Trustful,assigned rule,16,0.75,0.856362344486913,0.7233720059719067,0.8546135978537739,0.1329903385150063,0.46901343554613595,0.3911939044313527,0.856362344486913,0.0017487466331390644
574,Envious,Envious,assigned rule,16,0.9375,0.382374286644794,0.27068674968008083,0.27068674968008083,0.11168753696471317,0.1651095977317971,0.382374286644794,0.382374286644794,0.11168753696471317
575,Undefined,Optimist,best-fit rule (Undefined),16,0.5625,1.0337836283162776,0.8831564112259036,1.1331564112259036,0.15062721709037397,0.27562721709037397,0.04182112152172668,0.3985309682329372,-0.09937278290962603
576,Trustful,Trustful,assigned rule,16,1.0,0.0,0.0,0.0,0.0,0.0,0.0,0.0,0.0
577,Optimist,Optimist,assigned rule,16,0.625,0.9995182229527452,0.48795143859307777,0.5595293778259938,0.5115667843596674,0.9995182229527452,0.6121693140119682,0.5815302517824017,0.4399888451267514
578,Trustful,Trustful,assigned rule,16,0.625,0.9995182229527452,1.0697820379093341,1.131541939415722,-0.07026381495658895,0.5815302517824017,0.1776399361859744,0.3949046250989713,-0.13202371646297684
579,Trustful,Trustful,assigned rule,16,0.9375,0.382374286644794,0.27068674968008083,0.2888426281459129,0.11168753696471317,0.382374286644794,0.21229006661701388,0.21229006661701388,0.09353165849888112
580,Envious,Envious,assigned rule,16,1.0,0.0,0.0,0.0,0.0,0.0,0.0,0.0,0.0
